source_file,Algorithm,FunctionID,Function,__rows,FE__sum,FE__count,RestartIndex__sum,RestartIndex__count,RestartedParticles__sum,RestartedParticles__count,RestartRatio__sum,RestartRatio__count,Diversity__sum,Diversity__count,Stagnation__sum,Stagnation__count,BestFitnessAfterRestart__sum,BestFitnessAfterRestart__count,BestErrorAfterRestart__sum,BestErrorAfterRestart__count,FE__min,RestartIndex__min,RestartedParticles__min,RestartRatio__min,Diversity__min,Stagnation__min,BestFitnessAfterRestart__min,BestErrorAfterRestart__min,FE__max,RestartIndex__max,RestartedParticles__max,RestartRatio__max,Diversity__max,Stagnation__max,BestFitnessAfterRestart__max,BestErrorAfterRestart__max,FE__mean,RestartIndex__mean,RestartedParticles__mean,RestartRatio__mean,Diversity__mean,Stagnation__mean,BestFitnessAfterRestart__mean,BestErrorAfterRestart__mean
results\cec2017_ablation6\ablation6_restart_details.csv,ARPSO-EIS,1,F1,72047,14820457717,72047,86575669,72047,461698,72047,8477.911555735544,72047,3198.371631916024,72047,90208,72047,6677973765835.035,72047,6677966561135.035,72047,4110,1,2,0.0800004407208081,0.030311601799947,0,175.61243834689847,75.61243834689847,300000,2478,11,0.2060057484803387,0.0937992974901652,50,12484646016.790644,12484645916.790644,205705.41059308508,1201.6554332588448,6.408289033547545,0.11767195796820885,0.044392849555373905,1.252071564395464,92689130.23214062,92689030.23214062
results\cec2017_ablation6\ablation6_restart_details.csv,ARPSO-EIS,3,F3,63058,12299191141,63058,66320058,63058,411847,63058,7582.93514121389,63058,2772.5829433545446,63058,103894,63058,23425848.441676397,63058,4508448.441676397,63058,5360,1,3,0.0800034802118111,0.0315412443601633,0,331.81267378163903,31.812673781639035,300000,2176,10,0.1981360360949547,0.0911008297919942,50,2684.259236345345,2384.259236345345,195045.69033270958,1051.7310729804308,6.5312410796409655,0.12025334043600955,0.043968773880467896,1.6475942782834851,371.49685117949184,71.49685117949184
results\cec2017_ablation6\ablation6_restart_details.csv,ARPSO-EIS,4,F4,69013,13990988157,69013,79430411,69013,442782,69013,8133.286722343812,69013,3062.8500650373867,69013,101927,69013,58362918.64319741,69013,30757718.643197406,69013,4560,1,1,0.0800022357666637,0.0309510792027888,0,488.5512982520272,88.55129825202721,300000,2366,11,0.2019130931021512,0.0909382576180571,50,21108.01917580913,20708.01917580913,202729.74884442062,1150.9485314361064,6.41592163795227,0.11785151670473405,0.04438076978304648,1.476924637387159,845.6800695984439,445.6800695984439
results\cec2017_ablation6\ablation6_restart_details.csv,ARPSO-EIS,5,F5,75513,15803522994,75513,95812045,75513,519387,75513,9610.81434085855,75513,3254.048339805141,75513,99995,75513,37756522.220753826,75513,22.220753822633377,75513,2760,1,1,0.080001353608259,0.0244437222404419,0,500.0000001012833,1.0128331950909343e-07,300000,2944,13,0.2435601776611712,0.1153469693290856,50,500.0446568876236,0.044656887623546,209282.1500139049,1268.8152371114907,6.878113702276429,0.12727363951715,0.043092558099997895,1.32420907658284,500.00029426395224,0.0002942639522020497
results\cec2017_ablation6\ablation6_restart_details.csv,ARPSO-EIS,6,F6,67887,13727304326,67887,76858918,67887,439858,67887,8082.96296935768,67887,2998.565305238007,67887,110288,67887,484851974.5985346,67887,444119774.5985346,67887,4110,1,2,0.0800007010818526,0.0316371734635979,0,701.4319077981639,101.43190779816392,300000,2347,10,0.1975220898329734,0.0881947891548706,50,599810.1928691892,599210.1928691892,202208.14479944613,1132.159588728328,6.479267017249253,0.11906496043951979,0.044169948668198726,1.624582026013817,7142.044494506084,6542.044494506084
results\cec2017_ablation6\ablation6_restart_details.csv,ARPSO-EIS,7,F7,61939,13730845285,61939,64238180,61939,426709,61939,7891.415042229213,61939,2683.8810413481606,61939,128948,61939,54082312.56021035,61939,10725012.56021035,61939,2710,1,2,0.0800077965099954,0.0271412261930355,0,792.0,92.0,300000,2287,12,0.2262961523645723,0.109372379520282,50,1330.9811312513898,630.9811312513898,221683.35434863332,1037.1200697460404,6.889181291270443,0.1274062390776282,0.04333103604107526,2.081854728038877,873.1544351734827,173.1544351734828
results\cec2017_ablation6\ablation6_restart_details.csv,ARPSO-EIS,8,F8,70542,14419757580,70542,83104210,70542,461017,70542,8484.378674676009,70542,3107.177171566625,70542,90418,70542,56679867.95867509,70542,246267.95867509197,70542,4560,1,5,0.0800111367326155,0.0293760057916632,0,800.1792092863653,0.1792092863653351,300000,2636,11,0.2119935629333551,0.1020690780664544,50,826.8980781773631,26.89807817736312,204413.79008250404,1178.0812849082815,6.535354824076436,0.12027414412231024,0.04404719417604583,1.2817612202659407,803.4910827404253,3.491082740425448
results\cec2017_ablation6\ablation6_restart_details.csv,ARPSO-EIS,9,F9,37747,8446268794,37747,23968016,37747,224024,37747,4072.7751470280514,37747,1775.1222421182772,37747,100835,37747,-106116770.48684332,37747,1966431.8675782648,37747,2560,1,2,0.0800065641295376,0.0311540382515433,0,-6118.82705377616,0.0,300000,1488,11,0.2006141551901223,0.1228966830683434,50,6471.875807600814,5571.875807600814,223760.0019604207,634.9647919039924,5.934882242297401,0.10789665793382391,0.04702684298403256,2.6713381195856623,-2811.263689481106,52.0950504034298
results\cec2017_ablation6\ablation6_restart_details.csv,ARPSO-EIS,10,F10,50278,10754584410,50278,42368591,50278,310862,50278,5688.825258623124,50278,2281.8632234451766,50278,91737,50278,3294229050.7582464,50278,3243951050.7582464,50278,3310,1,1,0.0800007373215846,0.032390450233117,0,1766.3135151110878,766.3135151110878,300000,1833,10,0.1927011185080511,0.1095200479586491,50,878746.4952661721,877746.4952661721,213902.39090655954,842.6864831536656,6.182863280162298,0.11314740559734125,0.045384924289851955,1.824595250407733,65520.288212702304,64520.288212702304
results\cec2017_ablation6\ablation6_restart_details.csv,ARPSO-EIS,11,F11,63295,12041327244,63295,66863730,63295,429073,63295,7931.193010482811,63295,2736.021236206,63295,87819,63295,677673954164.3103,63295,677604329664.3103,63295,3260,1,5,0.0800060944453026,0.0306949402118956,0,18126.427177456604,17026.427177456604,300000,2278,11,0.2035523826438676,0.0939274419061129,50,1348717202.056279,1348716102.056279,190241.36573189034,1056.3824946678253,6.778939884667035,0.12530520594806557,0.04322649871563315,1.3874555652105223,10706595.373478321,10705495.373478321
results\cec2017_ablation6\ablation6_restart_details.csv,ARPSO-EIS,12,F12,62822,12017912800,62822,65889192,62822,417798,62822,7708.573195829997,62822,2740.8320568012,62822,91558,62822,190520674697.0122,62822,190445288297.0122,62822,3760,1,2,0.0800076375121768,0.0307365048801068,0,47888.886044588944,46688.886044588944,300000,2243,11,0.2032863687673161,0.0988838518840746,50,1096980540.1763384,1096979340.1763384,191301.02193499092,1048.8235331571743,6.650504600299258,0.12270499499904487,0.04362853867755245,1.4574193753780522,3032706.29233409,3031506.29233409
results\cec2017_ablation6\ablation6_restart_details.csv,ARPSO-EIS,13,F13,43644,9381705217,43644,32031073,43644,256861,43644,4674.324957844581,43644,2034.2508968145437,43644,85943,43644,5895608539.427985,43644,5838871339.427985,43644,3110,1,2,0.0800010491263442,0.034367888156452,0,25263.76736203508,23963.76736203508,300000,1636,10,0.1866666666666666,0.1199418538840761,50,10904094.933429416,10902794.933429416,214959.79325909633,733.916987443864,5.885367977270644,0.10710120423986301,0.046610092952399956,1.9691824763999632,135084.0559854272,133784.0559854272
results\cec2017_ablation6\ablation6_restart_details.csv,ARPSO-EIS,14,F14,62293,11979120776,62293,64779127,62293,406168,62293,7477.7057792101,62293,2745.912156751612,62293,100684,62293,31459150423.240482,62293,31371940223.240482,62293,3260,1,1,0.0800142178404189,0.0313739717308587,0,22757.21844100805,21357.21844100805,300000,2243,10,0.1992065809225043,0.0959411095212381,50,257448531.78982472,257447131.78982472,192302.83942015958,1039.9102146308574,6.5202831778851555,0.1200408678215867,0.04408058942018545,1.6162971762477325,505019.02979854046,503619.02979854046
results\cec2017_ablation6\ablation6_restart_details.csv,ARPSO-EIS,15,F15,49765,10453233321,49765,41978827,49765,325862,49765,6004.348318817722,49765,2196.3010739265947,49765,91685,49765,4423305323.119813,49765,4349195796.218359,49765,3610,1,1,0.0800003578717215,0.0306373968141149,0,939.7790460813214,0.0,300000,1921,11,0.2039206603896643,0.1037901054132549,50,29118527.06328212,29117027.06328212,210051.91039887472,843.5411835627449,6.548015673666232,0.12065404036607501,0.0441334486873625,1.8423590877122475,88883.86060725033,87394.67087749139
results\cec2017_ablation6\ablation6_restart_details.csv,ARPSO-EIS,16,F16,48822,10278990934,48822,40681489,48822,309934,48822,5692.398311342356,48822,2187.992967215162,48822,107947,48822,1495379800.0406225,48822,1417264600.0406225,48822,3010,1,4,0.0800065751085019,0.0323261066551646,0,1839.8336476328109,239.83364763281065,300000,1932,10,0.1931129174069462,0.1074185894802745,50,135306869.10530084,135305269.10530084,210540.14448404408,833.2614190324034,6.348244643808119,0.11659494308595214,0.04481571765218881,2.2110319118430217,30629.22043424322,29029.22043424322
results\cec2017_ablation6\ablation6_restart_details.csv,ARPSO-EIS,17,F17,44657,9653841123,44657,33685774,44657,263825,44657,4803.7519434583355,44657,2081.2398810060818,44657,113560,44657,3059112949.1263175,44657,2983196049.1263175,44657,3160,1,2,0.0800021464934303,0.0347986355589337,0,13071.973480944136,11371.973480944136,300000,1705,10,0.1866666666666666,0.116212094737913,50,4049406.630105048,4047706.630105048,216177.5561054258,754.3223682737308,5.907808406296885,0.10756996536843799,0.046605008867726935,2.5429383971157935,68502.42849108354,66802.42849108354
results\cec2017_ablation6\ablation6_restart_details.csv,ARPSO-EIS,18,F18,55519,11025869026,55519,51561048,55519,346748,55519,6358.425575136158,55519,2495.961632397718,55519,120989,55519,1236491447714.3403,55519,1236391513514.3403,55519,4310,1,1,0.0800160320447582,0.0313291022518357,0,12832.533859296736,11032.533859296736,300000,2076,10,0.1994937455882511,0.1077689964672106,50,87522305437.33908,87522303637.33908,198596.31884580053,928.709955150489,6.245573587420522,0.11452701913103906,0.0449568910174484,2.1792359372467085,22271500.706322886,22269700.706322886
results\cec2017_ablation6\ablation6_restart_details.csv,ARPSO-EIS,19,F19,52554,10951591346,52554,46513214,52554,326200,52554,5976.515353432318,52554,2385.1428998644324,52554,101734,52554,101031850.37105387,52554,5623649.32740779,52554,2960,1,3,0.0800041341829419,0.0301625734987056,0,1477.5505842299435,0.0,300000,2032,11,0.2069595296082837,0.109626678847217,50,6453.189852850809,4553.189852850809,208387.39859953572,885.0556380104274,6.206949042889219,0.11372141708399586,0.04538461201553511,1.9357993682688281,1922.4388318882268,107.00706563549474
results\cec2017_ablation6\ablation6_restart_details.csv,ARPSO-EIS,20,F20,71598,14659406740,71598,85520860,71598,454495,71598,8338.892264416805,71598,3191.006073756592,71598,99266,71598,180998404.2749909,71598,37802404.27499087,71598,3510,1,1,0.0800021935192456,0.030456443882998,0,2100.009544278468,100.00954427846771,300000,2510,11,0.2050787591488125,0.0921080337496274,50,11680.908682448116,9680.908682448116,204746.03676080337,1194.4587837649096,6.347872845610213,0.11646822906249903,0.04456836886165245,1.3864353752898126,2527.9812882341807,527.9812882341807
results\cec2017_ablation6\ablation6_restart_details.csv,ARPSO-EIS,21,F21,55445,10996989819,55445,51355723,55445,363473,55445,6694.534641480892,55445,2444.2795255875453,55445,114341,55445,-24237310.3045019,55445,1505580.6919037579,55445,3810,1,2,0.0800051279913019,0.0288675269745277,0,-4484.380945763046,0.0,300000,2032,11,0.2152478273630224,0.0935557387163103,50,2509.057680749023,409.0576807490229,198340.51436558753,926.246244025611,6.555559563531427,0.1207418999275118,0.04408476013324097,2.062241861303995,-437.14149706018395,27.154489889147044
results\cec2017_ablation6\ablation6_restart_details.csv,ARPSO-EIS,22,F22,70416,14366608203,70416,82822557,70416,459295,70416,8448.734078164101,70416,3097.0891741110936,70416,84405,70416,215394329.58897623,70416,60479129.58897622,70416,4560,1,5,0.08000052795892,0.0285176261615848,0,2400.000650090564,200.0006500905633,299994,2585,11,0.2174871925658569,0.0868341453234029,50,22020.775613139154,19820.775613139154,204024.76998125427,1176.1894597818678,6.522594296750738,0.11998315834702485,0.04398274787137999,1.1986622358554875,3058.8833445378355,858.8833445378355
results\cec2017_ablation6\ablation6_restart_details.csv,ARPSO-EIS,23,F23,72982,15017620970,72982,88865118,72982,472064,72982,8675.991406331063,72982,3224.241898233253,72982,86410,72982,207146308.40611535,72982,39287708.40611535,72982,4860,1,1,0.0800019348959656,0.0297560397837122,0,2500.004191490675,200.0041914906751,300000,2556,11,0.2095613453842417,0.0885735158362593,50,12705.14308547145,10405.14308547145,205771.5734016607,1217.6306212490751,6.4682250417911265,0.11887850985628048,0.044178590587175645,1.1839905730180045,2838.320522952445,538.3205229524451
results\cec2017_ablation6\ablation6_restart_details.csv,ARPSO-EIS,24,F24,64322,12603898623,64322,69002705,64322,419269,64322,7718.288016361943,64322,2831.8608087176362,64322,110942,64322,183187655.23743433,64322,28814855.237434335,64322,4360,1,2,0.0800005647787172,0.0314487631572105,0,2820.984375494614,420.9843754946141,300000,2208,10,0.1987279157938528,0.0942678669697533,50,3662.997301763106,1262.997301763106,195950.04233388265,1072.769892105345,6.518283013587886,0.11999452778772338,0.044026317725158366,1.7247908958054787,2847.9782226521925,447.97822265219264
results\cec2017_ablation6\ablation6_restart_details.csv,ARPSO-EIS,25,F25,77345,12469066059,77345,99837810,77345,523832,77345,9684.162228871424,77345,3322.262964330737,77345,114996,77345,259787019.64659944,77345,66424519.64659945,77345,605,1,3,0.080006643468527,0.0288102230719974,0,3326.8989463251487,826.8989463251487,300000,2679,11,0.2156145723392166,0.0559835911347056,50,3916.2199172209007,1416.2199172209007,161213.60215915702,1290.8114293102333,6.772667916478118,0.12520734667879532,0.042953816850872545,1.48679294072015,3358.808192470094,858.8081924700944
results\cec2017_ablation6\ablation6_restart_details.csv,ARPSO-EIS,26,F26,77113,12583736916,77113,99319086,77113,526211,77113,9733.89581134419,77113,3300.9907512321606,77113,111573,77113,242069718.77807078,77113,41575918.77807078,77113,1005,1,1,0.080013472376739,0.0282636720901492,0,3087.192293429093,487.1922934290928,300000,2704,11,0.2191124986230448,0.0684703370218787,50,3384.3309143039,784.3309143038996,163185.67447771452,1287.9681247001154,6.8238948037295915,0.12622898618059458,0.042807188816829336,1.4468766615227004,3139.1557685224384,539.1557685224382
results\cec2017_ablation6\ablation6_restart_details.csv,ARPSO-EIS,27,F27,67177,13049834321,67177,75413256,67177,433698,67177,7975.378794001806,67177,2966.1657654080273,67177,92960,67177,204688003.38622892,67177,23310103.386228915,67177,1655,1,1,0.080000120690826,0.0298467100387415,0,2700.021560464282,0.0215604642821745,300000,2467,11,0.2089810557520541,0.0869866976029988,50,3792.257744587776,1092.257744587776,194260.45106211948,1122.6052964556322,6.456048945323548,0.11872186602560111,0.04415448390681375,1.3838069577385117,3046.9953017584726,346.99530175847264
results\cec2017_ablation6\ablation6_restart_details.csv,ARPSO-EIS,28,F28,56437,11060302054,56437,53608578,56437,358297,56437,6582.105333447435,56437,2515.7908900984908,56437,96660,56437,140736137806.79755,56437,140578114206.79755,56437,2860,1,4,0.0800002427423466,0.0307019037240541,0,6371.267180729254,3571.2671807292536,300000,2274,11,0.2035078161660533,0.1136028442663304,50,3188725366.9239526,3188722566.9239526,195976.0804791183,949.8835515707781,6.348618813898684,0.11662748433558544,0.04457697769368483,1.7127062033772171,2493685.6637808094,2490885.6637808094
results\cec2017_ablation6\ablation6_restart_details.csv,ARPSO-EIS,29,F29,56179,11124518397,56179,52751678,56179,358431,56179,6586.318435347052,56179,2502.81427933215,56179,105600,56179,477972637416.4347,56179,477809718316.4347,56179,4010,1,1,0.080002482082102,0.0302777702126205,0,33342.10305670259,30442.10305670259,300000,2101,11,0.2062222706392286,0.1047232386750088,50,6213808351.921091,6213805451.921091,198019.16013100982,938.9928265010058,6.380159846205878,0.11723808603476481,0.04455070897189608,1.879705939941971,8508030.356831461,8505130.356831461
results\cec2017_ablation6\ablation6_restart_details.csv,ARPSO-Fixed,1,F1,52894,10949402980,52894,46659308,52894,528940,52894,10578.800000000001,52894,2308.945809049114,52894,70681,52894,4666701415935.803,52894,4666696126535.803,52894,4610,1,10,0.2,0.0312848793171138,0,103.42950965914268,3.429509659142681,299990,1796,10,0.2,0.0930343152648283,50,15109186822.314344,15109186722.314344,207006.5221008054,882.128559004802,10.0,0.2,0.043652319904887396,1.3362763262373805,88227424.96192011,88227324.96192011
results\cec2017_ablation6\ablation6_restart_details.csv,ARPSO-Fixed,3,F3,50195,10105212610,50195,42022956,50195,501950,50195,10039.0,50195,2212.258062907155,50195,78093,50195,18554199.098302208,50195,3495699.0983022056,50195,4260,1,10,0.2,0.0304233377651938,0,331.813682804646,31.81368280464602,300000,1708,10,0.2,0.0919937601312774,50,1965.810269520165,1665.8102695201655,201319.1076800478,837.1940631537005,10.0,0.2,0.04407327548375645,1.5557924096025502,369.64237669692614,69.64237669692609
results\cec2017_ablation6\ablation6_restart_details.csv,ARPSO-Fixed,4,F4,50827,10418862790,50827,43085319,50827,508270,50827,10165.400000000001,50827,2228.494808560063,50827,84297,50827,40440510.619672716,50827,20109710.619672712,50827,4210,1,10,0.2,0.031572618451529,0,501.485287413223,101.48528741322298,300000,1725,10,0.2,0.0919623414571197,50,17281.478184775802,16881.478184775802,204986.7745489602,847.6856591968835,10.0,0.20000000000000004,0.04384470475456083,1.658508273161902,795.6501587674409,395.65015876744076
results\cec2017_ablation6\ablation6_restart_details.csv,ARPSO-Fixed,5,F5,48524,10117670420,48524,39292367,48524,485240,48524,9704.800000000001,48524,2151.717756748808,48524,88584,48524,24262020.871897727,48524,20.871897726054257,48524,2660,1,10,0.2,0.0312362769281161,0,500.00000000943743,9.43742861636565e-09,300000,1685,10,0.2,0.1171846845359244,50,500.0467169300085,0.0467169300085288,208508.5817327508,809.7511952848075,10.0,0.2,0.04434337146048982,1.8255708515373836,500.00043013555614,0.0004301355561382874
results\cec2017_ablation6\ablation6_restart_details.csv,ARPSO-Fixed,6,F6,50215,10290474430,50215,42052358,50215,502150,50215,10043.0,50215,2193.484381087929,50215,83495,50215,373081159.25416636,50215,342952159.25416636,50215,3660,1,10,0.2,0.031671240985331,0,730.4520584611693,130.45205846116926,300000,1695,10,0.2,0.0861544162451037,50,822911.7926887082,822311.7926887082,204928.2969232301,837.446141591158,10.0,0.2,0.04368185564249585,1.6627501742507218,7429.675580088945,6829.675580088945
results\cec2017_ablation6\ablation6_restart_details.csv,ARPSO-Fixed,7,F7,57747,12914046570,57747,55900282,57747,577470,57747,11549.400000000001,57747,2502.4787671681547,57747,125280,57747,51374127.60218919,57747,10951227.602189189,57747,3110,1,10,0.2,0.0289685906186847,0,804.0,104.0,300000,2161,10,0.2,0.11097489424741,50,1339.6372553068925,639.6372553068925,223631.47124525948,968.0205378634388,10.0,0.20000000000000004,0.0433352168453453,2.1694633487453894,889.6414982975599,189.64149829755985
results\cec2017_ablation6\ablation6_restart_details.csv,ARPSO-Fixed,8,F8,51579,10664169730,51579,44377398,51579,515790,51579,10315.8,51579,2258.763365637853,51579,80636,51579,41382718.36267695,51579,119518.36267694505,51579,3810,1,10,0.2,0.0312145907963867,0,800.0000000016382,1.638227331568487e-09,300000,1771,10,0.2,0.1040201794691166,50,824.8271479459133,24.82714794591334,206754.1001182652,860.37724655383,10.0,0.19999999999999998,0.043792306280421356,1.5633494251536477,802.3171903812976,2.317190381297525
results\cec2017_ablation6\ablation6_restart_details.csv,ARPSO-Fixed,9,F9,51145,11502162200,51145,44029250,51145,511450,51145,10229.0,51145,2223.5197839527714,51145,105231,51145,-120839902.1620857,51145,2327875.2818669667,51145,2560,1,10,0.2,0.029485246065788,0,-5391.626111602844,0.0,300000,2097,10,0.2,0.1366659199950506,50,6320.97066764887,5420.97066764887,224893.18995014176,860.8710528888454,10.0,0.2,0.04347482224954094,2.057503177241177,-2362.6923875664424,45.515207388150685
results\cec2017_ablation6\ablation6_restart_details.csv,ARPSO-Fixed,10,F10,40773,8652493590,40773,27817129,40773,407730,40773,8154.6,40773,1865.5101880549441,40773,80761,40773,2868206334.701498,40773,2827433334.701498,40773,3360,1,10,0.2,0.0338649576780311,0,1777.2028081573897,777.2028081573897,300000,1622,10,0.2,0.1059959404268073,50,2019091.7029588963,2018091.7029588963,212211.35530866013,682.243862359895,10.0,0.2,0.04575356701873652,1.9807470630073822,70345.72718959846,69345.72718959846
results\cec2017_ablation6\ablation6_restart_details.csv,ARPSO-Fixed,11,F11,51539,10211941430,51539,44331383,51539,515390,51539,10307.800000000001,51539,2293.774240350911,51539,77276,51539,761832548319.4338,51539,761775855419.4338,51539,3260,1,10,0.2,0.0309780358211159,0,14879.409975909351,13779.409975909351,300000,1853,10,0.2,0.1027520973498646,50,1161761781.9943008,1161760681.9943008,198140.07702904596,860.1521760220415,10.0,0.2,0.04450560236618698,1.4993694095733328,14781671.12903692,14780571.12903692
results\cec2017_ablation6\ablation6_restart_details.csv,ARPSO-Fixed,12,F12,51607,10191983390,51607,44487284,51607,516070,51607,10321.400000000001,51607,2297.192511724892,51607,74873,51607,155794135021.94147,51607,155732206621.94147,51607,3960,1,10,0.2,0.0312356180842371,0,12173.617179839952,10973.617179839952,300000,1900,10,0.2,0.0986862466890579,50,494331746.3152689,494330546.3152689,197492.26635921485,862.0397232933517,10.0,0.20000000000000004,0.044513196111475035,1.4508303137171314,3018856.647779206,3017656.647779206
results\cec2017_ablation6\ablation6_restart_details.csv,ARPSO-Fixed,13,F13,32234,6870425370,32234,17466872,32234,322340,32234,6446.8,32234,1502.0338160253536,32234,82928,32234,5104552649.759687,32234,5062648449.759687,32234,2860,1,10,0.2,0.033924573502011,0,10435.14949134025,9135.14949134025,300000,1333,10,0.2,0.1152168092367625,50,8897076.655873362,8895776.655873362,213142.19054414594,541.8772724452441,10.0,0.2,0.04659781026324234,2.5726872246696035,158359.26815659512,157059.26815659512
results\cec2017_ablation6\ablation6_restart_details.csv,ARPSO-Fixed,14,F14,50565,10001593030,50565,42679578,50565,505650,50565,10113.0,50565,2272.0205494040024,50565,74644,50565,36697655321.08344,50565,36626864321.08344,50565,3560,1,10,0.2,0.0298277241244556,0,38071.25844791563,36671.25844791563,300000,1841,10,0.2,0.1039928774774606,50,193978048.44268444,193976648.44268444,197796.7572431524,844.0537525956689,10.0,0.2,0.04493267179677647,1.476198951844161,725752.1076057241,724352.1076057241
results\cec2017_ablation6\ablation6_restart_details.csv,ARPSO-Fixed,15,F15,42652,8814622830,42652,30598923,42652,426520,42652,8530.4,42652,1899.7473731888358,42652,73701,42652,6785998443.378104,42652,6722024899.047137,42652,3310,1,10,0.2,0.0300375124658123,0,1423.3268497109236,0.0,300000,1607,10,0.2,0.1036534628659692,50,27781821.83779339,27780321.83779339,206663.76324674106,717.4088671105693,10.0,0.19999999999999998,0.044540639904080366,1.7279611741536154,159101.52966749753,157601.63413315054
results\cec2017_ablation6\ablation6_restart_details.csv,ARPSO-Fixed,16,F16,42036,8721094780,42036,29706813,42036,420360,42036,8407.2,42036,1900.3383508628249,42036,100769,42036,1361089593.061236,42036,1293831993.061236,42036,2960,1,10,0.2,0.0297617524596263,0,1644.8998877175438,44.89988771754384,300000,1757,10,0.2,0.0999075945214275,50,81178350.79130095,81176750.79130095,207467.28470834522,706.6993291464458,10.0,0.2,0.04520740200929738,2.3972071557712438,32379.141523009705,30779.141523009705
results\cec2017_ablation6\ablation6_restart_details.csv,ARPSO-Fixed,17,F17,35928,7667839500,35928,21560240,35928,359280,35928,7185.6,35928,1670.3472361861645,35928,104245,35928,2774537354.977993,35928,2713459754.977993,35928,2760,1,10,0.2,0.0329423037380426,0,16604.80722595789,14904.807225957891,300000,1298,10,0.2,0.1148434038799466,50,6254044.63377948,6252344.63377948,213422.38643954575,600.0957470496548,10.0,0.2,0.04649151737325107,2.901497439323091,77224.93194661525,75524.93194661525
results\cec2017_ablation6\ablation6_restart_details.csv,ARPSO-Fixed,18,F18,44066,8880796510,44066,32416971,44066,440660,44066,8813.2,44066,1986.2198451866282,44066,94098,44066,393565314712.18646,44066,393485995912.18646,44066,4610,1,10,0.2,0.0294843908646895,0,2094.0000346981,294.0000346981001,300000,1573,10,0.2,0.1063782202782521,50,14126029799.837317,14126027999.837317,201533.98334316706,735.6458721009395,10.0,0.2,0.045073749493637454,2.1353878273498843,8931269.339449609,8929469.339449609
results\cec2017_ablation6\ablation6_restart_details.csv,ARPSO-Fixed,19,F19,40085,8507647020,40085,27241627,40085,400850,40085,8017.0,40085,1852.1438326637842,40085,103114,40085,79751346.57058498,40085,6601798.9302812535,40085,3060,1,10,0.2,0.0305336015535513,0,1527.3433027924802,0.0,299990,1695,10,0.2,0.1052541479778493,50,6432.426277825044,4532.426277825044,212240.16514905824,679.5965323687165,10.0,0.2,0.04620540932178581,2.572383684670076,1989.555858066234,164.69499638970322
results\cec2017_ablation6\ablation6_restart_details.csv,ARPSO-Fixed,20,F20,52492,10767346960,52492,45958236,52492,524920,52492,10498.400000000001,52492,2302.1115011510196,52492,83257,52492,132712626.12778659,52492,27728626.1277866,52492,3960,1,10,0.2,0.031426750878382,0,2100.001131774521,100.00113177452111,300000,1803,10,0.2,0.0938315455483135,50,13562.637021407612,11562.637021407612,205123.5799740913,875.5283852777566,10.0,0.20000000000000004,0.04385642576299283,1.5860893088470625,2528.2448016418994,528.2448016418997
results\cec2017_ablation6\ablation6_restart_details.csv,ARPSO-Fixed,21,F21,48999,9894869100,48999,40062645,48999,489990,48999,9799.800000000001,48999,2168.2124239944806,48999,97066,48999,-27883672.46067208,48999,1838406.1444225074,48999,3810,1,10,0.2,0.0296847255400944,0,-7508.313110370747,0.0,300000,1747,10,0.2,0.0985484399315551,50,3173.330158639348,1073.3301586393482,201940.22531072062,817.6216861568604,10.0,0.2,0.04425013620674872,1.9809792036572176,-569.0661536086875,37.51925844246836
results\cec2017_ablation6\ablation6_restart_details.csv,ARPSO-Fixed,22,F22,51785,10700028800,51785,44731295,51785,517850,51785,10357.0,51785,2248.112336236552,51785,73113,51785,150270914.64572108,51785,36343914.6457211,51785,4410,1,10,0.2,0.0319188511405981,0,2300.000194732602,100.0001947326018,300000,1766,10,0.2,0.085496530802291,50,19275.128864599752,17075.128864599752,206624.09578063147,863.7886453606257,10.0,0.2,0.043412423215922605,1.411856715265038,2901.823204513297,701.8232045132972
results\cec2017_ablation6\ablation6_restart_details.csv,ARPSO-Fixed,23,F23,52847,10963353950,52847,46579385,52847,528470,52847,10569.400000000001,52847,2295.072256301891,52847,72402,52847,145788027.76880535,52847,24239927.768805347,52847,3810,1,10,0.2,0.0316462731990459,0,2500.0000051411384,200.00000514113844,300000,1786,10,0.2,0.0908675790983197,50,13310.85033908928,11010.85033908928,207454.6133176907,881.4007417639601,10.0,0.20000000000000004,0.043428619529999636,1.3700304653055047,2758.68124527041,458.6812452704098
results\cec2017_ablation6\ablation6_restart_details.csv,ARPSO-Fixed,24,F24,50168,10134144400,50168,41978695,50168,501680,50168,10033.6,50168,2220.6465812906895,50168,85197,50168,142623335.70000714,50168,22220135.70000715,50168,4360,1,10,0.2,0.0312956503546677,0,2821.0602735266666,421.0602735266666,300000,1735,10,0.2,0.0897824276780431,50,3453.7762196798094,1053.7762196798094,202004.15404241747,836.7623784085473,10.0,0.2,0.04426420390070741,1.698233933981821,2842.914521208881,442.9145212088812
results\cec2017_ablation6\ablation6_restart_details.csv,ARPSO-Fixed,25,F25,64237,10716010440,64237,68874959,64237,642370,64237,12847.400000000001,64237,2807.822016784356,64237,103937,64237,215972606.56969422,64237,55380106.569694236,64237,560,1,10,0.2,0.026825788194655,0,3325.9697233017405,825.9697233017405,300000,2220,10,0.2,0.061986320889179,50,3977.9616794590793,1477.9616794590793,166819.90815262232,1072.2007410059623,10.0,0.2,0.04371035410720233,1.6180238803181968,3362.121621023619,862.1216210236194
results\cec2017_ablation6\ablation6_restart_details.csv,ARPSO-Fixed,26,F26,62182,10673190930,62182,64576603,62182,621820,62182,12436.400000000001,62182,2719.359283490394,62182,107077,62182,194776125.5033102,62182,33102925.50331019,62182,710,1,10,0.2,0.0280268760709797,0,3054.903316010727,454.9033160107269,300000,2214,10,0.2,0.0670438551809048,50,3337.4844922621915,737.4844922621915,171644.38149303658,1038.509584767296,10.0,0.2,0.04373225826590322,1.7219935029429738,3132.3554324934903,532.3554324934898
results\cec2017_ablation6\ablation6_restart_details.csv,ARPSO-Fixed,27,F27,50850,10108115710,50850,43176881,50850,508500,50850,10170.0,50850,2253.0745345965324,50850,79100,50850,158201096.90502363,50850,20906096.905023646,50850,1410,1,10,0.2,0.0309366582114609,0,2713.186580676126,13.18658067612614,300000,1905,10,0.2,0.0861550994699876,50,4402.579176359139,1702.5791763591387,198783.00314650935,849.1028711897739,10.0,0.2,0.04430825043454341,1.5555555555555556,3111.1326824980065,411.1326824980068
results\cec2017_ablation6\ablation6_restart_details.csv,ARPSO-Fixed,28,F28,43306,8558919390,43306,31478744,43306,433060,43306,8661.2,43306,1922.8037388687806,43306,83012,43306,112587835549.17578,43306,112466578749.17578,43306,4760,1,10,0.2,0.0300879523252774,0,5769.351675829919,2969.3516758299197,300000,1775,10,0.2,0.1151080944036774,50,2205209991.6373177,2205207191.6373177,197638.18847272894,726.8910543573638,10.0,0.2,0.044400400380288654,1.91687064148155,2599820.7072732598,2597020.7072732598
results\cec2017_ablation6\ablation6_restart_details.csv,ARPSO-Fixed,29,F29,44836,8927183710,44836,33592636,44836,448360,44836,8967.2,44836,1999.7098613443413,44836,79035,44836,318248836739.43805,44836,318118812339.43805,44836,3560,1,10,0.2,0.0277681762795095,0,19077.636112586,16177.636112585998,300000,1638,10,0.2,0.1046151361150051,50,5060413033.581405,5060410133.581405,199107.496431439,749.2335623159961,10.0,0.2,0.044600541113041785,1.7627576054955838,7098064.875087832,7095164.875087832
results\cec2017_ablation6\ablation6_restart_details.csv,ARPSO-Global,1,F1,57597,11279535761,57597,55323410,57597,401599,57597,7441.0910637162215,57597,2456.973493684147,57597,78058,57597,14019418973873.496,57597,14019413214173.496,57597,4810,1,2,0.08001913123241,0.0272722761233697,0,101.9422515462375,1.9422515462375003,300000,1944,12,0.2254574328104336,0.0957822741878495,50,9965737598.719229,9965737498.719229,195835.47339271143,960.5258954459433,6.972568015695262,0.12919233751265208,0.04265801159234243,1.3552441967463582,243405367.88154757,243405267.88154757
results\cec2017_ablation6\ablation6_restart_details.csv,ARPSO-Global,3,F3,47750,9133168513,47750,38049490,47750,338760,47750,6282.639352780442,47750,2019.2759497863954,47750,82675,47750,19698210.4946722,47750,5373210.4946722025,47750,4160,1,2,0.0800042162947049,0.0269417338891763,0,333.3298986069208,33.32989860692078,300000,1717,12,0.2275729031092712,0.0922052617552682,50,1590.5186711426988,1290.5186711426988,191270.5447748691,796.8479581151832,7.094450261780104,0.13157359901110874,0.04228850156620723,1.7314136125654451,412.5279684748105,112.52796847481052
results\cec2017_ablation6\ablation6_restart_details.csv,ARPSO-Global,4,F4,56700,11093240270,56700,53618594,56700,385329,56700,7126.614052341445,56700,2448.9790355151326,56700,88925,56700,76068360.4845208,56700,53388360.48452079,56700,4260,1,2,0.0800053463859062,0.0268894009198481,0,448.75294312121787,48.75294312121787,300000,1928,12,0.2279078341129715,0.0875672104491165,50,17852.080837730467,17452.080837730467,195647.97654320986,945.6542151675485,6.795925925925926,0.1256898421929708,0.043191870114905336,1.568342151675485,1341.593659338991,941.5936593389911
results\cec2017_ablation6\ablation6_restart_details.csv,ARPSO-Global,5,F5,47576,9757866107,47576,37822815,47576,310952,47576,5726.642631625368,47576,2114.8676702960074,47576,91790,47576,23788014.76236017,47576,14.762360173870622,47576,3060,1,4,0.080003884785832,0.0282898780586236,0,500.000000102123,1.0212301049250529e-07,300000,1699,11,0.2189447804248089,0.1143644334355588,50,500.0448418456568,0.0448418456567765,205100.59918866656,794.9977930048764,6.5359004540104255,0.12036830821475887,0.04445240605128652,1.9293341180427106,500.0003102900658,0.0003102900658708303
results\cec2017_ablation6\ablation6_restart_details.csv,ARPSO-Global,6,F6,55461,10816715169,55461,51298113,55461,383820,55461,7106.900311214578,55461,2373.9288633108617,55461,90937,55461,1467196109.3906703,55461,1433919509.3906703,55461,4110,1,5,0.0800214680692129,0.0253338664863847,0,709.3893372255606,109.38933722556057,299998,1888,12,0.2378632544871375,0.0931561116726214,50,918523.5193883586,917923.5193883586,195032.81889976742,924.9402823605777,6.920538756964353,0.128142303802935,0.04280357121780822,1.6396566956960748,26454.555622701904,25854.555622701904
results\cec2017_ablation6\ablation6_restart_details.csv,ARPSO-Global,7,F7,45937,9857950247,45937,35213685,45937,334761,45937,6223.93714373674,45937,1942.7964666588334,45937,130043,45937,40352523.503527306,45937,8196623.503527303,45937,3110,1,5,0.0800269872605149,0.0262573550439947,0,812.0,112.0,300000,1613,12,0.2319529277184339,0.1101774156209504,50,1345.7746276851758,645.7746276851758,214597.17106036528,766.5647517251889,7.287393604284128,0.13548854177975792,0.04229262830961607,2.830898839715262,878.4318415117946,178.4318415117945
results\cec2017_ablation6\ablation6_restart_details.csv,ARPSO-Global,8,F8,55066,10934713911,55066,50588675,55066,369006,55066,6814.762410317026,55066,2398.3060311664676,55066,90641,55066,44167281.80526584,55066,114481.80526583905,55066,3710,1,2,0.0800070537773182,0.0267940746536791,0,800.0000001189086,1.1890858786500759e-07,300000,1895,12,0.2285179222164532,0.1064096204233591,50,818.7469589330135,18.746958933013502,198574.69057131442,918.6916609159917,6.701158609668398,0.12375626358037674,0.043553300242735404,1.6460429303018196,802.0789925773769,2.0789925773769484
results\cec2017_ablation6\ablation6_restart_details.csv,ARPSO-Global,9,F9,36946,8274937160,36946,22925459,36946,235583,36946,4324.977031272509,36946,1688.5666853837047,36946,100312,36946,-108654112.79601255,36946,2253783.6165877166,36946,2560,1,3,0.0800050907085131,0.0293597421334248,0,-5982.348645206344,0.0,300000,1408,11,0.2120976503460808,0.1425852239560865,50,6669.711586204253,5769.711586204253,223973.83099658962,620.5126130027608,6.37641422616792,0.11706211853170867,0.04570364005260934,2.7150977101716016,-2940.889752503994,61.00210081166342
results\cec2017_ablation6\ablation6_restart_details.csv,ARPSO-Global,10,F10,38089,7930086584,38089,24703647,38089,244435,38089,4494.265995125379,38089,1704.836134698483,38089,76709,38089,2927094679.770832,38089,2889005679.770832,38089,3310,1,1,0.0800019201204479,0.0297657071599517,0,2690.2442674824388,1690.2442674824388,300000,1439,11,0.2094994741763089,0.1084858857926554,50,885114.7471153052,884114.7471153052,208198.8653942083,648.5769382236341,6.417469610648744,0.11799380385742285,0.044759277867585996,2.0139410328441283,76848.81933815096,75848.81933815096
results\cec2017_ablation6\ablation6_restart_details.csv,ARPSO-Global,11,F11,45693,8552209923,45693,34868213,45693,343381,45693,6401.375098378138,45693,1874.0062641111047,45693,75712,45693,998883125490.4904,45693,998832863190.4904,45693,3960,1,5,0.0800020356634864,0.0265233461019168,0,15938.545220684346,14838.545220684346,299999,1663,12,0.2302505849477324,0.0979009497417431,50,1150837304.0903747,1150836204.0903747,187166.74157967305,763.0974766375593,7.5149585275643975,0.14009531215674476,0.04101298369796478,1.6569715273674304,21860747.280556984,21859647.280556984
results\cec2017_ablation6\ablation6_restart_details.csv,ARPSO-Global,12,F12,45166,8486340499,45166,34036001,45166,332180,45166,6182.732793128997,45166,1875.4259033058763,45166,76862,45166,561267209936.6683,45166,561213010736.6683,45166,3760,1,4,0.0800053254708416,0.0266478576767457,0,24254.39911465945,23054.39911465945,300000,1572,12,0.2294537108688272,0.0975326892955188,50,1187936630.500197,1187935430.500197,187892.23085949608,753.5757206748439,7.354647301067175,0.13688909341382893,0.041522957607622465,1.701766815746358,12426763.714667412,12425563.714667412
results\cec2017_ablation6\ablation6_restart_details.csv,ARPSO-Global,13,F13,27875,6094568620,27875,13023340,27875,164465,27875,2992.381314996562,27875,1313.0429594318987,27875,78420,27875,4044099166.838944,27875,4007861666.838944,27875,3110,1,4,0.0800010736194109,0.0342952372091331,0,6920.709411391703,5620.709411391703,300000,1058,10,0.1866666666666666,0.1186752149474656,50,7359489.874120113,7358189.874120113,218639.2330044843,467.2050224215247,5.900089686098655,0.10735000233171524,0.04710468015899188,2.813273542600897,145079.79073861684,143779.79073861684
results\cec2017_ablation6\ablation6_restart_details.csv,ARPSO-Global,14,F14,44825,8436638759,44825,33536577,44825,320035,44825,5943.617726876782,44825,1892.115186949935,44825,75993,44825,39061716700.47045,44825,38998961700.47045,44825,3060,1,2,0.080013926616698,0.0278930235743757,0,49421.91623626196,48021.91623626196,300000,1589,12,0.2214846491239953,0.0969060638986052,50,261133080.79491368,261131680.79491368,188212.79997769103,748.166804238706,7.139654210819855,0.1325960452175523,0.04221115866034434,1.6953262688232014,871427.0318007909,870027.0318007909
results\cec2017_ablation6\ablation6_restart_details.csv,ARPSO-Global,15,F15,39950,7797712357,39950,26814693,39950,281407,39950,5218.014099967498,39950,1703.6886530409645,39950,80376,39950,12640067545.776232,39950,12580351032.349163,39950,3760,1,1,0.0800087821062853,0.0270852184964186,0,925.7841432279656,0.0,300000,1577,12,0.2266546016229206,0.1069709914498445,50,82633548.61358245,82632048.61358245,195186.7924155194,671.2063329161451,7.043979974968711,0.13061361952359193,0.04264552323006169,2.0119148936170212,316397.18512581306,314902.40381349594
results\cec2017_ablation6\ablation6_restart_details.csv,ARPSO-Global,16,F16,38416,7718004427,38416,24699854,38416,261370,38416,4833.976685237691,38416,1670.0703599975784,38416,101305,38416,1096558483.9094648,38416,1035092883.9094648,38416,3260,1,4,0.0800081062837874,0.0290871734192335,0,1748.5080009434785,148.50800094347846,300000,1430,11,0.2138420901169053,0.1036253481396871,50,44125200.976254165,44123600.976254165,200905.9877915452,642.957465639317,6.803675551853394,0.1258323793533343,0.043473301749208104,2.6370522698875467,28544.31705303688,26944.31705303688
results\cec2017_ablation6\ablation6_restart_details.csv,ARPSO-Global,17,F17,31864,6787814779,31864,17023632,31864,193700,31864,3539.415540748669,31864,1477.6002135769904,31864,97511,31864,1928275467.0217588,31864,1874106667.0217588,31864,3510,1,5,0.0800050972261529,0.0337985590266253,0,11606.45446608525,9906.45446608525,299999,1221,10,0.1866666666666666,0.1144229589989257,50,5362391.667783499,5360691.667783499,213024.56625031383,534.259101180015,6.078960582475521,0.11107882063609933,0.04637208804848702,3.060224704996234,60515.80049654026,58815.80049654026
results\cec2017_ablation6\ablation6_restart_details.csv,ARPSO-Global,18,F18,40777,7901738801,40777,27765295,40777,273880,40777,5061.57806389892,40777,1777.1009355591016,40777,92645,40777,928931456678.4113,40777,928858058078.4113,40777,4110,1,4,0.0800005011091689,0.0292435844552213,0,14091.977081966828,12291.977081966828,300000,1447,11,0.2128410594865833,0.1125349823190686,50,58933226565.72009,58933224765.72009,193779.30698678177,680.9057802192413,6.716531377982687,0.12412826014417244,0.043580963179221166,2.2719915638717905,22780769.960477997,22778969.960477997
results\cec2017_ablation6\ablation6_restart_details.csv,ARPSO-Global,19,F19,38166,7908576070,38166,24497611,38166,238330,38166,4372.62864456108,38166,1736.8837868931862,38166,96347,38166,74193756.65889914,38166,5120577.795576125,38166,3560,1,1,0.0800011720341584,0.0307003258065881,0,1475.3249170011638,0.0,300000,1481,11,0.2035179148378356,0.1087857107728378,50,6559.409510806077,4659.409510806077,207215.219567154,641.870015196772,6.244563223811769,0.11456869057698162,0.04550866705688797,2.5244196405177384,1943.9751784022203,134.16595387455132
results\cec2017_ablation6\ablation6_restart_details.csv,ARPSO-Global,20,F20,55796,10794237482,55796,51965986,55796,379155,55796,7013.46747268764,55796,2407.6459534761298,55796,89621,55796,173744460.2001943,55796,62152460.200194284,55796,4010,1,5,0.0800033732438673,0.0265612811367705,0,2105.615645903281,105.61564590328088,299999,1945,12,0.2300078007246687,0.0911201042185648,50,19136.93668859416,17136.936688594156,193458.98419241523,931.3568356154564,6.795379597103735,0.1256983918683712,0.043150870196360484,1.606226252777977,3113.9232238904992,1113.923223890499
results\cec2017_ablation6\ablation6_restart_details.csv,ARPSO-Global,21,F21,40607,7908384046,40607,27542573,40607,274187,40607,5067.008130925874,40607,1770.0929369815299,40607,104085,40607,-30722261.32021894,40607,1604498.404298816,40607,3310,1,5,0.0800085654424651,0.0267066187018274,0,-6495.812766079422,0.0,300000,1437,12,0.229077640308304,0.0949924315075241,50,2491.086080978933,391.0860809789328,194754.2060728446,678.271554165538,6.752210210062304,0.12478164185795242,0.04359083254073263,2.5632280148742828,-756.5754997960681,39.51285256972483
results\cec2017_ablation6\ablation6_restart_details.csv,ARPSO-Global,22,F22,55904,10848301366,55904,52191401,55904,390593,55904,7239.316580857758,55904,2377.2998610664267,55904,88296,55904,345286065.53700304,55904,222297265.53700304,55904,4010,1,1,0.0800007153752772,0.0259075811744351,0,2400.000045239598,200.000045239598,300000,1956,12,0.2341914804836152,0.0876410044728632,50,18230.608487264937,16030.608487264935,194052.32838437322,933.5897431310818,6.986852461362336,0.12949550266273893,0.04252468268936797,1.5794218660560961,6176.410731557725,3976.410731557725
results\cec2017_ablation6\ablation6_restart_details.csv,ARPSO-Global,23,F23,57434,11278305613,57434,55017766,57434,410098,57434,7619.255926007399,57434,2416.116034503764,57434,84204,57434,227348375.41889846,57434,95250175.41889848,57434,4210,1,1,0.0800084406851167,0.0254915776324698,0,2400.031134430442,100.03113443044184,300000,1962,12,0.236853903152193,0.0899650560674452,50,12162.22310463185,9862.22310463185,196369.84387296723,957.9302503743427,7.140334993209597,0.1326610705506738,0.04206769569425364,1.4661002193822474,3958.4283772486415,1658.4283772486415
results\cec2017_ablation6\ablation6_restart_details.csv,ARPSO-Global,24,F24,48551,9431831325,48551,39325575,48551,335624,48551,6211.869152632257,48551,2081.443242787564,48551,86341,48551,138443519.95386338,48551,21921119.953863394,48551,3860,1,5,0.0800047558914604,0.0268241360407313,0,2821.348809437104,421.34880943710414,300000,1701,12,0.2283255293393191,0.0932934436807805,50,3274.2663588401674,874.2663588401674,194266.468764804,809.9848612798912,6.912813330312455,0.12794523599168414,0.04287127438750106,1.778356779469012,2851.5070740842284,451.5070740842288
results\cec2017_ablation6\ablation6_restart_details.csv,ARPSO-Global,25,F25,55865,8729095217,55865,52060555,55865,415377,55865,7742.679736236896,55865,2282.6512758150648,55865,110264,55865,188336151.10243,55865,48673651.10243,55865,506,1,3,0.0800224121175362,0.0214294489350537,0,3327.1592427995934,827.1592427995934,300000,1909,14,0.262851526815656,0.0499999689641037,33,5021.370145057796,2521.3701450577964,156253.38256511232,931.8993108386288,7.43537098362123,0.13859625411683338,0.040860132029268144,1.9737581670097557,3371.272730733554,871.2727307335541
results\cec2017_ablation6\ablation6_restart_details.csv,ARPSO-Global,26,F26,53966,8709078256,53966,48627301,53966,396668,53966,7385.007208283352,53966,2221.184747888834,53966,110404,53966,169273377.61304116,53966,28961777.613041148,53966,1005,1,3,0.0800052072604926,0.0197671286047414,0,3091.17149130083,491.17149130083,300000,1875,14,0.2734903769296546,0.0734799884800599,50,3327.8932371311626,727.8932371311626,161380.83711966794,901.0729162806211,7.350331690323537,0.13684555476194923,0.04115896579121732,2.045806618982322,3136.667116574161,536.6671165741606
results\cec2017_ablation6\ablation6_restart_details.csv,ARPSO-Global,27,F27,47481,8842915464,47481,37659004,47481,340457,47481,6325.622958728435,47481,1990.739070609362,47481,81520,47481,150853759.9172338,47481,22655059.917233817,47481,1856,1,5,0.0800104817004783,0.0270814636353864,0,2700.0016248194047,0.0016248194046966,300000,1747,12,0.2266786327335269,0.0885138398706573,50,4533.005288374106,1833.0052883741064,186241.13780248942,793.1383921989849,7.170383943050904,0.13322429937719163,0.04192706705017506,1.7168972852298814,3177.1394856307534,477.1394856307537
results\cec2017_ablation6\ablation6_restart_details.csv,ARPSO-Global,28,F28,41689,7872628715,41689,29154543,41689,280856,41689,5193.051369135585,41689,1809.0336105016136,41689,85172,41689,173665773173.1103,41689,173549043973.1103,41689,4760,1,5,0.0800072319214392,0.0257197097179701,0,8422.658464673077,5622.658464673077,299994,1656,12,0.2353938578049911,0.1074890666253508,50,2649146845.760189,2649144045.760189,188841.8699177241,699.3341888747631,6.736933003909904,0.12456646523388869,0.04339354771046591,2.04303293434719,4165745.7164506293,4162945.7164506293
results\cec2017_ablation6\ablation6_restart_details.csv,ARPSO-Global,29,F29,41111,7900397551,41111,28234168,41111,278941,41111,5160.041040326972,41111,1782.3029590197318,41111,75887,41111,194816244493.76593,41111,194697022593.76593,41111,3560,1,5,0.0800075460695743,0.0274816225947295,0,31519.31800428172,28619.31800428172,299991,1547,12,0.2241176153937307,0.1043512981529842,50,6649047643.543903,6649044743.543903,192172.35170635596,686.7789156186909,6.785069689377539,0.12551485102106424,0.043353432390837776,1.8459049889324026,4738786.3222438255,4735886.3222438255
results\cec2017_ablation6\ablation6_restart_details.csv,ARPSO-Local,1,F1,103012,19890778025,103012,176940707,103012,1067013,103012,20305.0522963298,103012,3286.0677561227567,103012,88736,103012,6369401587669.887,103012,6369391286469.887,103012,3260,1,5,0.080000067463278,0.0153468759758923,0,312.9374383737739,212.9374383737739,300000,3523,16,0.301779993754289,0.0933531135731343,50,13830610657.405235,13830610557.405235,193091.85361899584,1717.6708247582806,10.358142740651575,0.19711346538587543,0.03189985395995376,0.8614142041703879,61831646.67873536,61831546.67873536
results\cec2017_ablation6\ablation6_restart_details.csv,ARPSO-Local,3,F3,109368,20688972480,109368,199448553,109368,989625,109368,18685.641319659837,109368,3931.692765608693,109368,87742,109368,38782442.105159394,109368,5972042.105159391,109368,4560,1,5,0.0800419699411246,0.0195703507724644,0,331.81209621592114,31.812096215921144,300000,3726,14,0.2747497550562273,0.0899151050485945,50,1548.615157040752,1248.615157040752,189168.42659644503,1823.6463407943822,9.04857910906298,0.17085108367767388,0.03594920603475142,0.8022639163192159,354.60502254004274,54.605022540042704
results\cec2017_ablation6\ablation6_restart_details.csv,ARPSO-Local,4,F4,103751,20004884535,103751,179472529,103751,1045769,103751,19871.121017365746,103751,3399.720160252621,103751,98403,103751,79129400.34728804,103751,37629000.34728804,103751,4060,1,3,0.0800090604777734,0.0152940055580424,0,469.6469623005943,69.64696230059428,300000,3531,16,0.302118364428528,0.091572969709829,50,17683.774539269114,17283.774539269114,192816.30572235447,1729.8390280575609,10.079604052009138,0.19152703123213988,0.032768071249940925,0.9484535088818421,762.6856642084225,362.6856642084225
results\cec2017_ablation6\ablation6_restart_details.csv,ARPSO-Local,5,F5,103826,20248049783,103826,179902374,103826,939063,103826,17731.697733494246,103826,3750.1234364938437,103826,97140,103826,51913035.54269999,103826,35.542699996345654,103826,2660,1,1,0.0800077878222967,0.0221451024190625,0,500.0000000130373,1.3037322332820622e-08,300000,3710,13,0.2582713445179996,0.1181078523634352,50,500.0604291466028,0.0604291466028144,195019.06827769536,1732.7295089861884,9.044584208194479,0.1707828263969935,0.03611930958039262,0.9356037986631479,500.0003423294742,0.0003423294742775957
results\cec2017_ablation6\ablation6_restart_details.csv,ARPSO-Local,6,F6,103086,19912025106,103086,177188851,103086,1054679,103086,20054.46681255217,103086,3327.5969428144726,103086,94336,103086,611990422.120001,103086,550138822.120001,103086,4160,1,2,0.080018001676648,0.0157714157352426,0,707.8564159632415,107.85641596324147,300000,3547,15,0.2990629392944472,0.0859034761613972,50,723983.5245059546,723383.5245059546,193159.3534136546,1718.8449546980191,10.231059503715345,0.1945411288880369,0.03227981435708508,0.9151194148574976,5936.697729274596,5336.697729274596
results\cec2017_ablation6\ablation6_restart_details.csv,ARPSO-Local,7,F7,89607,18379345351,89607,134038519,89607,971698,89607,18520.681011785495,89607,2747.2458101367783,89607,123846,89607,80513311.45883344,89607,17788411.458833437,89607,2660,1,1,0.0800131599420909,0.0153605307568828,0,782.0,82.0,300000,3250,16,0.3016926031559498,0.1135011957828247,50,1363.0346388760445,663.0346388760443,205110.59795551686,1495.8487506556407,10.843996562768533,0.2066878816586371,0.030658830338442068,1.3821018447219526,898.5158688365133,198.5158688365132
results\cec2017_ablation6\ablation6_restart_details.csv,ARPSO-Local,8,F8,104801,20422320704,104801,183174514,104801,896803,104801,16873.646747600447,104801,3935.1943266801277,104801,88655,104801,84100341.1559008,104801,259541.15590080764,104801,3060,1,1,0.0800052670650137,0.0186362123417631,0,800.0895282504256,0.0895282504255874,300000,3685,15,0.2807282410127161,0.1020878848391498,50,832.2553843496198,32.25538434961982,194867.6129426246,1747.8317382467724,8.557198881690061,0.16100654333069767,0.037549205891929734,0.8459365845745747,802.4765141162852,2.4765141162852227
results\cec2017_ablation6\ablation6_restart_details.csv,ARPSO-Local,9,F9,91977,18602160022,91977,141411984,91977,1027183,91977,19609.027952198703,91977,2724.4096077525355,91977,108002,91977,-189837680.85244918,91977,4053192.267602086,91977,2710,1,5,0.0800022948134644,0.0149037280784058,0,-5014.848952180422,0.0,300000,3489,16,0.3046161402982029,0.1252418384965415,50,6307.81263893138,5407.81263893138,202247.95353186122,1537.4711503962947,11.167824564836861,0.21319490690279855,0.0296205530486158,1.174228339693619,-2063.969045005264,44.067454554965764
results\cec2017_ablation6\ablation6_restart_details.csv,ARPSO-Local,10,F10,98774,19978338180,98774,163831309,98774,759375,98774,14188.761678340834,98774,3981.506133995997,98774,90345,98774,7131138544.940735,98774,7032364544.940735,98774,2960,1,3,0.08001724333217,0.0251586072188104,0,2491.394984378844,1491.394984378844,300000,3997,12,0.238984913799613,0.1057397861857498,50,745685.8366964259,744685.8366964259,202263.12774616803,1658.6481159009456,7.688004940571405,0.1436487504640982,0.04030925277903089,0.9146637779172657,72196.514719873,71196.514719873
results\cec2017_ablation6\ablation6_restart_details.csv,ARPSO-Local,11,F11,110205,20512991038,110205,202775998,110205,1124079,110205,21370.999236680902,110205,3567.674186523674,110205,85109,110205,1167932975213.5984,110205,1167811749713.5984,110205,4010,1,1,0.0800060032163351,0.0169294826583812,0,16583.204286176646,15483.204286176646,300000,3972,15,0.2916513109863599,0.0999192155882584,50,1823845878.910868,1823844778.910868,186134.84903588766,1839.9890930538543,10.199891112018511,0.19392041410717212,0.032373070065093906,0.7722789347125811,10597822.01545845,10596722.01545845
results\cec2017_ablation6\ablation6_restart_details.csv,ARPSO-Local,12,F12,112639,20745436835,112639,211880646,112639,1122701,112639,21323.626511721806,112639,3725.464131834867,112639,85661,112639,338073657201.5802,112639,337938490401.5802,112639,3210,1,2,0.080004065127647,0.015553965394992,0,27715.9537464238,26515.9537464238,300000,4241,16,0.3004546214720506,0.0947436834171727,50,774438827.515514,774437627.515514,184176.32289881835,1881.0593666492068,9.96724935413134,0.1893094444350696,0.033074371503962814,0.7604914816360231,3001390.7900601053,3000190.7900601053
results\cec2017_ablation6\ablation6_restart_details.csv,ARPSO-Local,13,F13,97697,19749544737,97697,160114325,97697,793682,97697,14883.92553738212,97697,3813.0400767750425,97697,99848,97697,14361415190.668343,97697,14234409090.668343,97697,2910,1,3,0.0800185502996253,0.0225250456941862,0,19315.16306118168,18015.16306118168,300000,3801,13,0.255839707557208,0.114333765402215,50,8062118.906903665,8060818.906903665,202150.98454404945,1638.8868133105418,8.123913733277378,0.15234782580204223,0.039029244263130314,1.0220170527242392,146999.5515795607,145699.5515795607
results\cec2017_ablation6\ablation6_restart_details.csv,ARPSO-Local,14,F14,112732,20864054781,112732,212191564,112732,1073762,112732,20341.875668142835,112732,3886.058307171864,112732,82506,112732,47601187368.31317,112732,47443362568.31317,112732,3310,1,3,0.0800962569409565,0.0195180298472649,0,31011.348020845595,29611.348020845595,300000,4126,14,0.2750846089775045,0.0976948736175368,50,230090786.1364649,230089386.1364649,185076.59565163395,1882.2655856367314,9.524908632863783,0.18044455583279667,0.03447165230078295,0.7318773728843629,422250.8903267322,420850.8903267322
results\cec2017_ablation6\ablation6_restart_details.csv,ARPSO-Local,15,F15,97829,19483180634,97829,163005569,97829,888362,97829,16782.964505421638,97829,3514.3658635968004,97829,75961,97829,9726898194.499556,97829,9581012686.684437,97829,3060,1,2,0.0800035977258277,0.0184796387979465,0,1079.6713937048771,0.0,300000,3941,15,0.281730311693142,0.1034978677509828,50,43441478.41295268,43439978.41295268,199155.47162906703,1666.2295331650125,9.08076337282401,0.171554084222691,0.035923559104118416,0.7764671007574441,99427.55414549423,97936.32447111221
results\cec2017_ablation6\ablation6_restart_details.csv,ARPSO-Local,16,F16,104797,20405597960,104797,185839375,104797,855277,104797,16049.69973350241,104797,4063.8141510609244,104797,113004,104797,2681894929.0379357,104797,2514219729.0379357,104797,3210,1,3,0.08005863487484,0.0233723598127649,0,1650.9925508008075,50.99255080080775,300000,4335,13,0.2504168971983044,0.1005093376647145,50,16892972.039886784,16891372.039886784,194715.47811483152,1773.3272421920474,8.161273700583031,0.15315037389908498,0.038777962642641724,1.0783133104955294,25591.333044246836,23991.333044246836
results\cec2017_ablation6\ablation6_restart_details.csv,ARPSO-Local,17,F17,100287,20007830854,100287,168847898,100287,812352,100287,15231.833625486892,100287,3921.1717016043895,100287,111726,100287,8507777446.933639,100287,8337289546.933639,100287,3360,1,2,0.080006989399246,0.0214382412290752,0,30755.88157791672,29055.88157791672,300000,3810,14,0.2627952561339187,0.1138002657893304,50,2346345.5635461817,2344645.5635461817,199505.72710321378,1683.6469133586606,8.100272218732238,0.15188243367023535,0.03909950144689132,1.1140626402225613,84834.3000282553,83134.3000282553
results\cec2017_ablation6\ablation6_restart_details.csv,ARPSO-Local,18,F18,110685,21032106646,110685,204561723,110685,896786,110685,16813.921996872017,110685,4309.104391875445,110685,102125,110685,811303571408.5616,110685,811104338408.5616,110685,4610,1,5,0.0800080526218617,0.0226254779126104,0,6802.789471589432,5002.789471589432,300000,4058,13,0.2551969413592934,0.1071499033752078,50,95588225775.72932,95588223975.72932,190017.67760762526,1848.1431359262772,8.102145728870218,0.1519078646327146,0.038931240835483084,0.9226634141934318,7329842.08708101,7328042.08708101
results\cec2017_ablation6\ablation6_restart_details.csv,ARPSO-Local,19,F19,98263,19787554802,98263,161638902,98263,789059,98263,14779.250301859196,98263,3862.9607165026814,98263,103899,98263,200157328.26983482,98263,18749565.855709385,98263,4060,1,1,0.0800072260612007,0.020529984533735,0,1523.336600414592,0.0,300000,3716,14,0.2686080989840959,0.1085958917408672,50,6162.043444109089,4262.043444109089,201373.4040483193,1644.96201011571,8.03007235683828,0.15040503853799697,0.03931246467645687,1.0573562785585622,2036.9551944255195,190.81002875659593
results\cec2017_ablation6\ablation6_restart_details.csv,ARPSO-Local,20,F20,103224,19910825984,103224,177688424,103224,1050935,103224,19979.25159334055,103224,3348.8514926197417,103224,96533,103224,257487513.8797704,103224,51039513.87977041,103224,3960,1,1,0.08000375722442,0.0152749496477037,0,2100.0000000000296,100.00000000002956,300000,3588,16,0.302240322254696,0.090971864103199,50,14840.590731537726,12840.590731537726,192889.50228629002,1721.386731767806,10.181110981942185,0.19355238697725866,0.032442566579668895,0.935179803146555,2494.4539436542896,494.45394365428984
results\cec2017_ablation6\ablation6_restart_details.csv,ARPSO-Local,21,F21,105523,19885292283,105523,186007326,105523,1174274,105523,22433.540470858836,105523,3111.9407047156874,105523,106141,105523,-27966329.38980689,105523,3976256.994278476,105523,3210,1,1,0.0800143643563217,0.014037553618965,0,-5483.451339681928,0.0,300000,3990,16,0.3101596568386235,0.1129932737584691,50,6536.20058465373,4436.20058465373,188445.0999592506,1762.7183268102688,11.12813320318793,0.21259384656291838,0.029490639052298432,1.0058565431233002,-265.02591273757275,37.68142484840723
results\cec2017_ablation6\ablation6_restart_details.csv,ARPSO-Local,22,F22,100167,19447445167,100167,167392082,100167,1127288,100167,21572.34401971736,100167,2905.5334179927668,100167,92627,100167,299308975.96988195,100167,78941575.96988195,100167,4010,1,1,0.0800013825112329,0.014913701407654,0,2400.0000000000023,200.00000000000227,300000,3561,16,0.304552310991014,0.0872432932581672,50,26834.2050060048,24634.2050060048,194150.2208012619,1671.1300328451487,11.254085676919544,0.21536378268009782,0.029006892669170153,0.9247257080675272,2988.09963331119,788.0996333111898
results\cec2017_ablation6\ablation6_restart_details.csv,ARPSO-Local,23,F23,99285,19301989980,99285,164402313,99285,1164327,99285,22331.93232341626,99285,2733.225980996409,99285,93410,99285,279459816.098012,99285,51104316.098011956,99285,4660,1,1,0.0800064347832014,0.0148530089073145,0,2500.0000000000014,200.00000000000136,300000,3484,16,0.3049407429931871,0.0888442890106671,50,11488.32297894732,9188.32297894732,194409.93080525758,1655.8625472125698,11.727118900135972,0.22492755525423033,0.02752909282365321,0.9408269124238304,2814.723433529858,514.7234335298581
results\cec2017_ablation6\ablation6_restart_details.csv,ARPSO-Local,24,F24,109183,20868237888,109183,198765990,109183,907569,109183,17047.052247285625,109183,4177.3580377092085,109183,88181,109183,309331276.03275746,109183,47292076.03275746,109183,4160,1,1,0.0800393375906111,0.0175806913491837,0,2821.0760927781066,421.0760927781066,300000,3756,15,0.2874835753652238,0.0934986828645054,50,3333.8348948771486,933.8348948771486,191130.83436066055,1820.484782429499,8.312365478142201,0.15613284345809902,0.03826015073508887,0.8076440471501973,2833.1450503536034,433.1450503536032
results\cec2017_ablation6\ablation6_restart_details.csv,ARPSO-Local,25,F25,146022,21857297211,146022,355608377,146022,1509590,146022,28732.6018306251,146022,4637.12310537826,146022,101127,146022,490000932.57970506,146022,124945932.57970509,146022,555,1,1,0.0802950512097118,0.0139780428399365,0,3326.1924144985587,826.1924144985587,300000,4967,16,0.3105405258244061,0.054552449097976,50,3996.9121134230872,1496.9121134230872,149684.95987590912,2435.306851022449,10.338099738395584,0.19676899255334881,0.031756331959418856,0.6925463286354111,3355.6651229246622,855.6651229246627
results\cec2017_ablation6\ablation6_restart_details.csv,ARPSO-Local,26,F26,140298,21639674668,140298,328564223,140298,1499268,140298,28579.80599087389,140298,4304.885509302332,140298,99934,140298,438621317.7378997,140298,73846517.73789969,140298,755,1,5,0.0806641774425097,0.0139160815369332,0,3070.3245132219245,470.32451322192446,300000,4888,16,0.3109370781636275,0.0759721633564563,50,3392.700950263692,792.700950263692,154240.7922279719,2341.902400604428,10.686310567506307,0.20370786462297316,0.03068386940157616,0.7122981083123067,3126.3547430319727,526.3547430319726
results\cec2017_ablation6\ablation6_restart_details.csv,ARPSO-Local,27,F27,111295,20762952205,111295,207020732,111295,1013464,111295,19152.742151627026,111295,3976.0434120860737,111295,95268,111295,342402686.1728601,111295,41906186.17286008,111295,4660,1,1,0.0800248480305777,0.0150320834753637,0,2700.0894296282568,0.0894296282567665,300000,4022,16,0.3037946657576719,0.0892195420597995,50,3907.389898872256,1207.3898988722558,186557.8166584303,1860.1081090794735,9.106105395570331,0.17208987062875264,0.035725265394546686,0.8559953277326026,3076.532514244666,376.5325142446658
results\cec2017_ablation6\ablation6_restart_details.csv,ARPSO-Local,28,F28,112469,21084795277,112469,212693881,112469,924664,112469,17356.92222252328,112469,4333.2860106920625,112469,93619,112469,263365345384.4215,112469,263050432184.4215,112469,4760,1,1,0.0800091581716068,0.0242532624685179,0,8081.0120578990545,5281.012057899055,300000,4912,13,0.2447791202014853,0.1100104052976115,50,2030868764.0428853,2030865964.0428853,187472.06143026077,1891.1333878668788,8.221501035840987,0.15432627855251918,0.038528714674195226,0.8323982608541021,2341670.5526360287,2338870.5526360287
results\cec2017_ablation6\ablation6_restart_details.csv,ARPSO-Local,29,F29,111011,20992221380,111011,206040769,111011,923560,111011,17349.057822427843,111011,4246.615637050117,111011,88891,111011,617266826751.2886,111011,616944894851.2886,111011,4260,1,1,0.0800187821798411,0.0207604720654576,0,27919.475876897952,25019.475876897952,300000,4202,14,0.2671329787810709,0.1081948138471578,50,1563098175.548643,1563095275.548643,189100.3718550414,1856.0392123303095,8.319535901847564,0.15628233078188508,0.03825400759429351,0.800740467160912,5560411.371407235,5557511.371407235
results\cec2017_ablation6\ablation6_restart_details.csv,ARPSO-SRR,1,F1,77457,16142105123,77457,100054743,77457,509195,77457,9375.62406537955,77457,3396.6526953765183,77457,75307,77457,5461323733650.217,77457,5461315987950.217,77457,3960,1,1,0.0800000977888489,0.027451169524834,0,159.9841622499082,59.9841622499082,300000,2647,12,0.2243125150410619,0.0932223750269632,50,12136610190.626122,12136610090.626122,208400.85625572898,1291.7456524265076,6.573905521773371,0.12104295370824522,0.04385210756131167,0.9722426636714564,70507813.80185415,70507713.80185415
results\cec2017_ablation6\ablation6_restart_details.csv,ARPSO-SRR,3,F3,67833,13365874135,67833,76743524,67833,455290,67833,8398.881532336862,67833,2943.767781518268,67833,85481,67833,24972465.93848837,67833,4622565.93848837,67833,5810,1,1,0.0800010142747156,0.0283526847133167,0,331.81565565306875,31.815655653068745,300000,2342,11,0.2185428178347728,0.0896809788995121,50,1754.5807645175048,1454.5807645175048,197040.88179794495,1131.359721669394,6.7119248743237065,0.12381704380370707,0.043397281286663834,1.2601683546356492,368.14627008223687,68.14627008223681
results\cec2017_ablation6\ablation6_restart_details.csv,ARPSO-SRR,4,F4,73302,15069853210,73302,89604696,73302,483273,73302,8895.779988947272,73302,3212.0808180129006,73302,90709,73302,56954977.2106593,73302,27634177.210659306,73302,4060,1,1,0.0800025410323132,0.0292293199588262,0,472.6316849150746,72.63168491507463,300000,2502,11,0.2129323522635122,0.0898800253720371,50,18352.648013316146,17952.648013316142,205585.83954053096,1222.4045182941802,6.592903331423426,0.12135794369795191,0.04381982507998282,1.2374696461215247,776.9907671094827,376.99076710948276
results\cec2017_ablation6\ablation6_restart_details.csv,ARPSO-SRR,5,F5,72920,15169196900,72920,88956076,72920,487862,72920,8997.974983394028,72920,3185.7103813804524,72920,95544,72920,36460027.462645896,72920,27.462645892471414,72920,2660,1,4,0.0800008552347696,0.0258453700606897,0,500.00000001028303,1.028303131533903e-08,300000,2786,12,0.2345896316115858,0.1171579231344925,50,500.0456910815466,0.0456910815466358,208025.19061985737,1219.9132748217223,6.6903730115194735,0.12339515885071349,0.04368774521915047,1.3102578167855183,500.0003766133557,0.0003766133556290649
results\cec2017_ablation6\ablation6_restart_details.csv,ARPSO-SRR,6,F6,71159,14598964740,71159,84438681,71159,473465,71159,8720.812915450946,71159,3103.51890953225,71159,88128,71159,586062145.9015391,71159,543366745.9015391,71159,4710,1,5,0.0800011644160435,0.0279607884713162,0,718.6319065429504,118.63190654295045,300000,2432,12,0.2210509537835758,0.0876802939261086,50,531344.7078411147,530744.7078411147,205159.77936733232,1186.6198372658414,6.653620764766227,0.12255389923201487,0.04361386345412738,1.2384659705729424,8235.952527460182,7635.952527460182
results\cec2017_ablation6\ablation6_restart_details.csv,ARPSO-SRR,7,F7,72617,15821509500,72617,88089806,72617,533045,72617,9913.926217118433,72617,3031.4279307936345,72617,129463,72617,64169146.88815609,72617,13337246.888156097,72617,2810,1,4,0.080002224836653,0.020778051843243,0,820.0,120.0,300000,2633,14,0.2670204682032444,0.1084785625237864,50,1290.6624869711338,590.6624869711338,217876.11027720783,1213.0741561893221,7.340498781277112,0.13652348922591725,0.04174543055749528,1.782819449991049,883.665627720177,183.66562772017707
results\cec2017_ablation6\ablation6_restart_details.csv,ARPSO-SRR,8,F8,75985,15727924979,75985,96338194,75985,499245,75985,9192.429541675712,75985,3335.088066165591,75985,87632,75985,61002259.54827026,75985,214259.5482702648,75985,3810,1,2,0.0800003943811733,0.0284877455868542,0,800.0895282510189,0.089528251018919,300000,2689,11,0.2176784282441328,0.1008917151147726,50,819.6739256022818,19.67392560228177,206987.23404619333,1267.8580509311048,6.5703099295913665,0.12097689730441155,0.04389140048911747,1.1532802526814503,802.8197611143023,2.8197611143023593
results\cec2017_ablation6\ablation6_restart_details.csv,ARPSO-SRR,9,F9,72065,16024848392,72065,86935900,72065,505546,72065,9371.367458481769,72065,3089.1178251990564,72065,108271,72065,-191621434.14648438,72065,3516204.3914443003,72065,2860,1,4,0.0800050496069603,0.0233165336432983,0,-4865.285337280824,0.0,300000,2636,13,0.2507741846828903,0.126535657452039,50,6502.721078865731,5602.721078865731,222366.59116075764,1206.3539859848747,7.0151391105252205,0.13004048370889848,0.042865716023021666,1.5024075487407202,-2659.008313973279,48.79212365842365
results\cec2017_ablation6\ablation6_restart_details.csv,ARPSO-SRR,10,F10,56498,11722901064,56498,53384726,56498,358234,56498,6575.733854755505,56498,2528.0579038940787,56498,84437,56498,4080306748.7644467,56498,4023808748.7644467,56498,3610,1,2,0.0800007174192281,0.0326490763479823,0,3377.251372826342,2377.251372826342,300000,2155,10,0.1910459113729129,0.1052462939079705,50,1919018.744281087,1918018.744281087,207492.31944493612,944.8958547205211,6.340649226521292,0.11638878995283912,0.04474597160773972,1.4945130801090305,72220.37503565519,71220.37503565519
results\cec2017_ablation6\ablation6_restart_details.csv,ARPSO-SRR,11,F11,66970,12663420981,66970,74837126,66970,460324,66970,8514.535100897208,66970,2872.807360887207,66970,80658,66970,887298097617.1709,66970,887224430617.1709,66970,3660,1,3,0.0800039266118277,0.0291434125395355,0,35824.9175894967,34724.9175894967,300000,2356,11,0.2134821597469725,0.0940897584137393,50,1331243407.4761477,1331242307.4761477,189090.9508884575,1117.4723906226668,6.873585187397342,0.12713954159918184,0.04289692938460814,1.2043900253845006,13249187.660402732,13248087.660402732
results\cec2017_ablation6\ablation6_restart_details.csv,ARPSO-SRR,12,F12,66799,12752785258,66799,74454819,66799,457105,66799,8449.701239325519,66799,2872.260777291851,66799,77613,66799,264843543812.23947,66799,264763385012.23947,66799,3360,1,3,0.0800022683227481,0.0288656010289369,0,8700.21634688132,7500.21634688132,300000,2384,11,0.2152601534148036,0.0946174019060557,50,1663795102.216369,1663793902.216369,190912.81692839714,1114.6097845776135,6.84299166155182,0.12649442715198608,0.042998559518733076,1.16188865102771,3964783.0628039264,3963583.0628039264
results\cec2017_ablation6\ablation6_restart_details.csv,ARPSO-SRR,13,F13,48598,10392016084,48598,39542176,48598,290898,48598,5303.445931113617,48598,2243.5103305314105,48598,88230,48598,7641457056.848712,48598,7578279656.848712,48598,2960,1,3,0.080002155208697,0.032366011466506,0,2010.4392121111896,710.4392121111896,300000,1810,10,0.1928575266143611,0.1178471264108328,50,8688180.955379954,8686880.955379954,213836.2912877073,813.6585044652044,5.985801884851228,0.10912889277570305,0.04616466378310652,1.8155068109798758,157238.09738772607,155938.09738772607
results\cec2017_ablation6\ablation6_restart_details.csv,ARPSO-SRR,14,F14,65794,12651520759,65794,72231530,65794,442113,65794,8160.126646187473,65794,2855.986798787305,65794,77642,65794,35228840038.72969,65794,35136728438.72969,65794,3310,1,2,0.0800014105694404,0.0293396665505455,0,21695.26259250581,20295.26259250581,300000,2333,11,0.2122261340765088,0.0985617175707585,50,159524728.57422853,159523328.57422853,192289.8859926437,1097.8437243517646,6.719655287716205,0.12402539207507482,0.04340801287028156,1.1800772106879047,535441.5302114127,534041.5302114127
results\cec2017_ablation6\ablation6_restart_details.csv,ARPSO-SRR,15,F15,54128,11088986007,54128,49505022,54128,364714,54128,6738.399578644196,54128,2352.04128836512,54128,75207,54128,3554848783.3346777,54128,3473736643.7584515,54128,3110,1,1,0.080001737917338,0.0289432425929257,0,1253.5477081452354,0.0,300000,2163,11,0.2147632474052751,0.1026496064937118,50,30965238.898253,30963738.898253,204865.98446275495,914.5917454921668,6.73799142772687,0.12449008976212303,0.043453319693414136,1.3894287614543306,65674.85928419077,64176.33468368407
results\cec2017_ablation6\ablation6_restart_details.csv,ARPSO-SRR,16,F16,55404,11145902658,55404,51667471,55404,362062,55404,6668.677410854977,55404,2444.3013116669936,55404,103820,55404,2686849435.8922687,55404,2598213574.247684,55404,2810,1,5,0.0800004736734258,0.0318993981700928,0,1575.3827803656711,0.0,300000,2290,10,0.1958438517114057,0.1059540619343288,50,1239993264.693451,1239991664.693451,201175.05338964696,932.5584975814021,6.5349433253916684,0.12036454788201172,0.044117776905403826,1.8738719226048661,48495.58580413451,46895.77601342293
results\cec2017_ablation6\ablation6_restart_details.csv,ARPSO-SRR,17,F17,51177,10879358099,51177,43976782,51177,312957,51177,5720.525717171602,51177,2342.276178088739,51177,102249,51177,3876679442.8003883,51177,3789678542.8003883,51177,3510,1,5,0.08000228962922,0.0310503152473621,0,13594.905212347472,11894.905212347472,300000,1917,11,0.2012779824168825,0.1141080015666721,50,6453235.787829391,6451535.787829391,212582.95912226196,859.3075404967075,6.115188463567618,0.11177923124004147,0.0457681415106149,1.9979482970865818,75750.4238779215,74050.4238779215
results\cec2017_ablation6\ablation6_restart_details.csv,ARPSO-SRR,18,F18,59866,11616013829,59866,59864681,59866,386809,59866,7115.898994586975,59866,2648.784701831116,59866,99184,59866,675910009466.9402,59866,675802250666.9402,59866,5110,1,4,0.0800049936840048,0.031623976624405,0,1955.2098876191149,155.20988761911485,300000,2213,10,0.1976065496038079,0.1096832543188927,50,52215985831.98682,52215984031.98682,194033.57212775198,999.9779674606622,6.4612467844853505,0.11886377901625256,0.044245226035330834,1.6567667791400795,11290382.010940103,11288582.010940103
results\cec2017_ablation6\ablation6_restart_details.csv,ARPSO-SRR,19,F19,57802,11944394616,57802,56274000,57802,361820,57802,6634.101562360738,57802,2607.393890289006,57802,105091,57802,112225863.30276233,57802,6715446.52034414,57802,3960,1,2,0.080000085737826,0.0301230471848367,0,1461.7013802533577,0.0,300000,2365,11,0.2072124980170449,0.1071462607243209,50,7016.041868221691,5116.041868221691,206643.27559600014,973.5649285491852,6.259644994982873,0.11477287225979617,0.04510906007212563,1.8181204802601987,1941.5567506792556,116.18017577841839
results\cec2017_ablation6\ablation6_restart_details.csv,ARPSO-SRR,20,F20,76284,15773925170,76284,97054153,76284,499231,76284,9186.065521963754,76284,3351.239182431393,76284,87302,76284,194320645.97662553,76284,41752645.97662553,76284,4510,1,2,0.080002156650095,0.0283187981961404,0,2100.000115781159,100.00011578115893,300000,2626,11,0.2187596915447013,0.0946162869313669,50,12614.00092155202,10614.00092155202,206778.94669917677,1272.2740417387656,6.544373656336846,0.1204192952908048,0.043931088857839036,1.144433957317393,2547.331628868774,547.3316288687737
results\cec2017_ablation6\ablation6_restart_details.csv,ARPSO-SRR,21,F21,63447,12572214930,63447,67222711,63447,436683,63447,8073.309414060165,63447,2726.888400595926,63447,102135,63447,-14710968.267290935,63447,2728849.77632901,63447,3610,1,5,0.0800001420639802,0.023712259806418,0,-5924.288156592345,0.0,299998,2405,13,0.2482415372389242,0.0947047328404778,50,2521.934178639361,421.9341786393611,198153.02425646601,1059.5096852491056,6.882642205305215,0.12724493536432244,0.04297899665225978,1.609768783394014,-231.86231448753975,43.00991026098964
results\cec2017_ablation6\ablation6_restart_details.csv,ARPSO-SRR,22,F22,74306,15442535921,74306,92144535,74306,492535,74306,9071.026220074473,74306,3244.036643354729,74306,77984,74306,220996294.0066643,74306,57523094.006664306,74306,4310,1,4,0.0800031581800085,0.0267062217453397,0,2300.000138017616,100.00013801761588,300000,2566,12,0.2290801808298258,0.0881393756515377,50,22795.7365510716,20595.7365510716,207823.53943153986,1240.0685678141738,6.6284687642989795,0.12207663203610035,0.043657802106892164,1.049498021694076,2974.137943189841,774.1379431898407
results\cec2017_ablation6\ablation6_restart_details.csv,ARPSO-SRR,23,F23,76772,16023452518,76772,98286619,76772,506906,76772,9335.059896543695,76772,3356.965356528839,76772,77678,76772,214562225.00076658,76772,37986625.00076656,76772,4160,1,3,0.0800010886278127,0.0278833124686527,0,2400.000088299831,100.00008829983108,300000,2622,12,0.2215468002006224,0.0907345759844169,50,12655.696174111585,10355.696174111585,208714.79859844735,1280.2404392226333,6.602745792736935,0.12159459043067387,0.04372642834013493,1.0118011775126348,2794.797908101477,494.7979081014766
results\cec2017_ablation6\ablation6_restart_details.csv,ARPSO-SRR,24,F24,68354,13617662523,68354,77922207,68354,456525,68354,8418.280358045447,68354,2974.506113216431,68354,88133,68354,194150465.0720656,68354,30100865.072065577,68354,3960,1,1,0.0800070170233677,0.0282532791574596,0,2821.219995889286,421.2199958892861,300000,2349,11,0.2191790133922584,0.0934676437582376,50,3369.0881456188054,969.0881456188054,199222.61349738127,1139.9802059864821,6.6788337185826725,0.1231570991901783,0.043516196758294046,1.289361266348714,2840.3672802186497,440.3672802186496
results\cec2017_ablation6\ablation6_restart_details.csv,ARPSO-SRR,25,F25,79961,12779350491,79961,106694009,79961,553463,79961,10253.317857913295,79961,3396.6389871947567,79961,108143,79961,268464294.98809564,79961,68561794.98809563,79961,555,1,3,0.0800064176972251,0.028490468185704,0,3326.7780840416453,826.7780840416453,300000,2777,11,0.2176610036114943,0.0544268320113463,50,4038.7352588802223,1538.7352588802223,159819.79328672728,1334.3255962281612,6.92166181013244,0.12822898485403253,0.04247869570409021,1.352446817823689,3357.4404395654838,857.4404395654835
results\cec2017_ablation6\ablation6_restart_details.csv,ARPSO-SRR,26,F26,79553,12881186080,79553,105629856,79553,556042,79553,10308.555289284812,79553,3363.2353530087084,79553,111900,79553,250308984.96489435,79553,43471184.96489434,79553,805,1,3,0.0800109038198007,0.0272940599051163,0,3076.527644064249,476.5276440642492,300000,2791,12,0.2253180166072553,0.0651657014421419,50,3479.670437027103,879.6704370271032,161919.55149397257,1327.7922391361733,6.989579274194562,0.12958097481282682,0.042276662765812836,1.4066094301911933,3146.4430626738695,546.4430626738695
results\cec2017_ablation6\ablation6_restart_details.csv,ARPSO-SRR,27,F27,69290,13453626748,69290,80165713,69290,458853,69290,8457.968065473597,69290,3021.404821004056,69290,86024,69290,215747885.152139,69290,28664885.152138997,69290,3760,1,2,0.0800077550995567,0.0280515607548148,0,2715.656532361176,15.656532361175325,300000,2510,12,0.2204700111691847,0.0881250448633669,50,3822.535315327536,1122.5353153275355,194164.0460095252,1156.959344782797,6.622210997257902,0.12206621540588247,0.04360520740372429,1.2415067109250975,3113.6944025420553,413.69440254205506
results\cec2017_ablation6\ablation6_restart_details.csv,ARPSO-SRR,28,F28,58808,11445684089,58808,57942993,58808,377337,58808,6938.774586313051,58808,2607.826170006157,58808,89209,58808,102464244308.17766,58808,102299581908.17766,58808,3660,1,5,0.0800041599976255,0.0306818882555666,0,5568.9814878819225,2768.9814878819225,300000,2386,11,0.2036359151643733,0.1168459679923532,50,2418582519.5418606,2418579719.5418606,194628.01130798532,985.2909978234254,6.416422935655013,0.1179903174111184,0.04434475190460749,1.5169534757175895,1742352.1342024496,1739552.1342024496
results\cec2017_ablation6\ablation6_restart_details.csv,ARPSO-SRR,29,F29,59919,11588854025,59919,59928347,59919,390278,59919,7187.556506340193,59919,2640.263278696921,59919,83580,59919,284625201432.9176,59919,284451436332.9176,59919,4310,1,2,0.0800012624391751,0.0297439584307242,0,14454.973251004269,11554.973251004269,300000,2156,11,0.2096386660433645,0.1049758148313145,50,6661682015.352329,6661679115.352329,193408.6687861947,1000.1559939251323,6.513426459053055,0.11995454707755791,0.044063874208463444,1.3948830921744355,4750166.081425217,4747266.081425217
results\cec2017_ablation6\ablation6_restart_details.csv,PSO-RS,1,F1,49606,10119046649,49606,41040700,49606,310969,49606,5706.200274611804,49606,2230.295690234125,49606,82366,49606,15530107724118.746,49606,15530102763518.746,49606,4310,1,1,0.0800024602982622,0.0299379860708875,0,149.15099504164195,49.15099504164195,300000,1690,11,0.2083968891463194,0.0958578282394403,50,17247588592.051315,17247588492.051315,203988.36126678225,827.3333870902713,6.268777970406806,0.11503044540200387,0.044960200182117584,1.6604039833891062,313069139.3000594,313069039.3000594
results\cec2017_ablation6\ablation6_restart_details.csv,PSO-RS,3,F3,44451,8659274426,44451,32965701,44451,302908,44451,5601.682121794068,44451,1920.4326187323927,44451,86238,44451,17483572.203494065,44451,4148272.203494063,44451,4060,1,3,0.0800013322712844,0.0269627066047957,0,332.41446206028434,32.414462060284336,300000,1573,12,0.227438677729307,0.0944778350072122,50,1274.1078514021349,974.1078514021348,194804.9408562237,741.618883714652,6.814424872331331,0.12601925989953133,0.04320336142566855,1.9400688398461228,393.3223595305857,93.32235953058566
results\cec2017_ablation6\ablation6_restart_details.csv,PSO-RS,4,F4,48049,9735876183,48049,38509613,48049,302751,48049,5560.534512522738,48049,2154.1972482571955,48049,105635,48049,70535480.68678635,48049,51315880.68678636,48049,5060,1,5,0.0800007529757163,0.0294909872275613,0,503.2525429451893,103.25254294518923,299999,1643,11,0.2112576817436076,0.0880426783740231,50,18672.785716622067,18272.785716622067,202623.9085724989,801.4654415284397,6.30088035130804,0.1157263317139324,0.04483334196876512,2.1984848800183148,1467.9906072298352,1067.9906072298354
results\cec2017_ablation6\ablation6_restart_details.csv,PSO-RS,5,F5,31162,6566028610,31162,16446918,31162,182835,31162,3325.173618473923,31162,1468.0756435294031,31162,87920,31162,15581010.43831479,31162,10.438314790284034,31162,2710,1,5,0.0800018421793688,0.0325042210430473,0,500.0000001245742,1.2457422826628317e-07,300000,1262,10,0.191972985324497,0.1167701821476981,50,500.0483451958512,0.0483451958511409,210706.264360439,527.7876259546885,5.867242153905398,0.10670603999980499,0.04711108540945392,2.821385020216931,500.00033496934697,0.00033496934697015704
results\cec2017_ablation6\ablation6_restart_details.csv,PSO-RS,6,F6,46460,9356109162,46460,36008959,46460,301742,46460,5558.415385738017,46460,2054.3243797548853,46460,105078,46460,1363073191.9833293,46460,1335197191.9833293,46460,3660,1,5,0.0800075710854207,0.0284926509639598,0,756.8018155873274,156.80181558732738,299999,1618,11,0.2176470338306571,0.088159226837273,50,609992.986022274,609392.986022274,201379.8786482996,775.0529272492466,6.494662074903142,0.11963872978342698,0.04421705509588647,2.2616874730951357,29338.63951750601,28738.63951750601
results\cec2017_ablation6\ablation6_restart_details.csv,PSO-RS,7,F7,28953,6380520689,28953,14006869,28953,169026,28953,3074.4939938486905,28953,1378.9232899777621,28953,122662,28953,26145227.783365577,28953,5878127.7833655765,28953,3010,1,5,0.0800022471599875,0.035541218362626,0,796.0000000064415,96.0000000064415,299997,1056,10,0.1866666666666666,0.1142683747025925,50,1385.933864934144,685.9338649341441,220375.11446136842,483.77953925327256,5.837944254481401,0.1061891339014503,0.04762626636195773,4.2365903360618935,903.0230989315642,203.02309893156414
results\cec2017_ablation6\ablation6_restart_details.csv,PSO-RS,8,F8,46431,9576406159,46431,36074139,46431,287539,46431,5270.272587067026,46431,2103.996073453929,46431,92215,46431,37271995.27294873,46431,127195.27294873004,46431,4060,1,3,0.080000258577543,0.0299816629220196,0,800.0000042343073,4.234307311890007e-06,300000,1655,11,0.208117357299074,0.1038312588901025,50,822.9015673826123,22.901567382612257,206250.26725678964,776.9408154035019,6.192823759987939,0.11350762609177113,0.045314468209901336,1.9860653442742995,802.739447200119,2.7394472001191024
results\cec2017_ablation6\ablation6_restart_details.csv,PSO-RS,9,F9,9262,1953865850,9262,1468166,9262,53803,9262,963.813810050361,9262,493.8839686501854,9262,77111,9262,-17718187.327151258,9262,2606304.833513762,9262,2810,1,5,0.0800015780212882,0.0401470734928034,0,-5494.498761046216,0.0,299992,399,10,0.1866666666666666,0.1493951000836651,50,6305.253765163037,5405.253765163037,210955.06909954653,158.5150075577629,5.809004534657741,0.1040610894029757,0.053323684803518186,8.32552364500108,-1912.9979839290927,281.39762832150313
results\cec2017_ablation6\ablation6_restart_details.csv,PSO-RS,10,F10,35944,7633882860,35944,21679658,35944,227964,35944,4184.8016242353715,35944,1619.768396128251,35944,79419,35944,2547479958.3093667,35944,2511535958.3093667,35944,3160,1,5,0.0800022305327283,0.0305309837045832,0,3153.9805116409207,2153.9805116409207,299997,1369,11,0.2046017042906674,0.1078672090825182,50,3850650.734881399,3849650.734881399,212382.67471622524,603.1509570442911,6.342198976185177,0.11642559604483005,0.04506366559448728,2.2095203650122412,70873.57996631891,69873.57996631891
results\cec2017_ablation6\ablation6_restart_details.csv,PSO-RS,11,F11,41949,8036606095,41949,29364919,41949,294513,41949,5463.182860002649,41949,1788.0210710110134,41949,84481,41949,803643930203.3794,41949,803597786303.3794,41949,3510,1,2,0.0800013222455727,0.0276375902478447,0,87221.31340273618,86121.31340273618,300000,1473,12,0.2231194224137935,0.0988094517918733,50,3258519377.94969,3258518277.94969,191580.397506496,700.0147560132542,7.020739469355646,0.13023392357392666,0.04262368759710633,2.0138978283153355,19157642.14172875,19156542.14172875
results\cec2017_ablation6\ablation6_restart_details.csv,PSO-RS,12,F12,42747,8106084849,42747,30493752,42747,296643,42747,5499.95961760855,42747,1830.622822406653,42747,84682,42747,455149003423.0185,42747,455097707023.0185,42747,4060,1,3,0.0800096008519428,0.0284251587287498,0,50653.15953541822,49453.15953541822,300000,1495,11,0.2180789841360008,0.0942296607795581,50,621978095.8739774,621976895.8739774,189629.3271808548,713.3542002947576,6.939504526633448,0.12866305512921491,0.04282459172355143,1.9810045149367208,10647507.507498035,10646307.507498035
results\cec2017_ablation6\ablation6_restart_details.csv,PSO-RS,13,F13,21814,4784068581,21814,8005814,21814,122934,21814,2224.139021245656,21814,1058.6838474401561,21814,87611,21814,2845265921.21339,21814,2816907721.21339,21814,3310,1,1,0.0800023007241023,0.034578717579065,0,4110.922065685728,2810.922065685728,300000,864,10,0.1866666666666666,0.1147975630252377,50,8277376.800493596,8276076.800493596,219311.84473274043,367.0034840011002,5.635555148070047,0.10195924732949738,0.0485323117007498,4.016273952507564,130433.0210513152,129133.0210513152
results\cec2017_ablation6\ablation6_restart_details.csv,PSO-RS,14,F14,42085,8115364254,42085,29565773,42085,284139,42085,5250.634201177394,42085,1830.440170814639,42085,81655,42085,42877050135.15222,42085,42818131135.15222,42085,3410,1,5,0.0800005576525292,0.0292889702189162,0,28303.79364055986,26903.79364055986,300000,1501,11,0.2125505905989358,0.0973746291689901,50,156160270.58224303,156158870.58224303,192832.7017702269,702.5251990020197,6.751550433646193,0.12476260428127348,0.043493885489239374,1.940239990495426,1018820.2479541933,1017420.2479541933
results\cec2017_ablation6\ablation6_restart_details.csv,PSO-RS,15,F15,34739,7146374869,34739,20612651,34739,239436,34739,4434.862129591252,34739,1500.7772737407547,34739,77230,34739,6055828207.797888,34739,6004086607.422726,34739,3010,1,2,0.0800072414503213,0.0293026311087947,0,1136.9445442163342,0.0,300000,1524,11,0.2124631609037137,0.0999248026086532,50,46780044.60295624,46778544.60295624,205716.19416218082,593.3576383891303,6.89242637957339,0.1276623428881445,0.043201510513853444,2.223149774029189,174323.61921177604,172834.18081760342
results\cec2017_ablation6\ablation6_restart_details.csv,PSO-RS,16,F16,36222,7308728831,36222,22564829,36222,247396,36222,4578.0086084086815,36222,1572.9716306595824,36222,102834,36222,1309214503.2663722,36222,1251259303.2663722,36222,3160,1,1,0.0800057534237582,0.028723445886667,0,1691.5861234404806,91.5861234404806,300000,1582,11,0.216169946325331,0.1061046927692824,50,78835859.22654271,78834259.22654271,201775.96021754734,622.9592236762189,6.829992822041853,0.12638751610647345,0.043425863581789584,2.8389928772569157,36144.18042257115,34544.18042257115
results\cec2017_ablation6\ablation6_restart_details.csv,PSO-RS,17,F17,25105,5569531290,25105,10580922,25105,146619,25105,2670.7255327133917,25105,1193.9986750577527,25105,104849,25105,1684696715.3457623,25105,1642018215.3457623,25105,2710,1,5,0.0800012624716602,0.0340690028061004,0,19650.395135499908,17950.395135499908,299996,1011,10,0.1866666666666666,0.1104436196301241,50,3489266.0885332264,3487566.0885332264,221849.48376817367,421.4667197769369,5.840231029675364,0.10638221600133008,0.047560194186725864,4.176419040031866,67106.0233159037,65406.023315903694
results\cec2017_ablation6\ablation6_restart_details.csv,PSO-RS,18,F18,39799,7757542891,39799,26464634,39799,262405,39799,4842.8836453410495,39799,1749.8874906549922,39799,99809,39799,1034003886047.168,39799,1033932247847.168,39799,5260,1,4,0.0800100182727335,0.0267383146312875,0,3171.850179694733,1371.850179694733,300000,1442,12,0.2288747863597598,0.1049209141718618,50,53049286454.90189,53049284654.90189,194918.03540289958,664.9572602326691,6.593256111962612,0.1216835509771866,0.043968127105077824,2.5078268298198445,25980649.917012185,25978849.917012185
results\cec2017_ablation6\ablation6_restart_details.csv,PSO-RS,19,F19,33543,6995007328,33543,19151466,33543,197986,33543,3615.760842250697,33543,1567.904287529156,33543,130577,33543,71046624.48518516,33543,8629408.63058617,33543,2860,1,2,0.0800082454954713,0.0337317106788604,0,1527.9156976758663,0.0,300000,1336,10,0.1866666666666666,0.1036319513298223,50,6271.387629839433,4371.387629839433,208538.5125957726,570.9526875950273,5.902453567063173,0.10779479600067665,0.046743114436071785,3.8928241361834064,2118.0760362873075,257.2640679303035
results\cec2017_ablation6\ablation6_restart_details.csv,PSO-RS,20,F20,49581,10017173765,49581,41008944,49581,310293,49581,5698.874559511231,49581,2228.1475034114155,49581,106296,49581,142522990.2035296,49581,43360990.2035296,49581,4760,1,5,0.0800000717040164,0.0309798003834443,0,2100.6011186692303,100.60111866923036,300000,1720,11,0.201729277545956,0.0932994459476246,50,12784.101460303633,10784.101460303633,202036.54151792018,827.1100623222605,6.2583045924850245,0.11494069420768503,0.04493954344227457,2.1438857626913537,2874.5485206738385,874.5485206738387
results\cec2017_ablation6\ablation6_restart_details.csv,PSO-RS,21,F21,33197,6517267378,33197,18956286,33197,198988,33197,3632.7039544618306,33197,1532.8005932826477,33197,81589,33197,12818759.529128361,33197,1832144.9639766423,33197,3010,1,5,0.0800002710509259,0.0293402377754789,0,-5777.696818263051,0.0,299990,1323,11,0.2122224782369345,0.1128619326675256,50,6430.136298154071,4330.136298154071,196320.97412416784,571.0240684399192,5.99415609844263,0.10942868194300179,0.046172864815575136,2.457722083320782,386.14210709185653,55.190076331495085
results\cec2017_ablation6\ablation6_restart_details.csv,PSO-RS,22,F22,48995,9786577913,48995,40118699,48995,313338,48995,5765.933475301432,48995,2176.8576364750165,48995,90495,48995,280634437.0825054,48995,172845437.0825054,48995,4210,1,5,0.0800009251330362,0.0287514795572343,0,2400.688831012375,200.68883101237495,300000,1732,11,0.2159905308336998,0.0862912949771379,50,23160.904232924,20960.904232924,199746.4621491989,818.832513521788,6.395305643433003,0.11768412032455214,0.044430199744362006,1.8470252066537403,5727.817881059402,3527.817881059402
results\cec2017_ablation6\ablation6_restart_details.csv,PSO-RS,23,F23,49280,10047548785,49280,40508107,49280,310347,49280,5700.953288434312,49280,2207.514248770495,49280,93260,49280,177973912.5085573,49280,64629912.50855729,49280,3810,1,2,0.0800217456746403,0.0290723087770453,0,2500.2927529796675,200.2927529796675,300000,1689,11,0.21393722382691,0.087426270781564,50,12755.10646193543,10455.10646193543,203886.94774756493,821.9989245129871,6.297625811688311,0.11568492874257938,0.044795337840310374,1.8924512987012987,3611.4836142158542,1311.483614215854
results\cec2017_ablation6\ablation6_restart_details.csv,PSO-RS,24,F24,43525,8564569046,43525,31604268,43525,290843,43525,5370.965872553452,43525,1898.5867979504603,43525,98941,43525,123941944.75527616,43525,19481944.75527615,43525,4610,1,4,0.0800003072108512,0.0290425925647574,0,2821.4078069800926,421.4078069800926,300000,1517,11,0.2141274075855521,0.0954909120728256,50,3343.6276348053902,943.6276348053902,196773.55648477885,726.1175875933371,6.68220562894888,0.12339956054114766,0.043620604203341996,2.2731993107409534,2847.603555549136,447.60355554913616
results\cec2017_ablation6\ablation6_restart_details.csv,PSO-RS,25,F25,53862,8534869663,53862,48460912,53862,389145,53862,7238.875839654156,53862,2236.8987070903754,53862,113406,53862,181447181.6627175,53862,46792181.662717484,53862,505,1,5,0.0800077830595386,0.0227219520476234,0,3250.2206043107453,750.2206043107453,300000,1871,13,0.2545795068952099,0.0800250265007267,50,3810.927447440132,1310.9274474401318,158458.09036055102,899.7235899149679,7.224852400579258,0.13439671456043512,0.041530182820734014,2.105491812409491,3368.742001090147,868.7420010901468
results\cec2017_ablation6\ablation6_restart_details.csv,PSO-RS,26,F26,51476,8447409783,51476,44277605,51476,366601,51476,6809.078911719209,51476,2156.6264377404123,51476,120466,51476,162356224.22855192,51476,28518624.22855193,51476,805,1,2,0.0800005332423064,0.0220400203380139,0,3086.8789730268654,486.8789730268654,300000,1801,13,0.2589438698367106,0.0731756717976291,50,3407.3721799825616,807.3721799825616,164103.8500077706,860.1601717305152,7.1217849094723755,0.13227676804179053,0.04189576574987202,2.3402362265910326,3154.017876846529,554.0178768465291
results\cec2017_ablation6\ablation6_restart_details.csv,PSO-RS,27,F27,44341,8431085207,44341,32841806,44341,304581,44341,5638.677057151417,44341,1904.094047485615,44341,86185,44341,140096264.26528955,44341,20375564.265289553,44341,3856,1,3,0.0800014110848097,0.0280618963425225,0,2700.0939129862286,0.0939129862285881,300000,1605,12,0.2204038634078557,0.0855931697134866,50,3830.2368517603454,1130.2368517603463,190141.97259872354,740.664531697526,6.869060237703255,0.12716621314700655,0.042942063721738685,1.9436864301662118,3159.519728136252,459.51972813625207
results\cec2017_ablation6\ablation6_restart_details.csv,PSO-RS,28,F28,39729,7658766955,39729,26533446,39729,263756,39729,4869.330837403123,39729,1739.5426334855224,39729,87838,39729,124304218791.16798,39729,124192977591.16798,39729,4860,1,3,0.0800013285868855,0.0274073772073485,0,8438.66519591451,5638.665195914509,300000,1566,12,0.2245927858729694,0.1079301476641997,50,2238066585.2166657,2238063785.2166657,192775.2260313625,667.8609076493242,6.638878401167912,0.12256363959332284,0.043785210639218766,2.210929044274963,3128803.110855244,3126003.110855244
results\cec2017_ablation6\ablation6_restart_details.csv,PSO-RS,29,F29,40573,7815035895,40573,27508385,40573,272706,40573,5039.942168811121,40573,1766.2610858798218,40573,81593,40573,248911862933.0872,40573,248794201233.0872,40573,4460,1,1,0.0800004098703346,0.0263731661389619,0,10893.293773602472,7993.293773602472,300000,1482,12,0.2312117367106436,0.105648001933024,50,5090971391.469007,5090968491.469007,192616.6636679565,677.9973134843369,6.721366425948291,0.12421911539228356,0.04353291809528065,2.0110171789120845,6134913.931261853,6132013.931261853
