source_file,Algorithm,FunctionID,Function,__rows,MeanError__sum,MeanError__count,MeanError__min,MeanError__max,Rank__sum,Rank__count,Rank__min,Rank__max,MeanError__mean,Rank__mean
results\cec2017_ablation6\ablation6_rank_detail.csv,ARPSO-EIS,1,F1,1,76499.01224010966,1,76499.01224010966,76499.01224010966,5.0,1,5.0,5.0,76499.01224010966,5.0
results\cec2017_ablation6\ablation6_rank_detail.csv,ARPSO-EIS,3,F3,1,44.23280556369911,1,44.23280556369911,44.23280556369911,4.0,1,4.0,4.0,44.23280556369911,4.0
results\cec2017_ablation6\ablation6_rank_detail.csv,ARPSO-EIS,4,F4,1,172.09867823921093,1,172.09867823921093,172.09867823921093,4.0,1,4.0,4.0,172.09867823921093,4.0
results\cec2017_ablation6\ablation6_rank_detail.csv,ARPSO-EIS,5,F5,1,0.0001002247663905,1,0.0001002247663905,0.0001002247663905,4.0,1,4.0,4.0,0.0001002247663905,4.0
results\cec2017_ablation6\ablation6_rank_detail.csv,ARPSO-EIS,6,F6,1,316.0557740266764,1,316.0557740266764,316.0557740266764,4.0,1,4.0,4.0,316.0557740266764,4.0
results\cec2017_ablation6\ablation6_rank_detail.csv,ARPSO-EIS,7,F7,1,162.35046590527477,1,162.35046590527477,162.35046590527477,1.0,1,1.0,1.0,162.35046590527477,1.0
results\cec2017_ablation6\ablation6_rank_detail.csv,ARPSO-EIS,8,F8,1,3.129834016503109,1,3.129834016503109,3.129834016503109,6.0,1,6.0,6.0,3.129834016503109,6.0
results\cec2017_ablation6\ablation6_rank_detail.csv,ARPSO-EIS,9,F9,1,0.0,1,0.0,0.0,3.0,1,3.0,3.0,0.0,3.0
results\cec2017_ablation6\ablation6_rank_detail.csv,ARPSO-EIS,10,F10,1,25798.0779258218,1,25798.0779258218,25798.0779258218,4.0,1,4.0,4.0,25798.0779258218,4.0
results\cec2017_ablation6\ablation6_rank_detail.csv,ARPSO-EIS,11,F11,1,3959034.555785832,1,3959034.555785832,3959034.555785832,5.0,1,5.0,5.0,3959034.555785832,5.0
results\cec2017_ablation6\ablation6_rank_detail.csv,ARPSO-EIS,12,F12,1,314852.98666131555,1,314852.98666131555,314852.98666131555,5.0,1,5.0,5.0,314852.98666131555,5.0
results\cec2017_ablation6\ablation6_rank_detail.csv,ARPSO-EIS,13,F13,1,95516.8849038873,1,95516.8849038873,95516.8849038873,2.0,1,2.0,2.0,95516.8849038873,2.0
results\cec2017_ablation6\ablation6_rank_detail.csv,ARPSO-EIS,14,F14,1,155380.5395439379,1,155380.5395439379,155380.5395439379,2.0,1,2.0,2.0,155380.5395439379,2.0
results\cec2017_ablation6\ablation6_rank_detail.csv,ARPSO-EIS,15,F15,1,3348.3915360119804,1,3348.3915360119804,3348.3915360119804,1.0,1,1.0,1.0,3348.3915360119804,1.0
results\cec2017_ablation6\ablation6_rank_detail.csv,ARPSO-EIS,16,F16,1,1213.3545544949402,1,1213.3545544949402,1213.3545544949402,3.0,1,3.0,3.0,1213.3545544949402,3.0
results\cec2017_ablation6\ablation6_rank_detail.csv,ARPSO-EIS,17,F17,1,46855.02861843327,1,46855.02861843327,46855.02861843327,3.0,1,3.0,3.0,46855.02861843327,3.0
results\cec2017_ablation6\ablation6_rank_detail.csv,ARPSO-EIS,18,F18,1,87817.48861327466,1,87817.48861327466,87817.48861327466,4.0,1,4.0,4.0,87817.48861327466,4.0
results\cec2017_ablation6\ablation6_rank_detail.csv,ARPSO-EIS,19,F19,1,66.4591015127898,1,66.4591015127898,66.4591015127898,1.0,1,1.0,1.0,66.4591015127898,1.0
results\cec2017_ablation6\ablation6_rank_detail.csv,ARPSO-EIS,20,F20,1,308.0396547027592,1,308.0396547027592,308.0396547027592,2.0,1,2.0,2.0,308.0396547027592,2.0
results\cec2017_ablation6\ablation6_rank_detail.csv,ARPSO-EIS,21,F21,1,0.0,1,0.0,0.0,3.0,1,3.0,3.0,0.0,3.0
results\cec2017_ablation6\ablation6_rank_detail.csv,ARPSO-EIS,22,F22,1,337.45602059701844,1,337.45602059701844,337.45602059701844,5.0,1,5.0,5.0,337.45602059701844,5.0
results\cec2017_ablation6\ablation6_rank_detail.csv,ARPSO-EIS,23,F23,1,292.1555992142041,1,292.1555992142041,292.1555992142041,6.0,1,6.0,6.0,292.1555992142041,6.0
results\cec2017_ablation6\ablation6_rank_detail.csv,ARPSO-EIS,24,F24,1,437.521344664808,1,437.521344664808,437.521344664808,5.0,1,5.0,5.0,437.521344664808,5.0
results\cec2017_ablation6\ablation6_rank_detail.csv,ARPSO-EIS,25,F25,1,841.9356432743264,1,841.9356432743264,841.9356432743264,3.0,1,3.0,3.0,841.9356432743264,3.0
results\cec2017_ablation6\ablation6_rank_detail.csv,ARPSO-EIS,26,F26,1,529.4300279698557,1,529.4300279698557,529.4300279698557,4.0,1,4.0,4.0,529.4300279698557,4.0
results\cec2017_ablation6\ablation6_rank_detail.csv,ARPSO-EIS,27,F27,1,84.17584375171901,1,84.17584375171901,84.17584375171901,1.0,1,1.0,1.0,84.17584375171901,1.0
results\cec2017_ablation6\ablation6_rank_detail.csv,ARPSO-EIS,28,F28,1,14904.47874288048,1,14904.47874288048,14904.47874288048,1.0,1,1.0,1.0,14904.47874288048,1.0
results\cec2017_ablation6\ablation6_rank_detail.csv,ARPSO-EIS,29,F29,1,4356006.725264401,1,4356006.725264401,4356006.725264401,6.0,1,6.0,6.0,4356006.725264401,6.0
results\cec2017_ablation6\ablation6_rank_detail.csv,ARPSO-Fixed,1,F1,1,9136.101345983638,1,9136.101345983638,9136.101345983638,3.0,1,3.0,3.0,9136.101345983638,3.0
results\cec2017_ablation6\ablation6_rank_detail.csv,ARPSO-Fixed,3,F3,1,43.65722817390522,1,43.65722817390522,43.65722817390522,3.0,1,3.0,3.0,43.65722817390522,3.0
results\cec2017_ablation6\ablation6_rank_detail.csv,ARPSO-Fixed,4,F4,1,156.76211527564354,1,156.76211527564354,156.76211527564354,3.0,1,3.0,3.0,156.76211527564354,3.0
results\cec2017_ablation6\ablation6_rank_detail.csv,ARPSO-Fixed,5,F5,1,0.0001446235526051,1,0.0001446235526051,0.0001446235526051,6.0,1,6.0,6.0,0.0001446235526051,6.0
results\cec2017_ablation6\ablation6_rank_detail.csv,ARPSO-Fixed,6,F6,1,236.3511402955509,1,236.3511402955509,236.3511402955509,3.0,1,3.0,3.0,236.3511402955509,3.0
results\cec2017_ablation6\ablation6_rank_detail.csv,ARPSO-Fixed,7,F7,1,179.86672555033084,1,179.86672555033084,179.86672555033084,4.0,1,4.0,4.0,179.86672555033084,4.0
results\cec2017_ablation6\ablation6_rank_detail.csv,ARPSO-Fixed,8,F8,1,2.1266276953854724,1,2.1266276953854724,2.1266276953854724,2.0,1,2.0,2.0,2.1266276953854724,2.0
results\cec2017_ablation6\ablation6_rank_detail.csv,ARPSO-Fixed,9,F9,1,0.0,1,0.0,0.0,3.0,1,3.0,3.0,0.0,3.0
results\cec2017_ablation6\ablation6_rank_detail.csv,ARPSO-Fixed,10,F10,1,24856.81722312504,1,24856.81722312504,24856.81722312504,3.0,1,3.0,3.0,24856.81722312504,3.0
results\cec2017_ablation6\ablation6_rank_detail.csv,ARPSO-Fixed,11,F11,1,5586063.914336166,1,5586063.914336166,5586063.914336166,6.0,1,6.0,6.0,5586063.914336166,6.0
results\cec2017_ablation6\ablation6_rank_detail.csv,ARPSO-Fixed,12,F12,1,221972.91611120556,1,221972.91611120556,221972.91611120556,2.0,1,2.0,2.0,221972.91611120556,2.0
results\cec2017_ablation6\ablation6_rank_detail.csv,ARPSO-Fixed,13,F13,1,101474.2452814968,1,101474.2452814968,101474.2452814968,3.0,1,3.0,3.0,101474.2452814968,3.0
results\cec2017_ablation6\ablation6_rank_detail.csv,ARPSO-Fixed,14,F14,1,223947.39411330875,1,223947.39411330875,223947.39411330875,5.0,1,5.0,5.0,223947.39411330875,5.0
results\cec2017_ablation6\ablation6_rank_detail.csv,ARPSO-Fixed,15,F15,1,4736.763330557741,1,4736.763330557741,4736.763330557741,4.0,1,4.0,4.0,4736.763330557741,4.0
results\cec2017_ablation6\ablation6_rank_detail.csv,ARPSO-Fixed,16,F16,1,1255.5760952336334,1,1255.5760952336334,1255.5760952336334,4.0,1,4.0,4.0,1255.5760952336334,4.0
results\cec2017_ablation6\ablation6_rank_detail.csv,ARPSO-Fixed,17,F17,1,58590.6979972471,1,58590.6979972471,58590.6979972471,5.0,1,5.0,5.0,58590.6979972471,5.0
results\cec2017_ablation6\ablation6_rank_detail.csv,ARPSO-Fixed,18,F18,1,74566.93405003556,1,74566.93405003556,74566.93405003556,1.0,1,1.0,1.0,74566.93405003556,1.0
results\cec2017_ablation6\ablation6_rank_detail.csv,ARPSO-Fixed,19,F19,1,124.2252706224944,1,124.2252706224944,124.2252706224944,4.0,1,4.0,4.0,124.2252706224944,4.0
results\cec2017_ablation6\ablation6_rank_detail.csv,ARPSO-Fixed,20,F20,1,315.4001715954853,1,315.4001715954853,315.4001715954853,3.0,1,3.0,3.0,315.4001715954853,3.0
results\cec2017_ablation6\ablation6_rank_detail.csv,ARPSO-Fixed,21,F21,1,3.315977991740525,1,3.315977991740525,3.315977991740525,6.0,1,6.0,6.0,3.315977991740525,6.0
results\cec2017_ablation6\ablation6_rank_detail.csv,ARPSO-Fixed,22,F22,1,241.07453115004373,1,241.07453115004373,241.07453115004373,1.0,1,1.0,1.0,241.07453115004373,1.0
results\cec2017_ablation6\ablation6_rank_detail.csv,ARPSO-Fixed,23,F23,1,222.632252748191,1,222.632252748191,222.632252748191,3.0,1,3.0,3.0,222.632252748191,3.0
results\cec2017_ablation6\ablation6_rank_detail.csv,ARPSO-Fixed,24,F24,1,432.6306635452974,1,432.6306635452974,432.6306635452974,3.0,1,3.0,3.0,432.6306635452974,3.0
results\cec2017_ablation6\ablation6_rank_detail.csv,ARPSO-Fixed,25,F25,1,842.0560880475201,1,842.0560880475201,842.0560880475201,4.0,1,4.0,4.0,842.0560880475201,4.0
results\cec2017_ablation6\ablation6_rank_detail.csv,ARPSO-Fixed,26,F26,1,520.9294119059371,1,520.9294119059371,520.9294119059371,2.0,1,2.0,2.0,520.9294119059371,2.0
results\cec2017_ablation6\ablation6_rank_detail.csv,ARPSO-Fixed,27,F27,1,217.77090002009692,1,217.77090002009692,217.77090002009692,4.0,1,4.0,4.0,217.77090002009692,4.0
results\cec2017_ablation6\ablation6_rank_detail.csv,ARPSO-Fixed,28,F28,1,27089.904316962205,1,27089.904316962205,27089.904316962205,4.0,1,4.0,4.0,27089.904316962205,4.0
results\cec2017_ablation6\ablation6_rank_detail.csv,ARPSO-Fixed,29,F29,1,732963.140688084,1,732963.140688084,732963.140688084,3.0,1,3.0,3.0,732963.140688084,3.0
results\cec2017_ablation6\ablation6_rank_detail.csv,ARPSO-Global,1,F1,1,10674.637356248057,1,10674.637356248057,10674.637356248057,4.0,1,4.0,4.0,10674.637356248057,4.0
results\cec2017_ablation6\ablation6_rank_detail.csv,ARPSO-Global,3,F3,1,83.60899991728456,1,83.60899991728456,83.60899991728456,6.0,1,6.0,6.0,83.60899991728456,6.0
results\cec2017_ablation6\ablation6_rank_detail.csv,ARPSO-Global,4,F4,1,242.5005552250169,1,242.5005552250169,242.5005552250169,6.0,1,6.0,6.0,242.5005552250169,6.0
results\cec2017_ablation6\ablation6_rank_detail.csv,ARPSO-Global,5,F5,1,9.199953885854485e-05,1,9.199953885854485e-05,9.199953885854485e-05,3.0,1,3.0,3.0,9.199953885854485e-05,3.0
results\cec2017_ablation6\ablation6_rank_detail.csv,ARPSO-Global,6,F6,1,668.9924966507945,1,668.9924966507945,668.9924966507945,5.0,1,5.0,5.0,668.9924966507945,5.0
results\cec2017_ablation6\ablation6_rank_detail.csv,ARPSO-Global,7,F7,1,165.97418396165725,1,165.97418396165725,165.97418396165725,2.0,1,2.0,2.0,165.97418396165725,2.0
results\cec2017_ablation6\ablation6_rank_detail.csv,ARPSO-Global,8,F8,1,1.9013356950524023,1,1.9013356950524023,1.9013356950524023,1.0,1,1.0,1.0,1.9013356950524023,1.0
results\cec2017_ablation6\ablation6_rank_detail.csv,ARPSO-Global,9,F9,1,0.0,1,0.0,0.0,3.0,1,3.0,3.0,0.0,3.0
results\cec2017_ablation6\ablation6_rank_detail.csv,ARPSO-Global,10,F10,1,39396.24578713159,1,39396.24578713159,39396.24578713159,6.0,1,6.0,6.0,39396.24578713159,6.0
results\cec2017_ablation6\ablation6_rank_detail.csv,ARPSO-Global,11,F11,1,3947499.2458382295,1,3947499.2458382295,3947499.2458382295,4.0,1,4.0,4.0,3947499.2458382295,4.0
results\cec2017_ablation6\ablation6_rank_detail.csv,ARPSO-Global,12,F12,1,286303.188463893,1,286303.188463893,286303.188463893,4.0,1,4.0,4.0,286303.188463893,4.0
results\cec2017_ablation6\ablation6_rank_detail.csv,ARPSO-Global,13,F13,1,102703.5052603259,1,102703.5052603259,102703.5052603259,4.0,1,4.0,4.0,102703.5052603259,4.0
results\cec2017_ablation6\ablation6_rank_detail.csv,ARPSO-Global,14,F14,1,269953.9380078911,1,269953.9380078911,269953.9380078911,6.0,1,6.0,6.0,269953.9380078911,6.0
results\cec2017_ablation6\ablation6_rank_detail.csv,ARPSO-Global,15,F15,1,8467.350199551112,1,8467.350199551112,8467.350199551112,5.0,1,5.0,5.0,8467.350199551112,5.0
results\cec2017_ablation6\ablation6_rank_detail.csv,ARPSO-Global,16,F16,1,1333.5592664501755,1,1333.5592664501755,1333.5592664501755,6.0,1,6.0,6.0,1333.5592664501755,6.0
results\cec2017_ablation6\ablation6_rank_detail.csv,ARPSO-Global,17,F17,1,38067.98572885556,1,38067.98572885556,38067.98572885556,1.0,1,1.0,1.0,38067.98572885556,1.0
results\cec2017_ablation6\ablation6_rank_detail.csv,ARPSO-Global,18,F18,1,82811.14566020928,1,82811.14566020928,82811.14566020928,3.0,1,3.0,3.0,82811.14566020928,3.0
results\cec2017_ablation6\ablation6_rank_detail.csv,ARPSO-Global,19,F19,1,87.47067845298119,1,87.47067845298119,87.47067845298119,3.0,1,3.0,3.0,87.47067845298119,3.0
results\cec2017_ablation6\ablation6_rank_detail.csv,ARPSO-Global,20,F20,1,539.7587627078683,1,539.7587627078683,539.7587627078683,6.0,1,6.0,6.0,539.7587627078683,6.0
results\cec2017_ablation6\ablation6_rank_detail.csv,ARPSO-Global,21,F21,1,0.0,1,0.0,0.0,3.0,1,3.0,3.0,0.0,3.0
results\cec2017_ablation6\ablation6_rank_detail.csv,ARPSO-Global,22,F22,1,676.35376355922,1,676.35376355922,676.35376355922,6.0,1,6.0,6.0,676.35376355922,6.0
results\cec2017_ablation6\ablation6_rank_detail.csv,ARPSO-Global,23,F23,1,226.12187516006912,1,226.12187516006912,226.12187516006912,4.0,1,4.0,4.0,226.12187516006912,4.0
results\cec2017_ablation6\ablation6_rank_detail.csv,ARPSO-Global,24,F24,1,439.59990297524666,1,439.59990297524666,439.59990297524666,6.0,1,6.0,6.0,439.59990297524666,6.0
results\cec2017_ablation6\ablation6_rank_detail.csv,ARPSO-Global,25,F25,1,853.2611879204956,1,853.2611879204956,853.2611879204956,6.0,1,6.0,6.0,853.2611879204956,6.0
results\cec2017_ablation6\ablation6_rank_detail.csv,ARPSO-Global,26,F26,1,527.2147086851404,1,527.2147086851404,527.2147086851404,3.0,1,3.0,3.0,527.2147086851404,3.0
results\cec2017_ablation6\ablation6_rank_detail.csv,ARPSO-Global,27,F27,1,396.25114653462,1,396.25114653462,396.25114653462,6.0,1,6.0,6.0,396.25114653462,6.0
results\cec2017_ablation6\ablation6_rank_detail.csv,ARPSO-Global,28,F28,1,145709.9346988126,1,145709.9346988126,145709.9346988126,6.0,1,6.0,6.0,145709.9346988126,6.0
results\cec2017_ablation6\ablation6_rank_detail.csv,ARPSO-Global,29,F29,1,160795.3717147829,1,160795.3717147829,160795.3717147829,1.0,1,1.0,1.0,160795.3717147829,1.0
results\cec2017_ablation6\ablation6_rank_detail.csv,ARPSO-Local,1,F1,1,7954.159842896741,1,7954.159842896741,7954.159842896741,1.0,1,1.0,1.0,7954.159842896741,1.0
results\cec2017_ablation6\ablation6_rank_detail.csv,ARPSO-Local,3,F3,1,40.444758863265584,1,40.444758863265584,40.444758863265584,2.0,1,2.0,2.0,40.444758863265584,2.0
results\cec2017_ablation6\ablation6_rank_detail.csv,ARPSO-Local,4,F4,1,149.0825166521918,1,149.0825166521918,149.0825166521918,2.0,1,2.0,2.0,149.0825166521918,2.0
results\cec2017_ablation6\ablation6_rank_detail.csv,ARPSO-Local,5,F5,1,7.93596213592688e-05,1,7.93596213592688e-05,7.93596213592688e-05,2.0,1,2.0,2.0,7.93596213592688e-05,2.0
results\cec2017_ablation6\ablation6_rank_detail.csv,ARPSO-Local,6,F6,1,193.9726152232347,1,193.9726152232347,193.9726152232347,1.0,1,1.0,1.0,193.9726152232347,1.0
results\cec2017_ablation6\ablation6_rank_detail.csv,ARPSO-Local,7,F7,1,181.5333333333336,1,181.5333333333336,181.5333333333336,5.0,1,5.0,5.0,181.5333333333336,5.0
results\cec2017_ablation6\ablation6_rank_detail.csv,ARPSO-Local,8,F8,1,2.2230415362648994,1,2.2230415362648994,2.2230415362648994,3.0,1,3.0,3.0,2.2230415362648994,3.0
results\cec2017_ablation6\ablation6_rank_detail.csv,ARPSO-Local,9,F9,1,0.0,1,0.0,0.0,3.0,1,3.0,3.0,0.0,3.0
results\cec2017_ablation6\ablation6_rank_detail.csv,ARPSO-Local,10,F10,1,18801.88429840003,1,18801.88429840003,18801.88429840003,1.0,1,1.0,1.0,18801.88429840003,1.0
results\cec2017_ablation6\ablation6_rank_detail.csv,ARPSO-Local,11,F11,1,1445181.7507456846,1,1445181.7507456846,1445181.7507456846,1.0,1,1.0,1.0,1445181.7507456846,1.0
results\cec2017_ablation6\ablation6_rank_detail.csv,ARPSO-Local,12,F12,1,183307.89373556356,1,183307.89373556356,183307.89373556356,1.0,1,1.0,1.0,183307.89373556356,1.0
results\cec2017_ablation6\ablation6_rank_detail.csv,ARPSO-Local,13,F13,1,106350.64401324176,1,106350.64401324176,106350.64401324176,6.0,1,6.0,6.0,106350.64401324176,6.0
results\cec2017_ablation6\ablation6_rank_detail.csv,ARPSO-Local,14,F14,1,170741.86344405447,1,170741.86344405447,170741.86344405447,4.0,1,4.0,4.0,170741.86344405447,4.0
results\cec2017_ablation6\ablation6_rank_detail.csv,ARPSO-Local,15,F15,1,3574.2228776746315,1,3574.2228776746315,3574.2228776746315,3.0,1,3.0,3.0,3574.2228776746315,3.0
results\cec2017_ablation6\ablation6_rank_detail.csv,ARPSO-Local,16,F16,1,1117.5789008878785,1,1117.5789008878785,1117.5789008878785,2.0,1,2.0,2.0,1117.5789008878785,2.0
results\cec2017_ablation6\ablation6_rank_detail.csv,ARPSO-Local,17,F17,1,60303.91379194875,1,60303.91379194875,60303.91379194875,6.0,1,6.0,6.0,60303.91379194875,6.0
results\cec2017_ablation6\ablation6_rank_detail.csv,ARPSO-Local,18,F18,1,96538.52249458588,1,96538.52249458588,96538.52249458588,6.0,1,6.0,6.0,96538.52249458588,6.0
results\cec2017_ablation6\ablation6_rank_detail.csv,ARPSO-Local,19,F19,1,138.19233839878322,1,138.19233839878322,138.19233839878322,5.0,1,5.0,5.0,138.19233839878322,5.0
results\cec2017_ablation6\ablation6_rank_detail.csv,ARPSO-Local,20,F20,1,299.4500101863984,1,299.4500101863984,299.4500101863984,1.0,1,1.0,1.0,299.4500101863984,1.0
results\cec2017_ablation6\ablation6_rank_detail.csv,ARPSO-Local,21,F21,1,0.0,1,0.0,0.0,3.0,1,3.0,3.0,0.0,3.0
results\cec2017_ablation6\ablation6_rank_detail.csv,ARPSO-Local,22,F22,1,318.1917977226366,1,318.1917977226366,318.1917977226366,4.0,1,4.0,4.0,318.1917977226366,4.0
results\cec2017_ablation6\ablation6_rank_detail.csv,ARPSO-Local,23,F23,1,222.5655600945876,1,222.5655600945876,222.5655600945876,2.0,1,2.0,2.0,222.5655600945876,2.0
results\cec2017_ablation6\ablation6_rank_detail.csv,ARPSO-Local,24,F24,1,424.9591099243247,1,424.9591099243247,424.9591099243247,1.0,1,1.0,1.0,424.9591099243247,1.0
results\cec2017_ablation6\ablation6_rank_detail.csv,ARPSO-Local,25,F25,1,835.8390868318701,1,835.8390868318701,835.8390868318701,1.0,1,1.0,1.0,835.8390868318701,1.0
results\cec2017_ablation6\ablation6_rank_detail.csv,ARPSO-Local,26,F26,1,511.98967784514656,1,511.98967784514656,511.98967784514656,1.0,1,1.0,1.0,511.98967784514656,1.0
results\cec2017_ablation6\ablation6_rank_detail.csv,ARPSO-Local,27,F27,1,109.30039516237927,1,109.30039516237927,109.30039516237927,2.0,1,2.0,2.0,109.30039516237927,2.0
results\cec2017_ablation6\ablation6_rank_detail.csv,ARPSO-Local,28,F28,1,23491.715869697346,1,23491.715869697346,23491.715869697346,2.0,1,2.0,2.0,23491.715869697346,2.0
results\cec2017_ablation6\ablation6_rank_detail.csv,ARPSO-Local,29,F29,1,1681371.2469508103,1,1681371.2469508103,1681371.2469508103,5.0,1,5.0,5.0,1681371.2469508103,5.0
results\cec2017_ablation6\ablation6_rank_detail.csv,ARPSO-SRR,1,F1,1,9001.842466992279,1,9001.842466992279,9001.842466992279,2.0,1,2.0,2.0,9001.842466992279,2.0
results\cec2017_ablation6\ablation6_rank_detail.csv,ARPSO-SRR,3,F3,1,38.0550045564732,1,38.0550045564732,38.0550045564732,1.0,1,1.0,1.0,38.0550045564732,1.0
results\cec2017_ablation6\ablation6_rank_detail.csv,ARPSO-SRR,4,F4,1,135.91752086879256,1,135.91752086879256,135.91752086879256,1.0,1,1.0,1.0,135.91752086879256,1.0
results\cec2017_ablation6\ablation6_rank_detail.csv,ARPSO-SRR,5,F5,1,0.0001079992728212,1,0.0001079992728212,0.0001079992728212,5.0,1,5.0,5.0,0.0001079992728212,5.0
results\cec2017_ablation6\ablation6_rank_detail.csv,ARPSO-SRR,6,F6,1,224.163237469481,1,224.163237469481,224.163237469481,2.0,1,2.0,2.0,224.163237469481,2.0
results\cec2017_ablation6\ablation6_rank_detail.csv,ARPSO-SRR,7,F7,1,173.73333333333332,1,173.73333333333332,173.73333333333332,3.0,1,3.0,3.0,173.73333333333332,3.0
results\cec2017_ablation6\ablation6_rank_detail.csv,ARPSO-SRR,8,F8,1,2.549946654250592,1,2.549946654250592,2.549946654250592,4.0,1,4.0,4.0,2.549946654250592,4.0
results\cec2017_ablation6\ablation6_rank_detail.csv,ARPSO-SRR,9,F9,1,9.838111380776477,1,9.838111380776477,9.838111380776477,6.0,1,6.0,6.0,9.838111380776477,6.0
results\cec2017_ablation6\ablation6_rank_detail.csv,ARPSO-SRR,10,F10,1,24684.885872282142,1,24684.885872282142,24684.885872282142,2.0,1,2.0,2.0,24684.885872282142,2.0
results\cec2017_ablation6\ablation6_rank_detail.csv,ARPSO-SRR,11,F11,1,3711989.920948873,1,3711989.920948873,3711989.920948873,3.0,1,3.0,3.0,3711989.920948873,3.0
results\cec2017_ablation6\ablation6_rank_detail.csv,ARPSO-SRR,12,F12,1,233981.3520848317,1,233981.3520848317,233981.3520848317,3.0,1,3.0,3.0,233981.3520848317,3.0
results\cec2017_ablation6\ablation6_rank_detail.csv,ARPSO-SRR,13,F13,1,105699.78893786398,1,105699.78893786398,105699.78893786398,5.0,1,5.0,5.0,105699.78893786398,5.0
results\cec2017_ablation6\ablation6_rank_detail.csv,ARPSO-SRR,14,F14,1,110146.77625529912,1,110146.77625529912,110146.77625529912,1.0,1,1.0,1.0,110146.77625529912,1.0
results\cec2017_ablation6\ablation6_rank_detail.csv,ARPSO-SRR,15,F15,1,3364.600634650197,1,3364.600634650197,3364.600634650197,2.0,1,2.0,2.0,3364.600634650197,2.0
results\cec2017_ablation6\ablation6_rank_detail.csv,ARPSO-SRR,16,F16,1,1068.9581128678333,1,1068.9581128678333,1068.9581128678333,1.0,1,1.0,1.0,1068.9581128678333,1.0
results\cec2017_ablation6\ablation6_rank_detail.csv,ARPSO-SRR,17,F17,1,54001.24051683864,1,54001.24051683864,54001.24051683864,4.0,1,4.0,4.0,54001.24051683864,4.0
results\cec2017_ablation6\ablation6_rank_detail.csv,ARPSO-SRR,18,F18,1,82581.58791297112,1,82581.58791297112,82581.58791297112,2.0,1,2.0,2.0,82581.58791297112,2.0
results\cec2017_ablation6\ablation6_rank_detail.csv,ARPSO-SRR,19,F19,1,71.58615410462389,1,71.58615410462389,71.58615410462389,2.0,1,2.0,2.0,71.58615410462389,2.0
results\cec2017_ablation6\ablation6_rank_detail.csv,ARPSO-SRR,20,F20,1,350.6958226788277,1,350.6958226788277,350.6958226788277,4.0,1,4.0,4.0,350.6958226788277,4.0
results\cec2017_ablation6\ablation6_rank_detail.csv,ARPSO-SRR,21,F21,1,0.0,1,0.0,0.0,3.0,1,3.0,3.0,0.0,3.0
results\cec2017_ablation6\ablation6_rank_detail.csv,ARPSO-SRR,22,F22,1,259.4894955630991,1,259.4894955630991,259.4894955630991,2.0,1,2.0,2.0,259.4894955630991,2.0
results\cec2017_ablation6\ablation6_rank_detail.csv,ARPSO-SRR,23,F23,1,210.2902666356271,1,210.2902666356271,210.2902666356271,1.0,1,1.0,1.0,210.2902666356271,1.0
results\cec2017_ablation6\ablation6_rank_detail.csv,ARPSO-SRR,24,F24,1,432.1121168157139,1,432.1121168157139,432.1121168157139,2.0,1,2.0,2.0,432.1121168157139,2.0
results\cec2017_ablation6\ablation6_rank_detail.csv,ARPSO-SRR,25,F25,1,840.3514545495594,1,840.3514545495594,840.3514545495594,2.0,1,2.0,2.0,840.3514545495594,2.0
results\cec2017_ablation6\ablation6_rank_detail.csv,ARPSO-SRR,26,F26,1,535.8285639890536,1,535.8285639890536,535.8285639890536,5.0,1,5.0,5.0,535.8285639890536,5.0
results\cec2017_ablation6\ablation6_rank_detail.csv,ARPSO-SRR,27,F27,1,211.31611898468452,1,211.31611898468452,211.31611898468452,3.0,1,3.0,3.0,211.31611898468452,3.0
results\cec2017_ablation6\ablation6_rank_detail.csv,ARPSO-SRR,28,F28,1,24889.5598205128,1,24889.5598205128,24889.5598205128,3.0,1,3.0,3.0,24889.5598205128,3.0
results\cec2017_ablation6\ablation6_rank_detail.csv,ARPSO-SRR,29,F29,1,559279.1466233494,1,559279.1466233494,559279.1466233494,2.0,1,2.0,2.0,559279.1466233494,2.0
results\cec2017_ablation6\ablation6_rank_detail.csv,PSO-RS,1,F1,1,8069684.897158903,1,8069684.897158903,8069684.897158903,6.0,1,6.0,6.0,8069684.897158903,6.0
results\cec2017_ablation6\ablation6_rank_detail.csv,PSO-RS,3,F3,1,59.73163613755878,1,59.73163613755878,59.73163613755878,5.0,1,5.0,5.0,59.73163613755878,5.0
results\cec2017_ablation6\ablation6_rank_detail.csv,PSO-RS,4,F4,1,182.8569007916164,1,182.8569007916164,182.8569007916164,5.0,1,5.0,5.0,182.8569007916164,5.0
results\cec2017_ablation6\ablation6_rank_detail.csv,PSO-RS,5,F5,1,3.6152997845798986e-05,1,3.6152997845798986e-05,3.6152997845798986e-05,1.0,1,1.0,1.0,3.6152997845798986e-05,1.0
results\cec2017_ablation6\ablation6_rank_detail.csv,PSO-RS,6,F6,1,798.3618748938483,1,798.3618748938483,798.3618748938483,6.0,1,6.0,6.0,798.3618748938483,6.0
results\cec2017_ablation6\ablation6_rank_detail.csv,PSO-RS,7,F7,1,183.31793586028695,1,183.31793586028695,183.31793586028695,6.0,1,6.0,6.0,183.31793586028695,6.0
results\cec2017_ablation6\ablation6_rank_detail.csv,PSO-RS,8,F8,1,2.5684796108293275,1,2.5684796108293275,2.5684796108293275,5.0,1,5.0,5.0,2.5684796108293275,5.0
results\cec2017_ablation6\ablation6_rank_detail.csv,PSO-RS,9,F9,1,0.0,1,0.0,0.0,3.0,1,3.0,3.0,0.0,3.0
results\cec2017_ablation6\ablation6_rank_detail.csv,PSO-RS,10,F10,1,34428.967911459564,1,34428.967911459564,34428.967911459564,5.0,1,5.0,5.0,34428.967911459564,5.0
results\cec2017_ablation6\ablation6_rank_detail.csv,PSO-RS,11,F11,1,3169093.3413447305,1,3169093.3413447305,3169093.3413447305,2.0,1,2.0,2.0,3169093.3413447305,2.0
results\cec2017_ablation6\ablation6_rank_detail.csv,PSO-RS,12,F12,1,436255.36787682207,1,436255.36787682207,436255.36787682207,6.0,1,6.0,6.0,436255.36787682207,6.0
results\cec2017_ablation6\ablation6_rank_detail.csv,PSO-RS,13,F13,1,86769.25160784372,1,86769.25160784372,86769.25160784372,1.0,1,1.0,1.0,86769.25160784372,1.0
results\cec2017_ablation6\ablation6_rank_detail.csv,PSO-RS,14,F14,1,170702.88956591167,1,170702.88956591167,170702.88956591167,3.0,1,3.0,3.0,170702.88956591167,3.0
results\cec2017_ablation6\ablation6_rank_detail.csv,PSO-RS,15,F15,1,11253.04400059741,1,11253.04400059741,11253.04400059741,6.0,1,6.0,6.0,11253.04400059741,6.0
results\cec2017_ablation6\ablation6_rank_detail.csv,PSO-RS,16,F16,1,1283.9055215321025,1,1283.9055215321025,1283.9055215321025,5.0,1,5.0,5.0,1283.9055215321025,5.0
results\cec2017_ablation6\ablation6_rank_detail.csv,PSO-RS,17,F17,1,44332.70062825054,1,44332.70062825054,44332.70062825054,2.0,1,2.0,2.0,44332.70062825054,2.0
results\cec2017_ablation6\ablation6_rank_detail.csv,PSO-RS,18,F18,1,89235.42656795135,1,89235.42656795135,89235.42656795135,5.0,1,5.0,5.0,89235.42656795135,5.0
results\cec2017_ablation6\ablation6_rank_detail.csv,PSO-RS,19,F19,1,172.16446546669084,1,172.16446546669084,172.16446546669084,6.0,1,6.0,6.0,172.16446546669084,6.0
results\cec2017_ablation6\ablation6_rank_detail.csv,PSO-RS,20,F20,1,355.2471202341687,1,355.2471202341687,355.2471202341687,5.0,1,5.0,5.0,355.2471202341687,5.0
results\cec2017_ablation6\ablation6_rank_detail.csv,PSO-RS,21,F21,1,0.0,1,0.0,0.0,3.0,1,3.0,3.0,0.0,3.0
results\cec2017_ablation6\ablation6_rank_detail.csv,PSO-RS,22,F22,1,309.6300547373815,1,309.6300547373815,309.6300547373815,3.0,1,3.0,3.0,309.6300547373815,3.0
results\cec2017_ablation6\ablation6_rank_detail.csv,PSO-RS,23,F23,1,269.0064465258413,1,269.0064465258413,269.0064465258413,5.0,1,5.0,5.0,269.0064465258413,5.0
results\cec2017_ablation6\ablation6_rank_detail.csv,PSO-RS,24,F24,1,434.4338250050649,1,434.4338250050649,434.4338250050649,4.0,1,4.0,4.0,434.4338250050649,4.0
results\cec2017_ablation6\ablation6_rank_detail.csv,PSO-RS,25,F25,1,844.3732633619329,1,844.3732633619329,844.3732633619329,5.0,1,5.0,5.0,844.3732633619329,5.0
results\cec2017_ablation6\ablation6_rank_detail.csv,PSO-RS,26,F26,1,542.6975620771569,1,542.6975620771569,542.6975620771569,6.0,1,6.0,6.0,542.6975620771569,6.0
results\cec2017_ablation6\ablation6_rank_detail.csv,PSO-RS,27,F27,1,390.9369000218672,1,390.9369000218672,390.9369000218672,5.0,1,5.0,5.0,390.9369000218672,5.0
results\cec2017_ablation6\ablation6_rank_detail.csv,PSO-RS,28,F28,1,59068.094836126416,1,59068.094836126416,59068.094836126416,5.0,1,5.0,5.0,59068.094836126416,5.0
results\cec2017_ablation6\ablation6_rank_detail.csv,PSO-RS,29,F29,1,849667.6424495388,1,849667.6424495388,849667.6424495388,4.0,1,4.0,4.0,849667.6424495388,4.0
