source_file,Algorithm,FunctionID,Function,__rows,MeanError__sum,MeanError__count,MeanError__min,MeanError__max,StdError__sum,StdError__count,StdError__min,StdError__max,MedianError__sum,MedianError__count,MedianError__min,MedianError__max,BestError__sum,BestError__count,BestError__min,BestError__max,WorstError__sum,WorstError__count,WorstError__min,WorstError__max,AvgRestart__sum,AvgRestart__count,AvgRestart__min,AvgRestart__max,AvgRuntime__sum,AvgRuntime__count,AvgRuntime__min,AvgRuntime__max,MeanError__mean,StdError__mean,MedianError__mean,BestError__mean,WorstError__mean,AvgRestart__mean,AvgRuntime__mean
results\cec2017_ablation6\ablation6_summary_results.csv,ARPSO-EIS,1,F1,1,76499.01224010966,1,76499.01224010966,76499.01224010966,255671.415379332,1,255671.415379332,255671.415379332,20842.185943910168,1,20842.185943910168,20842.185943910168,75.61243834689847,1,75.61243834689847,75.61243834689847,1380820.3896917887,1,1380820.3896917887,1380820.3896917887,2401.5666666666666,1,2401.5666666666666,2401.5666666666666,9.05126501719157,1,9.05126501719157,9.05126501719157,76499.01224010966,255671.415379332,20842.185943910168,75.61243834689847,1380820.3896917887,2401.5666666666666,9.05126501719157
results\cec2017_ablation6\ablation6_summary_results.csv,ARPSO-EIS,3,F3,1,44.23280556369911,1,44.23280556369911,44.23280556369911,25.2374312319169,1,25.2374312319169,25.2374312319169,31.91964452940277,1,31.91964452940277,31.91964452940277,31.812673781639035,1,31.812673781639035,31.812673781639035,106.69377965309376,1,106.69377965309376,106.69377965309376,2101.9333333333334,1,2101.9333333333334,2101.9333333333334,15.906487170855204,1,15.906487170855204,15.906487170855204,44.23280556369911,25.2374312319169,31.91964452940277,31.812673781639035,106.69377965309376,2101.9333333333334,15.906487170855204
results\cec2017_ablation6\ablation6_summary_results.csv,ARPSO-EIS,4,F4,1,172.09867823921093,1,172.09867823921093,172.09867823921093,55.62846623383401,1,55.62846623383401,55.62846623383401,162.1797601401554,1,162.1797601401554,162.1797601401554,88.55129824363144,1,88.55129824363144,88.55129824363144,297.0588105078566,1,297.0588105078566,297.0588105078566,2300.4333333333334,1,2300.4333333333334,2300.4333333333334,11.603897817929584,1,11.603897817929584,11.603897817929584,172.09867823921093,55.62846623383401,162.1797601401554,88.55129824363144,297.0588105078566,2300.4333333333334,11.603897817929584
results\cec2017_ablation6\ablation6_summary_results.csv,ARPSO-EIS,5,F5,1,0.0001002247663905,1,0.0001002247663905,0.0001002247663905,0.0001616678089865,1,0.0001616678089865,0.0001616678089865,2.2437750885728747e-05,1,2.2437750885728747e-05,2.2437750885728747e-05,1.0128331950909343e-07,1,1.0128331950909343e-07,1.0128331950909343e-07,0.0005798542543971,1,0.0005798542543971,0.0005798542543971,2517.1,1,2517.1,2517.1,64.25525427659353,1,64.25525427659353,64.25525427659353,0.0001002247663905,0.0001616678089865,2.2437750885728747e-05,1.0128331950909343e-07,0.0005798542543971,2517.1,64.25525427659353
results\cec2017_ablation6\ablation6_summary_results.csv,ARPSO-EIS,6,F6,1,316.0557740266764,1,316.0557740266764,316.0557740266764,116.45656275245868,1,116.45656275245868,116.45656275245868,296.9934702645182,1,296.9934702645182,296.9934702645182,101.43139502426516,1,101.43139502426516,101.43139502426516,579.2290177623042,1,579.2290177623042,579.2290177623042,2262.9,1,2262.9,2262.9,22.76240473588308,1,22.76240473588308,22.76240473588308,316.0557740266764,116.45656275245868,296.9934702645182,101.43139502426516,579.2290177623042,2262.9,22.76240473588308
results\cec2017_ablation6\ablation6_summary_results.csv,ARPSO-EIS,7,F7,1,162.35046590527477,1,162.35046590527477,162.35046590527477,39.18770976924577,1,39.18770976924577,39.18770976924577,162.25,1,162.25,162.25,92.0,1,92.0,92.0,274.0,1,274.0,274.0,2064.633333333333,1,2064.633333333333,2064.633333333333,39.72327330112457,1,39.72327330112457,39.72327330112457,162.35046590527477,39.18770976924577,162.25,92.0,274.0,2064.633333333333,39.72327330112457
results\cec2017_ablation6\ablation6_summary_results.csv,ARPSO-EIS,8,F8,1,3.129834016503109,1,3.129834016503109,3.129834016503109,3.0625823220676422,1,3.0625823220676422,3.0625823220676422,2.517910925600688,1,2.517910925600688,2.517910925600688,0.1792084024084488,1,0.1792084024084488,0.1792084024084488,15.479356343360225,1,15.479356343360225,15.479356343360225,2351.4,1,2351.4,2351.4,25.127507678667705,1,25.127507678667705,25.127507678667705,3.129834016503109,3.0625823220676422,2.517910925600688,0.1792084024084488,15.479356343360225,2351.4,25.127507678667705
results\cec2017_ablation6\ablation6_summary_results.csv,ARPSO-EIS,9,F9,1,0.0,1,0.0,0.0,0.0,1,0.0,0.0,0.0,1,0.0,0.0,0.0,1,0.0,0.0,0.0,1,0.0,0.0,1258.2333333333331,1,1258.2333333333331,1258.2333333333331,42.6601471265157,1,42.6601471265157,42.6601471265157,0.0,0.0,0.0,0.0,0.0,1258.2333333333331,42.6601471265157
results\cec2017_ablation6\ablation6_summary_results.csv,ARPSO-EIS,10,F10,1,25798.0779258218,1,25798.0779258218,25798.0779258218,30172.08355443677,1,30172.08355443677,30172.08355443677,19760.77208537302,1,19760.77208537302,19760.77208537302,765.6570430508077,1,765.6570430508077,765.6570430508077,146529.79624306242,1,146529.79624306242,146529.79624306242,1675.9333333333334,1,1675.9333333333334,1675.9333333333334,28.114334241549173,1,28.114334241549173,28.114334241549173,25798.0779258218,30172.08355443677,19760.77208537302,765.6570430508077,146529.79624306242,1675.9333333333334,28.114334241549173
results\cec2017_ablation6\ablation6_summary_results.csv,ARPSO-EIS,11,F11,1,3959034.555785832,1,3959034.555785832,3959034.555785832,5612773.679018247,1,5612773.679018247,5612773.679018247,1212964.9319684464,1,1212964.9319684464,1212964.9319684464,17026.089957345088,1,17026.089957345088,17026.089957345088,22779991.36842298,1,22779991.36842298,22779991.36842298,2109.833333333333,1,2109.833333333333,2109.833333333333,44.50658155282338,1,44.50658155282338,44.50658155282338,3959034.555785832,5612773.679018247,1212964.9319684464,17026.089957345088,22779991.36842298,2109.833333333333,44.50658155282338
results\cec2017_ablation6\ablation6_summary_results.csv,ARPSO-EIS,12,F12,1,314852.98666131555,1,314852.98666131555,314852.98666131555,451094.7471465785,1,451094.7471465785,451094.7471465785,235784.37254324777,1,235784.37254324777,235784.37254324777,46688.886044588944,1,46688.886044588944,46688.886044588944,2616337.292868452,1,2616337.292868452,2616337.292868452,2094.0666666666666,1,2094.0666666666666,2094.0666666666666,31.571588842074075,1,31.571588842074075,31.571588842074075,314852.98666131555,451094.7471465785,235784.37254324777,46688.886044588944,2616337.292868452,2094.0666666666666,31.571588842074075
results\cec2017_ablation6\ablation6_summary_results.csv,ARPSO-EIS,13,F13,1,95516.8849038873,1,95516.8849038873,95516.8849038873,54703.36197981803,1,54703.36197981803,54703.36197981803,84668.05071925794,1,84668.05071925794,84668.05071925794,11111.132229893194,1,11111.132229893194,11111.132229893194,180006.33497451938,1,180006.33497451938,180006.33497451938,1454.8,1,1454.8,1454.8,37.2129553715388,1,37.2129553715388,37.2129553715388,95516.8849038873,54703.36197981803,84668.05071925794,11111.132229893194,180006.33497451938,1454.8,37.2129553715388
results\cec2017_ablation6\ablation6_summary_results.csv,ARPSO-EIS,14,F14,1,155380.5395439379,1,155380.5395439379,155380.5395439379,234242.9908568805,1,234242.9908568805,234242.9908568805,105981.31480109016,1,105981.31480109016,105981.31480109016,21357.21844100805,1,21357.21844100805,21357.21844100805,1286608.310220668,1,1286608.310220668,1286608.310220668,2076.4333333333334,1,2076.4333333333334,2076.4333333333334,31.76771003405253,1,31.76771003405253,31.76771003405253,155380.5395439379,234242.9908568805,105981.31480109016,21357.21844100805,1286608.310220668,2076.4333333333334,31.76771003405253
results\cec2017_ablation6\ablation6_summary_results.csv,ARPSO-EIS,15,F15,1,3348.3915360119804,1,3348.3915360119804,3348.3915360119804,7082.529601492244,1,7082.529601492244,7082.529601492244,1226.2621141309762,1,1226.2621141309762,1226.2621141309762,0.0,1,0.0,0.0,33874.90915010461,1,33874.90915010461,33874.90915010461,1658.8333333333333,1,1658.8333333333333,1658.8333333333333,97.59910864830016,1,97.59910864830016,97.59910864830016,3348.3915360119804,7082.529601492244,1226.2621141309762,0.0,33874.90915010461,1658.8333333333333,97.59910864830016
results\cec2017_ablation6\ablation6_summary_results.csv,ARPSO-EIS,16,F16,1,1213.3545544949402,1,1213.3545544949402,1213.3545544949402,533.8778291784816,1,533.8778291784816,533.8778291784816,1165.2489783399446,1,1165.2489783399446,1165.2489783399446,239.83364763281065,1,239.83364763281065,239.83364763281065,2197.287049873171,1,2197.287049873171,2197.287049873171,1627.4,1,1627.4,1627.4,345.59208974043526,1,345.59208974043526,345.59208974043526,1213.3545544949402,533.8778291784816,1165.2489783399446,239.83364763281065,2197.287049873171,1627.4,345.59208974043526
results\cec2017_ablation6\ablation6_summary_results.csv,ARPSO-EIS,17,F17,1,46855.02861843327,1,46855.02861843327,46855.02861843327,23635.21178833291,1,23635.21178833291,23635.21178833291,43225.36434051806,1,43225.36434051806,43225.36434051806,11371.973480944136,1,11371.973480944136,11371.973480944136,93066.30388555964,1,93066.30388555964,93066.30388555964,1488.5666666666666,1,1488.5666666666666,1488.5666666666666,41.08681788444519,1,41.08681788444519,41.08681788444519,46855.02861843327,23635.21178833291,43225.36434051806,11371.973480944136,93066.30388555964,1488.5666666666666,41.08681788444519
results\cec2017_ablation6\ablation6_summary_results.csv,ARPSO-EIS,18,F18,1,87817.48861327466,1,87817.48861327466,87817.48861327466,45668.8239691448,1,45668.8239691448,45668.8239691448,87106.01940355613,1,87106.01940355613,87106.01940355613,11032.533859296736,1,11032.533859296736,11032.533859296736,219182.0885308491,1,219182.0885308491,219182.0885308491,1850.6333333333332,1,1850.6333333333332,1850.6333333333332,167.68006045818328,1,167.68006045818328,167.68006045818328,87817.48861327466,45668.8239691448,87106.01940355613,11032.533859296736,219182.0885308491,1850.6333333333332,167.68006045818328
results\cec2017_ablation6\ablation6_summary_results.csv,ARPSO-EIS,19,F19,1,66.4591015127898,1,66.4591015127898,66.4591015127898,107.31943986448904,1,107.31943986448904,107.31943986448904,0.0,1,0.0,0.0,0.0,1,0.0,0.0,372.4443059075893,1,372.4443059075893,372.4443059075893,1751.8,1,1751.8,1751.8,298.4543270985285,1,298.4543270985285,298.4543270985285,66.4591015127898,107.31943986448904,0.0,0.0,372.4443059075893,1751.8,298.4543270985285
results\cec2017_ablation6\ablation6_summary_results.csv,ARPSO-EIS,20,F20,1,308.0396547027592,1,308.0396547027592,308.0396547027592,158.72056780523417,1,158.72056780523417,158.72056780523417,353.8884845443388,1,353.8884845443388,353.8884845443388,100.00954427846771,1,100.00954427846771,100.00954427846771,597.5843828109628,1,597.5843828109628,597.5843828109628,2386.6,1,2386.6,2386.6,52.85825680891673,1,52.85825680891673,52.85825680891673,308.0396547027592,158.72056780523417,353.8884845443388,100.00954427846771,597.5843828109628,2386.6,52.85825680891673
results\cec2017_ablation6\ablation6_summary_results.csv,ARPSO-EIS,21,F21,1,0.0,1,0.0,0.0,0.0,1,0.0,0.0,0.0,1,0.0,0.0,0.0,1,0.0,0.0,0.0,1,0.0,0.0,1848.1666666666667,1,1848.1666666666667,1848.1666666666667,71.82586108048757,1,71.82586108048757,71.82586108048757,0.0,0.0,0.0,0.0,0.0,1848.1666666666667,71.82586108048757
results\cec2017_ablation6\ablation6_summary_results.csv,ARPSO-EIS,22,F22,1,337.45602059701844,1,337.45602059701844,337.45602059701844,247.4869069534421,1,247.4869069534421,247.4869069534421,200.047370431342,1,200.047370431342,200.047370431342,200.0006500726149,1,200.0006500726149,200.0006500726149,1171.596525472104,1,1171.596525472104,1171.596525472104,2347.2,1,2347.2,2347.2,88.94349075158438,1,88.94349075158438,88.94349075158438,337.45602059701844,247.4869069534421,200.047370431342,200.0006500726149,1171.596525472104,2347.2,88.94349075158438
results\cec2017_ablation6\ablation6_summary_results.csv,ARPSO-EIS,23,F23,1,292.1555992142041,1,292.1555992142041,292.1555992142041,147.75325428751466,1,147.75325428751466,147.75325428751466,200.02582363084437,1,200.02582363084437,200.02582363084437,200.00419148082528,1,200.00419148082528,200.00419148082528,614.3166001058134,1,614.3166001058134,614.3166001058134,2432.733333333333,1,2432.733333333333,2432.733333333333,63.93006130854289,1,63.93006130854289,63.93006130854289,292.1555992142041,147.75325428751466,200.02582363084437,200.00419148082528,614.3166001058134,2432.733333333333,63.93006130854289
results\cec2017_ablation6\ablation6_summary_results.csv,ARPSO-EIS,24,F24,1,437.521344664808,1,437.521344664808,437.521344664808,30.1602618744784,1,30.1602618744784,30.1602618744784,424.0329753313217,1,424.0329753313217,424.0329753313217,420.9843754946141,1,420.9843754946141,420.9843754946141,513.6172758692583,1,513.6172758692583,513.6172758692583,2144.0666666666666,1,2144.0666666666666,2144.0666666666666,76.7425548950831,1,76.7425548950831,76.7425548950831,437.521344664808,30.1602618744784,424.0329753313217,420.9843754946141,513.6172758692583,2144.0666666666666,76.7425548950831
results\cec2017_ablation6\ablation6_summary_results.csv,ARPSO-EIS,25,F25,1,841.9356432743264,1,841.9356432743264,841.9356432743264,17.42495156545886,1,17.42495156545886,17.42495156545886,836.1579990966875,1,836.1579990966875,836.1579990966875,826.898945895939,1,826.898945895939,826.898945895939,875.0702769131958,1,875.0702769131958,875.0702769131958,2578.1666666666665,1,2578.1666666666665,2578.1666666666665,312.15092011292774,1,312.15092011292774,312.15092011292774,841.9356432743264,17.42495156545886,836.1579990966875,826.898945895939,875.0702769131958,2578.1666666666665,312.15092011292774
results\cec2017_ablation6\ablation6_summary_results.csv,ARPSO-EIS,26,F26,1,529.4300279698557,1,529.4300279698557,529.4300279698557,26.538340541668763,1,26.538340541668763,26.538340541668763,524.551640319266,1,524.551640319266,524.551640319266,487.1860382461846,1,487.1860382461846,487.1860382461846,600.8031256709146,1,600.8031256709146,600.8031256709146,2570.4333333333334,1,2570.4333333333334,2570.4333333333334,317.46396429538726,1,317.46396429538726,317.46396429538726,529.4300279698557,26.538340541668763,524.551640319266,487.1860382461846,600.8031256709146,2570.4333333333334,317.46396429538726
results\cec2017_ablation6\ablation6_summary_results.csv,ARPSO-EIS,27,F27,1,84.17584375171901,1,84.17584375171901,84.17584375171901,139.3871144980462,1,139.3871144980462,139.3871144980462,28.556947551608573,1,28.556947551608573,28.556947551608573,0.0215604642821745,1,0.0215604642821745,0.0215604642821745,474.7350576413551,1,474.7350576413551,474.7350576413551,2239.233333333333,1,2239.233333333333,2239.233333333333,305.4366652568181,1,305.4366652568181,305.4366652568181,84.17584375171901,139.3871144980462,28.556947551608573,0.0215604642821745,474.7350576413551,2239.233333333333,305.4366652568181
results\cec2017_ablation6\ablation6_summary_results.csv,ARPSO-EIS,28,F28,1,14904.47874288048,1,14904.47874288048,14904.47874288048,14418.595924443483,1,14418.595924443483,14418.595924443483,8836.731888121552,1,8836.731888121552,8836.731888121552,3571.2671805265227,1,3571.2671805265227,3571.2671805265227,57308.827909659485,1,57308.827909659485,57308.827909659485,1881.2333333333331,1,1881.2333333333331,1881.2333333333331,450.60720353921255,1,450.60720353921255,450.60720353921255,14904.47874288048,14418.595924443483,8836.731888121552,3571.2671805265227,57308.827909659485,1881.2333333333331,450.60720353921255
results\cec2017_ablation6\ablation6_summary_results.csv,ARPSO-EIS,29,F29,1,4356006.725264401,1,4356006.725264401,4356006.725264401,14690957.945240935,1,14690957.945240935,14690957.945240935,117549.54538130022,1,117549.54538130022,117549.54538130022,30438.46431428744,1,30438.46431428744,30438.46431428744,71314247.33300662,1,71314247.33300662,71314247.33300662,1872.6333333333332,1,1872.6333333333332,1872.6333333333332,248.6232464472453,1,248.6232464472453,248.6232464472453,4356006.725264401,14690957.945240935,117549.54538130022,30438.46431428744,71314247.33300662,1872.6333333333332,248.6232464472453
results\cec2017_ablation6\ablation6_summary_results.csv,ARPSO-Fixed,1,F1,1,9136.101345983638,1,9136.101345983638,9136.101345983638,8317.60308975232,1,8317.60308975232,8317.60308975232,5490.3766835876,1,5490.3766835876,5490.3766835876,3.429509659142681,1,3.429509659142681,3.429509659142681,20841.76721741244,1,20841.76721741244,20841.76721741244,1763.1333333333334,1,1763.1333333333334,1763.1333333333334,7.049175651868184,1,7.049175651868184,7.049175651868184,9136.101345983638,8317.60308975232,5490.3766835876,3.429509659142681,20841.76721741244,1763.1333333333334,7.049175651868184
results\cec2017_ablation6\ablation6_summary_results.csv,ARPSO-Fixed,3,F3,1,43.65722817390522,1,43.65722817390522,43.65722817390522,23.87104000998423,1,23.87104000998423,23.87104000998423,31.872470233518072,1,31.872470233518072,31.872470233518072,31.8136333640154,1,31.8136333640154,31.8136333640154,107.05877470677376,1,107.05877470677376,107.05877470677376,1673.1666666666667,1,1673.1666666666667,1673.1666666666667,13.122608423233032,1,13.122608423233032,13.122608423233032,43.65722817390522,23.87104000998423,31.872470233518072,31.8136333640154,107.05877470677376,1673.1666666666667,13.122608423233032
results\cec2017_ablation6\ablation6_summary_results.csv,ARPSO-Fixed,4,F4,1,156.76211527564354,1,156.76211527564354,156.76211527564354,29.633778859172654,1,29.633778859172654,29.633778859172654,154.69326649148422,1,154.69326649148422,154.69326649148422,101.48528741286714,1,101.48528741286714,101.48528741286714,209.14877069804493,1,209.14877069804493,209.14877069804493,1694.2333333333331,1,1694.2333333333331,1694.2333333333331,10.544673999150596,1,10.544673999150596,10.544673999150596,156.76211527564354,29.633778859172654,154.69326649148422,101.48528741286714,209.14877069804493,1694.2333333333331,10.544673999150596
results\cec2017_ablation6\ablation6_summary_results.csv,ARPSO-Fixed,5,F5,1,0.0001446235526051,1,0.0001446235526051,0.0001446235526051,0.0002787745521364,1,0.0002787745521364,0.0002787745521364,1.9447998624855245e-05,1,1.9447998624855245e-05,1.9447998624855245e-05,9.43742861636565e-09,1,9.43742861636565e-09,9.43742861636565e-09,0.0012817006714271,1,0.0012817006714271,0.0012817006714271,1617.4666666666667,1,1617.4666666666667,1617.4666666666667,60.83686474959055,1,60.83686474959055,60.83686474959055,0.0001446235526051,0.0002787745521364,1.9447998624855245e-05,9.43742861636565e-09,0.0012817006714271,1617.4666666666667,60.83686474959055
results\cec2017_ablation6\ablation6_summary_results.csv,ARPSO-Fixed,6,F6,1,236.3511402955509,1,236.3511402955509,236.3511402955509,62.16797180067952,1,62.16797180067952,62.16797180067952,235.02490329721456,1,235.02490329721456,235.02490329721456,130.44944319567003,1,130.44944319567003,130.44944319567003,390.97450491042616,1,390.97450491042616,390.97450491042616,1673.8333333333333,1,1673.8333333333333,1673.8333333333333,22.909409483273823,1,22.909409483273823,22.909409483273823,236.3511402955509,62.16797180067952,235.02490329721456,130.44944319567003,390.97450491042616,1673.8333333333333,22.909409483273823
results\cec2017_ablation6\ablation6_summary_results.csv,ARPSO-Fixed,7,F7,1,179.86672555033084,1,179.86672555033084,179.86672555033084,52.24086035107821,1,52.24086035107821,52.24086035107821,171.0,1,171.0,171.0,104.0,1,104.0,104.0,364.0017665099247,1,364.0017665099247,364.0017665099247,1924.9,1,1924.9,1924.9,43.39867022037506,1,43.39867022037506,43.39867022037506,179.86672555033084,52.24086035107821,171.0,104.0,364.0017665099247,1924.9,43.39867022037506
results\cec2017_ablation6\ablation6_summary_results.csv,ARPSO-Fixed,8,F8,1,2.1266276953854724,1,2.1266276953854724,2.1266276953854724,1.9744080922130085,1,1.9744080922130085,1.9744080922130085,1.2187024926024606,1,1.2187024926024606,1.2187024926024606,1.638227331568487e-09,1,1.638227331568487e-09,1.638227331568487e-09,7.506551387146942,1,7.506551387146942,7.506551387146942,1719.3,1,1719.3,1719.3,19.749759833017983,1,19.749759833017983,19.749759833017983,2.1266276953854724,1.9744080922130085,1.2187024926024606,1.638227331568487e-09,7.506551387146942,1719.3,19.749759833017983
results\cec2017_ablation6\ablation6_summary_results.csv,ARPSO-Fixed,9,F9,1,0.0,1,0.0,0.0,0.0,1,0.0,0.0,0.0,1,0.0,0.0,0.0,1,0.0,0.0,0.0,1,0.0,0.0,1704.8333333333333,1,1704.8333333333333,1704.8333333333333,40.58353370030721,1,40.58353370030721,40.58353370030721,0.0,0.0,0.0,0.0,0.0,1704.8333333333333,40.58353370030721
results\cec2017_ablation6\ablation6_summary_results.csv,ARPSO-Fixed,10,F10,1,24856.81722312504,1,24856.81722312504,24856.81722312504,23662.124219707548,1,23662.124219707548,23662.124219707548,14237.378475672822,1,14237.378475672822,14237.378475672822,777.0829850556893,1,777.0829850556893,777.0829850556893,74259.31305823359,1,74259.31305823359,74259.31305823359,1359.1,1,1359.1,1359.1,26.47186381816864,1,26.47186381816864,26.47186381816864,24856.81722312504,23662.124219707548,14237.378475672822,777.0829850556893,74259.31305823359,1359.1,26.47186381816864
results\cec2017_ablation6\ablation6_summary_results.csv,ARPSO-Fixed,11,F11,1,5586063.914336166,1,5586063.914336166,5586063.914336166,10887037.08388895,1,10887037.08388895,10887037.08388895,716255.0166572488,1,716255.0166572488,716255.0166572488,13778.357911881958,1,13778.357911881958,13778.357911881958,52803710.155879386,1,52803710.155879386,52803710.155879386,1717.9666666666667,1,1717.9666666666667,1717.9666666666667,55.32638315359751,1,55.32638315359751,55.32638315359751,5586063.914336166,10887037.08388895,716255.0166572488,13778.357911881958,52803710.155879386,1717.9666666666667,55.32638315359751
results\cec2017_ablation6\ablation6_summary_results.csv,ARPSO-Fixed,12,F12,1,221972.91611120556,1,221972.91611120556,221972.91611120556,185047.897332642,1,185047.897332642,185047.897332642,192623.64123552968,1,192623.64123552968,192623.64123552968,10973.613001777408,1,10973.613001777408,10973.613001777408,635462.8139304927,1,635462.8139304927,635462.8139304927,1720.2333333333331,1,1720.2333333333331,1720.2333333333331,28.457245858510337,1,28.457245858510337,28.457245858510337,221972.91611120556,185047.897332642,192623.64123552968,10973.613001777408,635462.8139304927,1720.2333333333331,28.457245858510337
results\cec2017_ablation6\ablation6_summary_results.csv,ARPSO-Fixed,13,F13,1,101474.2452814968,1,101474.2452814968,101474.2452814968,65104.40167141624,1,65104.40167141624,65104.40167141624,87452.06453403224,1,87452.06453403224,87452.06453403224,9135.093228604914,1,9135.093228604914,9135.093228604914,244837.06544073025,1,244837.06544073025,244837.06544073025,1074.4666666666667,1,1074.4666666666667,1074.4666666666667,36.71836477915446,1,36.71836477915446,36.71836477915446,101474.2452814968,65104.40167141624,87452.06453403224,9135.093228604914,244837.06544073025,1074.4666666666667,36.71836477915446
results\cec2017_ablation6\ablation6_summary_results.csv,ARPSO-Fixed,14,F14,1,223947.39411330875,1,223947.39411330875,223947.39411330875,337154.9513419993,1,337154.9513419993,337154.9513419993,104035.22458760426,1,104035.22458760426,104035.22458760426,36671.13071230796,1,36671.13071230796,36671.13071230796,1710748.313394724,1,1710748.313394724,1710748.313394724,1685.5,1,1685.5,1685.5,29.755974817276,1,29.755974817276,29.755974817276,223947.39411330875,337154.9513419993,104035.22458760426,36671.13071230796,1710748.313394724,1685.5,29.755974817276
results\cec2017_ablation6\ablation6_summary_results.csv,ARPSO-Fixed,15,F15,1,4736.763330557741,1,4736.763330557741,4736.763330557741,14426.599263205517,1,14426.599263205517,14426.599263205517,1221.3988506708347,1,1221.3988506708347,1221.3988506708347,0.0,1,0.0,0.0,80110.15227657264,1,80110.15227657264,80110.15227657264,1421.7333333333331,1,1421.7333333333331,1421.7333333333331,93.95348426500956,1,93.95348426500956,93.95348426500956,4736.763330557741,14426.599263205517,1221.3988506708347,0.0,80110.15227657264,1421.7333333333331,93.95348426500956
results\cec2017_ablation6\ablation6_summary_results.csv,ARPSO-Fixed,16,F16,1,1255.5760952336334,1,1255.5760952336334,1255.5760952336334,548.4851735647542,1,548.4851735647542,548.4851735647542,1115.3397822035638,1,1115.3397822035638,1115.3397822035638,43.66335924943815,1,43.66335924943815,43.66335924943815,2389.5840288327936,1,2389.5840288327936,2389.5840288327936,1401.2,1,1401.2,1401.2,303.67249590555826,1,303.67249590555826,303.67249590555826,1255.5760952336334,548.4851735647542,1115.3397822035638,43.66335924943815,2389.5840288327936,1401.2,303.67249590555826
results\cec2017_ablation6\ablation6_summary_results.csv,ARPSO-Fixed,17,F17,1,58590.6979972471,1,58590.6979972471,58590.6979972471,26699.27405259419,1,26699.27405259419,26699.27405259419,58027.570893685326,1,58027.570893685326,58027.570893685326,14904.066673881556,1,14904.066673881556,14904.066673881556,119994.03644785784,1,119994.03644785784,119994.03644785784,1197.6,1,1197.6,1197.6,38.89009521007538,1,38.89009521007538,38.89009521007538,58590.6979972471,26699.27405259419,58027.570893685326,14904.066673881556,119994.03644785784,1197.6,38.89009521007538
results\cec2017_ablation6\ablation6_summary_results.csv,ARPSO-Fixed,18,F18,1,74566.93405003556,1,74566.93405003556,74566.93405003556,64757.29491428287,1,64757.29491428287,64757.29491428287,57498.70806038847,1,57498.70806038847,57498.70806038847,294.0000346981001,1,294.0000346981001,294.0000346981001,258641.07016555185,1,258641.07016555185,258641.07016555185,1468.8666666666666,1,1468.8666666666666,1468.8666666666666,168.73743076324462,1,168.73743076324462,168.73743076324462,74566.93405003556,64757.29491428287,57498.70806038847,294.0000346981001,258641.07016555185,1468.8666666666666,168.73743076324462
results\cec2017_ablation6\ablation6_summary_results.csv,ARPSO-Fixed,19,F19,1,124.2252706224944,1,124.2252706224944,124.2252706224944,184.5834690362478,1,184.5834690362478,184.5834690362478,0.0,1,0.0,0.0,0.0,1,0.0,0.0,804.172694465201,1,804.172694465201,804.172694465201,1336.1666666666667,1,1336.1666666666667,1336.1666666666667,309.7639034350713,1,309.7639034350713,309.7639034350713,124.2252706224944,184.5834690362478,0.0,0.0,804.172694465201,1336.1666666666667,309.7639034350713
results\cec2017_ablation6\ablation6_summary_results.csv,ARPSO-Fixed,20,F20,1,315.4001715954853,1,315.4001715954853,315.4001715954853,190.515873033612,1,190.515873033612,190.515873033612,347.4700323320001,1,347.4700323320001,347.4700323320001,100.00112789408875,1,100.00112789408875,100.00112789408875,1097.0928881283407,1,1097.0928881283407,1097.0928881283407,1749.7333333333331,1,1749.7333333333331,1749.7333333333331,50.18401627540588,1,50.18401627540588,50.18401627540588,315.4001715954853,190.515873033612,347.4700323320001,100.00112789408875,1097.0928881283407,1749.7333333333331,50.18401627540588
results\cec2017_ablation6\ablation6_summary_results.csv,ARPSO-Fixed,21,F21,1,3.315977991740525,1,3.315977991740525,3.315977991740525,18.162359462669656,1,18.162359462669656,18.162359462669656,0.0,1,0.0,0.0,0.0,1,0.0,0.0,99.47933975221576,1,99.47933975221576,99.47933975221576,1633.3,1,1633.3,1633.3,73.70938688119253,1,73.70938688119253,73.70938688119253,3.315977991740525,18.162359462669656,0.0,0.0,99.47933975221576,1633.3,73.70938688119253
results\cec2017_ablation6\ablation6_summary_results.csv,ARPSO-Fixed,22,F22,1,241.07453115004373,1,241.07453115004373,241.07453115004373,116.52589468236292,1,116.52589468236292,116.52589468236292,200.0001102814608,1,200.0001102814608,200.0001102814608,100.0001947326018,1,100.0001947326018,100.0001947326018,546.0637548786608,1,546.0637548786608,546.0637548786608,1726.1666666666667,1,1726.1666666666667,1726.1666666666667,84.33060654799144,1,84.33060654799144,84.33060654799144,241.07453115004373,116.52589468236292,200.0001102814608,100.0001947326018,546.0637548786608,1726.1666666666667,84.33060654799144
results\cec2017_ablation6\ablation6_summary_results.csv,ARPSO-Fixed,23,F23,1,222.632252748191,1,222.632252748191,222.632252748191,69.11280985895486,1,69.11280985895486,69.11280985895486,200.00003548930977,1,200.00003548930977,200.00003548930977,200.00000513015948,1,200.00000513015948,200.00000513015948,435.9290946369656,1,435.9290946369656,435.9290946369656,1761.5666666666666,1,1761.5666666666666,1761.5666666666666,63.67303949197133,1,63.67303949197133,63.67303949197133,222.632252748191,69.11280985895486,200.00003548930977,200.00000513015948,435.9290946369656,1761.5666666666666,63.67303949197133
results\cec2017_ablation6\ablation6_summary_results.csv,ARPSO-Fixed,24,F24,1,432.6306635452974,1,432.6306635452974,432.6306635452974,28.36439808582474,1,28.36439808582474,28.36439808582474,424.3324105328302,1,424.3324105328302,424.3324105328302,421.0602735266443,1,421.0602735266443,421.0602735266443,532.368150255249,1,532.368150255249,532.368150255249,1672.2666666666669,1,1672.2666666666669,1672.2666666666669,75.71415239175161,1,75.71415239175161,75.71415239175161,432.6306635452974,28.36439808582474,424.3324105328302,421.0602735266443,532.368150255249,1672.2666666666669,75.71415239175161
results\cec2017_ablation6\ablation6_summary_results.csv,ARPSO-Fixed,25,F25,1,842.0560880475201,1,842.0560880475201,842.0560880475201,19.282870882179832,1,19.282870882179832,19.282870882179832,831.240692846671,1,831.240692846671,831.240692846671,825.9697231619939,1,825.9697231619939,825.9697231619939,875.0706617579112,1,875.0706617579112,875.0706617579112,2141.233333333333,1,2141.233333333333,2141.233333333333,303.94975372950233,1,303.94975372950233,303.94975372950233,842.0560880475201,19.282870882179832,831.240692846671,825.9697231619939,875.0706617579112,2141.233333333333,303.94975372950233
results\cec2017_ablation6\ablation6_summary_results.csv,ARPSO-Fixed,26,F26,1,520.9294119059371,1,520.9294119059371,520.9294119059371,28.796829035358595,1,28.796829035358595,28.796829035358595,518.5826208015985,1,518.5826208015985,518.5826208015985,454.9032587203647,1,454.9032587203647,454.9032587203647,581.1285181898861,1,581.1285181898861,581.1285181898861,2072.733333333333,1,2072.733333333333,2072.733333333333,318.34190039634706,1,318.34190039634706,318.34190039634706,520.9294119059371,28.796829035358595,518.5826208015985,454.9032587203647,581.1285181898861,2072.733333333333,318.34190039634706
results\cec2017_ablation6\ablation6_summary_results.csv,ARPSO-Fixed,27,F27,1,217.77090002009692,1,217.77090002009692,217.77090002009692,207.80153031504005,1,207.80153031504005,207.80153031504005,49.47711324042166,1,49.47711324042166,49.47711324042166,13.18658067612614,1,13.18658067612614,13.18658067612614,494.1470586941773,1,494.1470586941773,494.1470586941773,1695.0,1,1695.0,1695.0,299.2543907483419,1,299.2543907483419,299.2543907483419,217.77090002009692,207.80153031504005,49.47711324042166,13.18658067612614,494.1470586941773,1695.0,299.2543907483419
results\cec2017_ablation6\ablation6_summary_results.csv,ARPSO-Fixed,28,F28,1,27089.904316962205,1,27089.904316962205,27089.904316962205,50441.4760830183,1,50441.4760830183,50441.4760830183,9883.20847699723,1,9883.20847699723,9883.20847699723,2969.3516758299197,1,2969.3516758299197,2969.3516758299197,269422.9927079989,1,269422.9927079989,269422.9927079989,1443.5333333333333,1,1443.5333333333333,1443.5333333333333,438.5156899690628,1,438.5156899690628,438.5156899690628,27089.904316962205,50441.4760830183,9883.20847699723,2969.3516758299197,269422.9927079989,1443.5333333333333,438.5156899690628
results\cec2017_ablation6\ablation6_summary_results.csv,ARPSO-Fixed,29,F29,1,732963.140688084,1,732963.140688084,732963.140688084,1654043.9203334404,1,1654043.9203334404,1654043.9203334404,121402.72394852096,1,121402.72394852096,121402.72394852096,16177.582422444444,1,16177.582422444444,16177.582422444444,8378524.070205879,1,8378524.070205879,8378524.070205879,1494.5333333333333,1,1494.5333333333333,1494.5333333333333,254.80389187335967,1,254.80389187335967,254.80389187335967,732963.140688084,1654043.9203334404,121402.72394852096,16177.582422444444,8378524.070205879,1494.5333333333333,254.80389187335967
results\cec2017_ablation6\ablation6_summary_results.csv,ARPSO-Global,1,F1,1,10674.637356248057,1,10674.637356248057,10674.637356248057,19191.32998516173,1,19191.32998516173,19191.32998516173,5266.708358118207,1,5266.708358118207,5266.708358118207,1.942238901255436,1,1.942238901255436,1.942238901255436,102917.47728477066,1,102917.47728477066,102917.47728477066,1919.9,1,1919.9,1919.9,6.84938321908315,1,6.84938321908315,6.84938321908315,10674.637356248057,19191.32998516173,5266.708358118207,1.942238901255436,102917.47728477066,1919.9,6.84938321908315
results\cec2017_ablation6\ablation6_summary_results.csv,ARPSO-Global,3,F3,1,83.60899991728456,1,83.60899991728456,83.60899991728456,111.03545736066982,1,111.03545736066982,111.03545736066982,36.42609870617423,1,36.42609870617423,36.42609870617423,33.329898606917766,1,33.329898606917766,33.329898606917766,580.1523838030728,1,580.1523838030728,580.1523838030728,1591.6666666666667,1,1591.6666666666667,1591.6666666666667,14.610002287228902,1,14.610002287228902,14.610002287228902,83.60899991728456,111.03545736066982,36.42609870617423,33.329898606917766,580.1523838030728,1591.6666666666667,14.610002287228902
results\cec2017_ablation6\ablation6_summary_results.csv,ARPSO-Global,4,F4,1,242.5005552250169,1,242.5005552250169,242.5005552250169,242.90397380476296,1,242.90397380476296,242.90397380476296,143.7742864116055,1,143.7742864116055,143.7742864116055,48.75294312121787,1,48.75294312121787,48.75294312121787,925.8785154792732,1,925.8785154792732,925.8785154792732,1890.0,1,1890.0,1890.0,10.928174829483032,1,10.928174829483032,10.928174829483032,242.5005552250169,242.90397380476296,143.7742864116055,48.75294312121787,925.8785154792732,1890.0,10.928174829483032
results\cec2017_ablation6\ablation6_summary_results.csv,ARPSO-Global,5,F5,1,9.199953885854485e-05,1,9.199953885854485e-05,9.199953885854485e-05,0.000229668887293,1,0.000229668887293,0.000229668887293,9.077123905854023e-06,1,9.077123905854023e-06,9.077123905854023e-06,1.0212301049250529e-07,1,1.0212301049250529e-07,1.0212301049250529e-07,0.001232227780747,1,0.001232227780747,0.001232227780747,1585.8666666666666,1,1585.8666666666666,1585.8666666666666,59.28069380919138,1,59.28069380919138,59.28069380919138,9.199953885854485e-05,0.000229668887293,9.077123905854023e-06,1.0212301049250529e-07,0.001232227780747,1585.8666666666666,59.28069380919138
results\cec2017_ablation6\ablation6_summary_results.csv,ARPSO-Global,6,F6,1,668.9924966507945,1,668.9924966507945,668.9924966507945,2564.1120395653334,1,2564.1120395653334,2564.1120395653334,194.43480176385663,1,194.43480176385663,194.43480176385663,109.38933720061208,1,109.38933720061208,109.38933720061208,14241.268275906084,1,14241.268275906084,14241.268275906084,1848.7,1,1848.7,1848.7,20.75580767790477,1,20.75580767790477,20.75580767790477,668.9924966507945,2564.1120395653334,194.43480176385663,109.38933720061208,14241.268275906084,1848.7,20.75580767790477
results\cec2017_ablation6\ablation6_summary_results.csv,ARPSO-Global,7,F7,1,165.97418396165725,1,165.97418396165725,165.97418396165725,43.04861854049997,1,43.04861854049997,43.04861854049997,151.0,1,151.0,151.0,112.0,1,112.0,112.0,284.0,1,284.0,284.0,1531.2333333333331,1,1531.2333333333331,1531.2333333333331,40.866799076398216,1,40.866799076398216,40.866799076398216,165.97418396165725,43.04861854049997,151.0,112.0,284.0,1531.2333333333331,40.866799076398216
results\cec2017_ablation6\ablation6_summary_results.csv,ARPSO-Global,8,F8,1,1.9013356950524023,1,1.9013356950524023,1.9013356950524023,1.6708359000160198,1,1.6708359000160198,1.6708359000160198,1.4698067578084988,1,1.4698067578084988,1.4698067578084988,1.1888494100276149e-07,1,1.1888494100276149e-07,1.1888494100276149e-07,5.673133837340401,1,5.673133837340401,5.673133837340401,1835.5333333333333,1,1835.5333333333333,1835.5333333333333,19.20909694035848,1,19.20909694035848,19.20909694035848,1.9013356950524023,1.6708359000160198,1.4698067578084988,1.1888494100276149e-07,5.673133837340401,1835.5333333333333,19.20909694035848
results\cec2017_ablation6\ablation6_summary_results.csv,ARPSO-Global,9,F9,1,0.0,1,0.0,0.0,0.0,1,0.0,0.0,0.0,1,0.0,0.0,0.0,1,0.0,0.0,0.0,1,0.0,0.0,1231.5333333333333,1,1231.5333333333333,1231.5333333333333,38.32186574141185,1,38.32186574141185,38.32186574141185,0.0,0.0,0.0,0.0,0.0,1231.5333333333333,38.32186574141185
results\cec2017_ablation6\ablation6_summary_results.csv,ARPSO-Global,10,F10,1,39396.24578713159,1,39396.24578713159,39396.24578713159,28827.082538622315,1,28827.082538622315,28827.082538622315,42621.00954406044,1,42621.00954406044,42621.00954406044,1690.1983651621913,1,1690.1983651621913,1690.1983651621913,102174.07524994265,1,102174.07524994265,102174.07524994265,1269.6333333333334,1,1269.6333333333334,1269.6333333333334,27.960212715466817,1,27.960212715466817,27.960212715466817,39396.24578713159,28827.082538622315,42621.00954406044,1690.1983651621913,102174.07524994265,1269.6333333333334,27.960212715466817
results\cec2017_ablation6\ablation6_summary_results.csv,ARPSO-Global,11,F11,1,3947499.2458382295,1,3947499.2458382295,3947499.2458382295,9918191.16217786,1,9918191.16217786,9918191.16217786,595324.5375577665,1,595324.5375577665,595324.5375577665,14838.398623121222,1,14838.398623121222,14838.398623121222,52800348.65780755,1,52800348.65780755,52800348.65780755,1523.1,1,1523.1,1523.1,47.730613199869794,1,47.730613199869794,47.730613199869794,3947499.2458382295,9918191.16217786,595324.5375577665,14838.398623121222,52800348.65780755,1523.1,47.730613199869794
results\cec2017_ablation6\ablation6_summary_results.csv,ARPSO-Global,12,F12,1,286303.188463893,1,286303.188463893,286303.188463893,214422.94326405931,1,214422.94326405931,214422.94326405931,262794.63788226846,1,262794.63788226846,262794.63788226846,23054.384108146936,1,23054.384108146936,23054.384108146936,884169.7420427031,1,884169.7420427031,884169.7420427031,1505.5333333333333,1,1505.5333333333333,1505.5333333333333,29.13857812086741,1,29.13857812086741,29.13857812086741,286303.188463893,214422.94326405931,262794.63788226846,23054.384108146936,884169.7420427031,1505.5333333333333,29.13857812086741
results\cec2017_ablation6\ablation6_summary_results.csv,ARPSO-Global,13,F13,1,102703.5052603259,1,102703.5052603259,102703.5052603259,75092.47256712714,1,75092.47256712714,75092.47256712714,99358.0038444636,1,99358.0038444636,99358.0038444636,5274.402345176386,1,5274.402345176386,5274.402345176386,313880.7753142358,1,313880.7753142358,313880.7753142358,929.1666666666666,1,929.1666666666666,929.1666666666666,36.61454271475474,1,36.61454271475474,36.61454271475474,102703.5052603259,75092.47256712714,99358.0038444636,5274.402345176386,313880.7753142358,929.1666666666666,36.61454271475474
results\cec2017_ablation6\ablation6_summary_results.csv,ARPSO-Global,14,F14,1,269953.9380078911,1,269953.9380078911,269953.9380078911,588699.2128592274,1,588699.2128592274,588699.2128592274,104502.79057597184,1,104502.79057597184,104502.79057597184,48021.55385772449,1,48021.55385772449,48021.55385772449,2482170.282825764,1,2482170.282825764,2482170.282825764,1494.1666666666667,1,1494.1666666666667,1494.1666666666667,29.00087348620097,1,29.00087348620097,29.00087348620097,269953.9380078911,588699.2128592274,104502.79057597184,48021.55385772449,2482170.282825764,1494.1666666666667,29.00087348620097
results\cec2017_ablation6\ablation6_summary_results.csv,ARPSO-Global,15,F15,1,8467.350199551112,1,8467.350199551112,8467.350199551112,14847.60730618356,1,14847.60730618356,14847.60730618356,3301.0706865333823,1,3301.0706865333823,3301.0706865333823,0.0,1,0.0,0.0,59654.530570333896,1,59654.530570333896,59654.530570333896,1331.6666666666667,1,1331.6666666666667,1331.6666666666667,96.29827365080516,1,96.29827365080516,96.29827365080516,8467.350199551112,14847.60730618356,3301.0706865333823,0.0,59654.530570333896,1331.6666666666667,96.29827365080516
results\cec2017_ablation6\ablation6_summary_results.csv,ARPSO-Global,16,F16,1,1333.5592664501755,1,1333.5592664501755,1333.5592664501755,1301.870630944614,1,1301.870630944614,1301.870630944614,968.8082964079322,1,968.8082964079322,968.8082964079322,148.50800094347846,1,148.50800094347846,148.50800094347846,7631.770650823475,1,7631.770650823475,7631.770650823475,1280.5333333333333,1,1280.5333333333333,1280.5333333333333,306.99970796108244,1,306.99970796108244,306.99970796108244,1333.5592664501755,1301.870630944614,968.8082964079322,148.50800094347846,7631.770650823475,1280.5333333333333,306.99970796108244
results\cec2017_ablation6\ablation6_summary_results.csv,ARPSO-Global,17,F17,1,38067.98572885556,1,38067.98572885556,38067.98572885556,22128.5711936203,1,22128.5711936203,22128.5711936203,35664.23323842739,1,35664.23323842739,35664.23323842739,9906.45446608525,1,9906.45446608525,9906.45446608525,87229.54145227562,1,87229.54145227562,87229.54145227562,1062.1333333333334,1,1062.1333333333334,1062.1333333333334,44.34199546178182,1,44.34199546178182,44.34199546178182,38067.98572885556,22128.5711936203,35664.23323842739,9906.45446608525,87229.54145227562,1062.1333333333334,44.34199546178182
results\cec2017_ablation6\ablation6_summary_results.csv,ARPSO-Global,18,F18,1,82811.14566020928,1,82811.14566020928,82811.14566020928,62308.66373155192,1,62308.66373155192,62308.66373155192,74878.44506667022,1,74878.44506667022,74878.44506667022,12291.977081966828,1,12291.977081966828,12291.977081966828,253900.4736944756,1,253900.4736944756,253900.4736944756,1359.2333333333331,1,1359.2333333333331,1359.2333333333331,170.79911801020305,1,170.79911801020305,170.79911801020305,82811.14566020928,62308.66373155192,74878.44506667022,12291.977081966828,253900.4736944756,1359.2333333333331,170.79911801020305
results\cec2017_ablation6\ablation6_summary_results.csv,ARPSO-Global,19,F19,1,87.47067845298119,1,87.47067845298119,87.47067845298119,149.25484507007957,1,149.25484507007957,149.25484507007957,0.0,1,0.0,0.0,0.0,1,0.0,0.0,623.5714136741635,1,623.5714136741635,623.5714136741635,1272.2,1,1272.2,1272.2,303.388862657547,1,303.388862657547,303.388862657547,87.47067845298119,149.25484507007957,0.0,0.0,623.5714136741635,1272.2,303.388862657547
results\cec2017_ablation6\ablation6_summary_results.csv,ARPSO-Global,20,F20,1,539.7587627078683,1,539.7587627078683,539.7587627078683,280.5861259621263,1,280.5861259621263,280.5861259621263,402.60318334108047,1,402.60318334108047,402.60318334108047,105.61564590328088,1,105.61564590328088,105.61564590328088,1173.5198566584586,1,1173.5198566584586,1173.5198566584586,1859.8666666666663,1,1859.8666666666663,1859.8666666666663,52.98980840047201,1,52.98980840047201,52.98980840047201,539.7587627078683,280.5861259621263,402.60318334108047,105.61564590328088,1173.5198566584586,1859.8666666666663,52.98980840047201
results\cec2017_ablation6\ablation6_summary_results.csv,ARPSO-Global,21,F21,1,0.0,1,0.0,0.0,0.0,1,0.0,0.0,0.0,1,0.0,0.0,0.0,1,0.0,0.0,0.0,1,0.0,0.0,1353.5666666666666,1,1353.5666666666666,1353.5666666666666,71.50448577404022,1,71.50448577404022,71.50448577404022,0.0,0.0,0.0,0.0,0.0,1353.5666666666666,71.50448577404022
results\cec2017_ablation6\ablation6_summary_results.csv,ARPSO-Global,22,F22,1,676.35376355922,1,676.35376355922,676.35376355922,966.1105517741356,1,966.1105517741356,966.1105517741356,200.1566525400908,1,200.1566525400908,200.1566525400908,200.0000448152191,1,200.0000448152191,200.0000448152191,3826.006509511401,1,3826.006509511401,3826.006509511401,1863.4666666666667,1,1863.4666666666667,1863.4666666666667,85.43855267365774,1,85.43855267365774,85.43855267365774,676.35376355922,966.1105517741356,200.1566525400908,200.0000448152191,3826.006509511401,1863.4666666666667,85.43855267365774
results\cec2017_ablation6\ablation6_summary_results.csv,ARPSO-Global,23,F23,1,226.12187516006912,1,226.12187516006912,226.12187516006912,94.81888857278372,1,94.81888857278372,94.81888857278372,200.0000277362176,1,200.0000277362176,200.0000277362176,100.03111401868092,1,100.03111401868092,100.03111401868092,569.9830178869006,1,569.9830178869006,569.9830178869006,1914.4666666666667,1,1914.4666666666667,1914.4666666666667,63.62403644720713,1,63.62403644720713,63.62403644720713,226.12187516006912,94.81888857278372,200.0000277362176,100.03111401868092,569.9830178869006,1914.4666666666667,63.62403644720713
results\cec2017_ablation6\ablation6_summary_results.csv,ARPSO-Global,24,F24,1,439.59990297524666,1,439.59990297524666,439.59990297524666,31.45865608929993,1,31.45865608929993,31.45865608929993,425.23216636085976,1,425.23216636085976,425.23216636085976,421.3488094369905,1,421.3488094369905,421.3488094369905,536.6288760662387,1,536.6288760662387,536.6288760662387,1618.3666666666666,1,1618.3666666666666,1618.3666666666666,72.76108125050862,1,72.76108125050862,72.76108125050862,439.59990297524666,31.45865608929993,425.23216636085976,421.3488094369905,536.6288760662387,1618.3666666666666,72.76108125050862
results\cec2017_ablation6\ablation6_summary_results.csv,ARPSO-Global,25,F25,1,853.2611879204956,1,853.2611879204956,853.2611879204956,20.262747165375785,1,20.262747165375785,20.262747165375785,852.5798391398823,1,852.5798391398823,852.5798391398823,827.1592427022756,1,827.1592427022756,827.1592427022756,877.6737307819067,1,877.6737307819067,877.6737307819067,1862.1666666666667,1,1862.1666666666667,1862.1666666666667,308.80225212574004,1,308.80225212574004,308.80225212574004,853.2611879204956,20.262747165375785,852.5798391398823,827.1592427022756,877.6737307819067,1862.1666666666667,308.80225212574004
results\cec2017_ablation6\ablation6_summary_results.csv,ARPSO-Global,26,F26,1,527.2147086851404,1,527.2147086851404,527.2147086851404,20.896702446367843,1,20.896702446367843,20.896702446367843,530.407877423007,1,530.407877423007,530.407877423007,491.17149130083,1,491.17149130083,491.17149130083,559.1542031025665,1,559.1542031025665,559.1542031025665,1798.8666666666666,1,1798.8666666666666,1798.8666666666666,316.8339997053146,1,316.8339997053146,316.8339997053146,527.2147086851404,20.896702446367843,530.407877423007,491.17149130083,559.1542031025665,1798.8666666666666,316.8339997053146
results\cec2017_ablation6\ablation6_summary_results.csv,ARPSO-Global,27,F27,1,396.25114653462,1,396.25114653462,396.25114653462,181.85481804117688,1,181.85481804117688,181.85481804117688,458.35108529436775,1,458.35108529436775,458.35108529436775,0.0016242539163613,1,0.0016242539163613,0.0016242539163613,584.323720426421,1,584.323720426421,584.323720426421,1582.7,1,1582.7,1582.7,296.60253562927244,1,296.60253562927244,296.60253562927244,396.25114653462,181.85481804117688,458.35108529436775,0.0016242539163613,584.323720426421,1582.7,296.60253562927244
results\cec2017_ablation6\ablation6_summary_results.csv,ARPSO-Global,28,F28,1,145709.9346988126,1,145709.9346988126,145709.9346988126,244317.8006628619,1,244317.8006628619,244317.8006628619,38637.35314101319,1,38637.35314101319,38637.35314101319,5622.658462518939,1,5622.658462518939,5622.658462518939,993593.6461871054,1,993593.6461871054,993593.6461871054,1389.6333333333334,1,1389.6333333333334,1389.6333333333334,445.5123762051264,1,445.5123762051264,445.5123762051264,145709.9346988126,244317.8006628619,38637.35314101319,5622.658462518939,993593.6461871054,1389.6333333333334,445.5123762051264
results\cec2017_ablation6\ablation6_summary_results.csv,ARPSO-Global,29,F29,1,160795.3717147829,1,160795.3717147829,160795.3717147829,168736.32572324062,1,168736.32572324062,168736.32572324062,111722.49344507552,1,111722.49344507552,111722.49344507552,28618.266215553507,1,28618.266215553507,28618.266215553507,886593.4003852136,1,886593.4003852136,886593.4003852136,1370.3666666666666,1,1370.3666666666666,1370.3666666666666,248.4430892626445,1,248.4430892626445,248.4430892626445,160795.3717147829,168736.32572324062,111722.49344507552,28618.266215553507,886593.4003852136,1370.3666666666666,248.4430892626445
results\cec2017_ablation6\ablation6_summary_results.csv,ARPSO-Local,1,F1,1,7954.159842896741,1,7954.159842896741,7954.159842896741,7409.289116022741,1,7409.289116022741,7409.289116022741,5490.376532964882,1,5490.376532964882,5490.376532964882,212.9374383737739,1,212.9374383737739,212.9374383737739,20841.76710091617,1,20841.76710091617,20841.76710091617,3433.733333333333,1,3433.733333333333,3433.733333333333,7.471012250582377,1,7.471012250582377,7.471012250582377,7954.159842896741,7409.289116022741,5490.376532964882,212.9374383737739,20841.76710091617,3433.733333333333,7.471012250582377
results\cec2017_ablation6\ablation6_summary_results.csv,ARPSO-Local,3,F3,1,40.444758863265584,1,40.444758863265584,40.444758863265584,22.36200220412454,1,22.36200220412454,22.36200220412454,31.86943875600295,1,31.86943875600295,31.86943875600295,31.812096215921144,1,31.812096215921144,31.812096215921144,112.54222050773149,1,112.54222050773149,112.54222050773149,3645.6,1,3645.6,3645.6,14.755471754074096,1,14.755471754074096,14.755471754074096,40.444758863265584,22.36200220412454,31.86943875600295,31.812096215921144,112.54222050773149,3645.6,14.755471754074096
results\cec2017_ablation6\ablation6_summary_results.csv,ARPSO-Local,4,F4,1,149.0825166521918,1,149.0825166521918,149.0825166521918,34.521984443594164,1,34.521984443594164,34.521984443594164,153.22281855183058,1,153.22281855183058,153.22281855183058,69.64696230059428,1,69.64696230059428,69.64696230059428,210.92991110545245,1,210.92991110545245,210.92991110545245,3458.366666666667,1,3458.366666666667,3458.366666666667,13.382966415087385,1,13.382966415087385,13.382966415087385,149.0825166521918,34.521984443594164,153.22281855183058,69.64696230059428,210.92991110545245,3458.366666666667,13.382966415087385
results\cec2017_ablation6\ablation6_summary_results.csv,ARPSO-Local,5,F5,1,7.93596213592688e-05,1,7.93596213592688e-05,7.93596213592688e-05,0.0001379139312902,1,0.0001379139312902,0.0001379139312902,2.417595337078637e-05,1,2.417595337078637e-05,2.417595337078637e-05,1.3037322332820622e-08,1,1.3037322332820622e-08,1.3037322332820622e-08,0.0006268620790592,1,0.0006268620790592,0.0006268620790592,3460.866666666667,1,3460.866666666667,3460.866666666667,59.05993460814158,1,59.05993460814158,59.05993460814158,7.93596213592688e-05,0.0001379139312902,2.417595337078637e-05,1.3037322332820622e-08,0.0006268620790592,3460.866666666667,59.05993460814158
results\cec2017_ablation6\ablation6_summary_results.csv,ARPSO-Local,6,F6,1,193.9726152232347,1,193.9726152232347,193.9726152232347,54.14047759649674,1,54.14047759649674,54.14047759649674,181.62913219055184,1,181.62913219055184,181.62913219055184,107.85641596324147,1,107.85641596324147,107.85641596324147,359.38579488770006,1,359.38579488770006,359.38579488770006,3436.2,1,3436.2,3436.2,18.759347716967262,1,18.759347716967262,18.759347716967262,193.9726152232347,54.14047759649674,181.62913219055184,107.85641596324147,359.38579488770006,3436.2,18.759347716967262
results\cec2017_ablation6\ablation6_summary_results.csv,ARPSO-Local,7,F7,1,181.5333333333336,1,181.5333333333336,181.5333333333336,54.12038517928374,1,54.12038517928374,54.12038517928374,179.0,1,179.0,179.0,82.0,1,82.0,82.0,358.0,1,358.0,358.0,2986.9,1,2986.9,2986.9,38.1896756251653,1,38.1896756251653,38.1896756251653,181.5333333333336,54.12038517928374,179.0,82.0,358.0,2986.9,38.1896756251653
results\cec2017_ablation6\ablation6_summary_results.csv,ARPSO-Local,8,F8,1,2.2230415362648994,1,2.2230415362648994,2.2230415362648994,1.5485382824651286,1,1.5485382824651286,1.5485382824651286,1.906819234690829,1,1.906819234690829,1.906819234690829,0.0895282504254737,1,0.0895282504254737,0.0895282504254737,6.552039518873812,1,6.552039518873812,6.552039518873812,3493.366666666667,1,3493.366666666667,3493.366666666667,19.336110329627992,1,19.336110329627992,19.336110329627992,2.2230415362648994,1.5485382824651286,1.906819234690829,0.0895282504254737,6.552039518873812,3493.366666666667,19.336110329627992
results\cec2017_ablation6\ablation6_summary_results.csv,ARPSO-Local,9,F9,1,0.0,1,0.0,0.0,0.0,1,0.0,0.0,0.0,1,0.0,0.0,0.0,1,0.0,0.0,0.0,1,0.0,0.0,3065.9,1,3065.9,3065.9,41.71848079363505,1,41.71848079363505,41.71848079363505,0.0,0.0,0.0,0.0,0.0,3065.9,41.71848079363505
results\cec2017_ablation6\ablation6_summary_results.csv,ARPSO-Local,10,F10,1,18801.88429840003,1,18801.88429840003,18801.88429840003,22920.789170373333,1,22920.789170373333,22920.789170373333,6286.7468198481165,1,6286.7468198481165,6286.7468198481165,1491.394984378844,1,1491.394984378844,1491.394984378844,91204.44310534302,1,91204.44310534302,91204.44310534302,3292.4666666666667,1,3292.4666666666667,3292.4666666666667,26.339059948921204,1,26.339059948921204,26.339059948921204,18801.88429840003,22920.789170373333,6286.7468198481165,1491.394984378844,91204.44310534302,3292.4666666666667,26.339059948921204
results\cec2017_ablation6\ablation6_summary_results.csv,ARPSO-Local,11,F11,1,1445181.7507456846,1,1445181.7507456846,1445181.7507456846,2177142.6851594523,1,2177142.6851594523,2177142.6851594523,181289.67473572632,1,181289.67473572632,181289.67473572632,15483.204286176646,1,15483.204286176646,15483.204286176646,8704228.143496891,1,8704228.143496891,8704228.143496891,3673.5,1,3673.5,3673.5,45.14609541098277,1,45.14609541098277,45.14609541098277,1445181.7507456846,2177142.6851594523,181289.67473572632,15483.204286176646,8704228.143496891,3673.5,45.14609541098277
results\cec2017_ablation6\ablation6_summary_results.csv,ARPSO-Local,12,F12,1,183307.89373556356,1,183307.89373556356,183307.89373556356,137837.878608066,1,137837.878608066,137837.878608066,182185.14398166828,1,182185.14398166828,182185.14398166828,26515.9537464238,1,26515.9537464238,26515.9537464238,437295.6331008167,1,437295.6331008167,437295.6331008167,3754.633333333333,1,3754.633333333333,3754.633333333333,29.552876750628155,1,29.552876750628155,29.552876750628155,183307.89373556356,137837.878608066,182185.14398166828,26515.9537464238,437295.6331008167,3754.633333333333,29.552876750628155
results\cec2017_ablation6\ablation6_summary_results.csv,ARPSO-Local,13,F13,1,106350.64401324176,1,106350.64401324176,106350.64401324176,49877.48306344661,1,49877.48306344661,49877.48306344661,106460.29739651804,1,106460.29739651804,106460.29739651804,18015.16306118168,1,18015.16306118168,18015.16306118168,214370.42318176653,1,214370.42318176653,214370.42318176653,3256.5666666666666,1,3256.5666666666666,3256.5666666666666,35.94026284217834,1,35.94026284217834,35.94026284217834,106350.64401324176,49877.48306344661,106460.29739651804,18015.16306118168,214370.42318176653,3256.5666666666666,35.94026284217834
results\cec2017_ablation6\ablation6_summary_results.csv,ARPSO-Local,14,F14,1,170741.86344405447,1,170741.86344405447,170741.86344405447,173100.4966155894,1,173100.4966155894,173100.4966155894,112805.82218530138,1,112805.82218530138,112805.82218530138,29611.34562917448,1,29611.34562917448,29611.34562917448,838429.5732424895,1,838429.5732424895,838429.5732424895,3757.733333333333,1,3757.733333333333,3757.733333333333,30.965205311775208,1,30.965205311775208,30.965205311775208,170741.86344405447,173100.4966155894,112805.82218530138,29611.34562917448,838429.5732424895,3757.733333333333,30.965205311775208
results\cec2017_ablation6\ablation6_summary_results.csv,ARPSO-Local,15,F15,1,3574.2228776746315,1,3574.2228776746315,3574.2228776746315,6446.779013101164,1,6446.779013101164,6446.779013101164,1241.3779033626593,1,1241.3779033626593,1241.3779033626593,0.0,1,0.0,0.0,33738.02946395493,1,33738.02946395493,33738.02946395493,3260.9666666666667,1,3260.9666666666667,3260.9666666666667,96.88134712378184,1,96.88134712378184,96.88134712378184,3574.2228776746315,6446.779013101164,1241.3779033626593,0.0,33738.02946395493,3260.9666666666667,96.88134712378184
results\cec2017_ablation6\ablation6_summary_results.csv,ARPSO-Local,16,F16,1,1117.5789008878785,1,1117.5789008878785,1117.5789008878785,585.2576304227675,1,585.2576304227675,585.2576304227675,1025.3587460861727,1,1025.3587460861727,1025.3587460861727,50.99255080080775,1,50.99255080080775,50.99255080080775,2256.4301238762223,1,2256.4301238762223,2256.4301238762223,3493.233333333333,1,3493.233333333333,3493.233333333333,345.58887147108715,1,345.58887147108715,345.58887147108715,1117.5789008878785,585.2576304227675,1025.3587460861727,50.99255080080775,2256.4301238762223,3493.233333333333,345.58887147108715
results\cec2017_ablation6\ablation6_summary_results.csv,ARPSO-Local,17,F17,1,60303.91379194875,1,60303.91379194875,60303.91379194875,19920.249380037792,1,19920.249380037792,19920.249380037792,65929.16238793719,1,65929.16238793719,65929.16238793719,29055.88157791672,1,29055.88157791672,29055.88157791672,97116.5749493794,1,97116.5749493794,97116.5749493794,3342.9,1,3342.9,3342.9,42.21283579667409,1,42.21283579667409,42.21283579667409,60303.91379194875,19920.249380037792,65929.16238793719,29055.88157791672,97116.5749493794,3342.9,42.21283579667409
results\cec2017_ablation6\ablation6_summary_results.csv,ARPSO-Local,18,F18,1,96538.52249458588,1,96538.52249458588,96538.52249458588,57940.24222159629,1,57940.24222159629,57940.24222159629,80705.17898206224,1,80705.17898206224,80705.17898206224,5002.789471589432,1,5002.789471589432,5002.789471589432,261027.68980250868,1,261027.68980250868,261027.68980250868,3689.5,1,3689.5,3689.5,165.74635927677156,1,165.74635927677156,165.74635927677156,96538.52249458588,57940.24222159629,80705.17898206224,5002.789471589432,261027.68980250868,3689.5,165.74635927677156
results\cec2017_ablation6\ablation6_summary_results.csv,ARPSO-Local,19,F19,1,138.19233839878322,1,138.19233839878322,138.19233839878322,215.8022231145065,1,215.8022231145065,215.8022231145065,29.379624781373423,1,29.379624781373423,29.379624781373423,0.0,1,0.0,0.0,939.957795690204,1,939.957795690204,939.957795690204,3275.4333333333334,1,3275.4333333333334,3275.4333333333334,302.12890182336173,1,302.12890182336173,302.12890182336173,138.19233839878322,215.8022231145065,29.379624781373423,0.0,939.957795690204,3275.4333333333334,302.12890182336173
results\cec2017_ablation6\ablation6_summary_results.csv,ARPSO-Local,20,F20,1,299.4500101863984,1,299.4500101863984,299.4500101863984,128.56858180929478,1,128.56858180929478,128.56858180929478,351.77487337435946,1,351.77487337435946,351.77487337435946,100.00000000002956,1,100.00000000002956,100.00000000002956,450.9945691233506,1,450.9945691233506,450.9945691233506,3440.8,1,3440.8,3440.8,50.37546141147614,1,50.37546141147614,50.37546141147614,299.4500101863984,128.56858180929478,351.77487337435946,100.00000000002956,450.9945691233506,3440.8,50.37546141147614
results\cec2017_ablation6\ablation6_summary_results.csv,ARPSO-Local,21,F21,1,0.0,1,0.0,0.0,0.0,1,0.0,0.0,0.0,1,0.0,0.0,0.0,1,0.0,0.0,0.0,1,0.0,0.0,3517.4333333333334,1,3517.4333333333334,3517.4333333333334,72.60572948455811,1,72.60572948455811,72.60572948455811,0.0,0.0,0.0,0.0,0.0,3517.4333333333334,72.60572948455811
results\cec2017_ablation6\ablation6_summary_results.csv,ARPSO-Local,22,F22,1,318.1917977226366,1,318.1917977226366,318.1917977226366,234.950025559387,1,234.950025559387,234.950025559387,200.0000000000059,1,200.0000000000059,200.0000000000059,200.00000000000227,1,200.00000000000227,200.00000000000227,1176.4710152029566,1,1176.4710152029566,1176.4710152029566,3338.9,1,3338.9,3338.9,87.20585894584656,1,87.20585894584656,87.20585894584656,318.1917977226366,234.950025559387,200.0000000000059,200.00000000000227,1176.4710152029566,3338.9,87.20585894584656
results\cec2017_ablation6\ablation6_summary_results.csv,ARPSO-Local,23,F23,1,222.5655600945876,1,222.5655600945876,222.5655600945876,69.14160065001671,1,69.14160065001671,69.14160065001671,200.00000000000364,1,200.00000000000364,200.00000000000364,200.00000000000136,1,200.00000000000136,200.00000000000136,441.9178279890439,1,441.9178279890439,441.9178279890439,3309.5,1,3309.5,3309.5,61.74099768002828,1,61.74099768002828,61.74099768002828,222.5655600945876,69.14160065001671,200.00000000000364,200.00000000000136,441.9178279890439,3309.5,61.74099768002828
results\cec2017_ablation6\ablation6_summary_results.csv,ARPSO-Local,24,F24,1,424.9591099243247,1,424.9591099243247,424.9591099243247,4.006467164559923,1,4.006467164559923,4.006467164559923,424.4525722995204,1,424.4525722995204,424.4525722995204,421.0760927781066,1,421.0760927781066,421.0760927781066,438.0233967311378,1,438.0233967311378,438.0233967311378,3639.433333333333,1,3639.433333333333,3639.433333333333,76.86620950698853,1,76.86620950698853,76.86620950698853,424.9591099243247,4.006467164559923,424.4525722995204,421.0760927781066,438.0233967311378,3639.433333333333,76.86620950698853
results\cec2017_ablation6\ablation6_summary_results.csv,ARPSO-Local,25,F25,1,835.8390868318701,1,835.8390868318701,835.8390868318701,17.844219384715476,1,17.844219384715476,17.844219384715476,827.404592052741,1,827.404592052741,827.404592052741,826.1924144985587,1,826.1924144985587,826.1924144985587,875.0214359333036,1,875.0214359333036,875.0214359333036,4867.4,1,4867.4,4867.4,310.170898938179,1,310.170898938179,310.170898938179,835.8390868318701,17.844219384715476,827.404592052741,826.1924144985587,875.0214359333036,4867.4,310.170898938179
results\cec2017_ablation6\ablation6_summary_results.csv,ARPSO-Local,26,F26,1,511.98967784514656,1,511.98967784514656,511.98967784514656,27.83367201356677,1,27.83367201356677,27.83367201356677,507.8028536299557,1,507.8028536299557,507.8028536299557,470.32451322192446,1,470.32451322192446,470.32451322192446,596.950964470323,1,596.950964470323,596.950964470323,4676.6,1,4676.6,4676.6,315.77769696712494,1,315.77769696712494,315.77769696712494,511.98967784514656,27.83367201356677,507.8028536299557,470.32451322192446,596.950964470323,4676.6,315.77769696712494
results\cec2017_ablation6\ablation6_summary_results.csv,ARPSO-Local,27,F27,1,109.30039516237927,1,109.30039516237927,109.30039516237927,174.50259268306553,1,174.50259268306553,174.50259268306553,24.805858806854985,1,24.805858806854985,24.805858806854985,0.0894296282567665,1,0.0894296282567665,0.0894296282567665,478.4752657511949,1,478.4752657511949,478.4752657511949,3709.8333333333335,1,3709.8333333333335,3709.8333333333335,306.84760053157805,1,306.84760053157805,306.84760053157805,109.30039516237927,174.50259268306553,24.805858806854985,0.0894296282567665,478.4752657511949,3709.8333333333335,306.84760053157805
results\cec2017_ablation6\ablation6_summary_results.csv,ARPSO-Local,28,F28,1,23491.715869697346,1,23491.715869697346,23491.715869697346,21284.71798064984,1,21284.71798064984,21284.71798064984,13248.156475290289,1,13248.156475290289,13248.156475290289,5281.012057899055,1,5281.012057899055,5281.012057899055,91542.98358300068,1,91542.98358300068,91542.98358300068,3748.9666666666662,1,3748.9666666666662,3748.9666666666662,441.1601193825404,1,441.1601193825404,441.1601193825404,23491.715869697346,21284.71798064984,13248.156475290289,5281.012057899055,91542.98358300068,3748.9666666666662,441.1601193825404
results\cec2017_ablation6\ablation6_summary_results.csv,ARPSO-Local,29,F29,1,1681371.2469508103,1,1681371.2469508103,1681371.2469508103,6861420.236143446,1,6861420.236143446,6861420.236143446,119213.9069714919,1,119213.9069714919,119213.9069714919,25019.475876897952,1,25019.475876897952,25019.475876897952,37530665.12625086,1,37530665.12625086,37530665.12625086,3700.366666666667,1,3700.366666666667,3700.366666666667,254.76942187945048,1,254.76942187945048,254.76942187945048,1681371.2469508103,6861420.236143446,119213.9069714919,25019.475876897952,37530665.12625086,3700.366666666667,254.76942187945048
results\cec2017_ablation6\ablation6_summary_results.csv,ARPSO-SRR,1,F1,1,9001.842466992279,1,9001.842466992279,9001.842466992279,7759.575863111177,1,7759.575863111177,7759.575863111177,5490.377758902239,1,5490.377758902239,5490.377758902239,59.9841622499082,1,59.9841622499082,59.9841622499082,20841.767374929917,1,20841.767374929917,20841.767374929917,2581.9,1,2581.9,2581.9,7.177984690666198,1,7.177984690666198,7.177984690666198,9001.842466992279,7759.575863111177,5490.377758902239,59.9841622499082,20841.767374929917,2581.9,7.177984690666198
results\cec2017_ablation6\ablation6_summary_results.csv,ARPSO-SRR,3,F3,1,38.0550045564732,1,38.0550045564732,38.0550045564732,18.27416371174263,1,18.27416371174263,18.27416371174263,31.984240193437277,1,31.984240193437277,31.984240193437277,31.815655653068745,1,31.815655653068745,31.815655653068745,100.08936157214735,1,100.08936157214735,100.08936157214735,2261.1,1,2261.1,2261.1,17.08284326394399,1,17.08284326394399,17.08284326394399,38.0550045564732,18.27416371174263,31.984240193437277,31.815655653068745,100.08936157214735,2261.1,17.08284326394399
results\cec2017_ablation6\ablation6_summary_results.csv,ARPSO-SRR,4,F4,1,135.91752086879256,1,135.91752086879256,135.91752086879256,34.45276632677501,1,34.45276632677501,34.45276632677501,131.3340147519034,1,131.3340147519034,131.3340147519034,72.63168485368988,1,72.63168485368988,72.63168485368988,209.9345055031013,1,209.9345055031013,209.9345055031013,2443.4,1,2443.4,2443.4,10.183388074239096,1,10.183388074239096,10.183388074239096,135.91752086879256,34.45276632677501,131.3340147519034,72.63168485368988,209.9345055031013,2443.4,10.183388074239096
results\cec2017_ablation6\ablation6_summary_results.csv,ARPSO-SRR,5,F5,1,0.0001079992728212,1,0.0001079992728212,0.0001079992728212,0.0002040962905115,1,0.0002040962905115,0.0002040962905115,2.1804860352858668e-05,1,2.1804860352858668e-05,2.1804860352858668e-05,1.028303131533903e-08,1,1.028303131533903e-08,1.028303131533903e-08,0.0009690275045386,1,0.0009690275045386,0.0009690275045386,2430.6666666666665,1,2430.6666666666665,2430.6666666666665,63.570843768119815,1,63.570843768119815,63.570843768119815,0.0001079992728212,0.0002040962905115,2.1804860352858668e-05,1.028303131533903e-08,0.0009690275045386,2430.6666666666665,63.570843768119815
results\cec2017_ablation6\ablation6_summary_results.csv,ARPSO-SRR,6,F6,1,224.163237469481,1,224.163237469481,224.163237469481,53.97873051733494,1,53.97873051733494,53.97873051733494,224.82020357627908,1,224.82020357627908,224.82020357627908,118.63190654295045,1,118.63190654295045,118.63190654295045,372.14277261815664,1,372.14277261815664,372.14277261815664,2371.9666666666667,1,2371.9666666666667,2371.9666666666667,21.638311219215392,1,21.638311219215392,21.638311219215392,224.163237469481,53.97873051733494,224.82020357627908,118.63190654295045,372.14277261815664,2371.9666666666667,21.638311219215392
results\cec2017_ablation6\ablation6_summary_results.csv,ARPSO-SRR,7,F7,1,173.73333333333332,1,173.73333333333332,173.73333333333332,42.94578244583579,1,42.94578244583579,42.94578244583579,169.0,1,169.0,169.0,120.0,1,120.0,120.0,284.0,1,284.0,284.0,2420.5666666666666,1,2420.5666666666666,2420.5666666666666,36.71308925151825,1,36.71308925151825,36.71308925151825,173.73333333333332,42.94578244583579,169.0,120.0,284.0,2420.5666666666666,36.71308925151825
results\cec2017_ablation6\ablation6_summary_results.csv,ARPSO-SRR,8,F8,1,2.549946654250592,1,2.549946654250592,2.549946654250592,1.7949216589744676,1,1.7949216589744676,1.7949216589744676,2.268268381646749,1,2.268268381646749,2.268268381646749,0.089528251018919,1,0.089528251018919,0.089528251018919,6.100287224757039,1,6.100287224757039,6.100287224757039,2532.833333333333,1,2532.833333333333,2532.833333333333,20.962999669710797,1,20.962999669710797,20.962999669710797,2.549946654250592,1.7949216589744676,2.268268381646749,0.089528251018919,6.100287224757039,2532.833333333333,20.962999669710797
results\cec2017_ablation6\ablation6_summary_results.csv,ARPSO-SRR,9,F9,1,9.838111380776477,1,9.838111380776477,9.838111380776477,53.88555526499572,1,53.88555526499572,53.88555526499572,0.0,1,0.0,0.0,0.0,1,0.0,0.0,295.14334142329426,1,295.14334142329426,295.14334142329426,2402.1666666666665,1,2402.1666666666665,2402.1666666666665,44.7417470852534,1,44.7417470852534,44.7417470852534,9.838111380776477,53.88555526499572,0.0,0.0,295.14334142329426,2402.1666666666665,44.7417470852534
results\cec2017_ablation6\ablation6_summary_results.csv,ARPSO-SRR,10,F10,1,24684.885872282142,1,24684.885872282142,24684.885872282142,20523.81985400253,1,20523.81985400253,20523.81985400253,18871.85735931453,1,18871.85735931453,18871.85735931453,2377.251372826342,1,2377.251372826342,2377.251372826342,93279.6107027847,1,93279.6107027847,93279.6107027847,1883.2666666666669,1,1883.2666666666669,1883.2666666666669,26.827219231923426,1,26.827219231923426,26.827219231923426,24684.885872282142,20523.81985400253,18871.85735931453,2377.251372826342,93279.6107027847,1883.2666666666669,26.827219231923426
results\cec2017_ablation6\ablation6_summary_results.csv,ARPSO-SRR,11,F11,1,3711989.920948873,1,3711989.920948873,3711989.920948873,5445499.718923849,1,5445499.718923849,5445499.718923849,1664589.9629787467,1,1664589.9629787467,1664589.9629787467,34646.38511374403,1,34646.38511374403,34646.38511374403,19731574.68251668,1,19731574.68251668,19731574.68251668,2232.333333333333,1,2232.333333333333,2232.333333333333,45.161207270622256,1,45.161207270622256,45.161207270622256,3711989.920948873,5445499.718923849,1664589.9629787467,34646.38511374403,19731574.68251668,2232.333333333333,45.161207270622256
results\cec2017_ablation6\ablation6_summary_results.csv,ARPSO-SRR,12,F12,1,233981.3520848317,1,233981.3520848317,233981.3520848317,166394.3571089328,1,166394.3571089328,166394.3571089328,227609.89163566573,1,227609.89163566573,227609.89163566573,7500.216300142176,1,7500.216300142176,7500.216300142176,626187.9091140908,1,626187.9091140908,626187.9091140908,2226.633333333333,1,2226.633333333333,2226.633333333333,28.601846686999004,1,28.601846686999004,28.601846686999004,233981.3520848317,166394.3571089328,227609.89163566573,7500.216300142176,626187.9091140908,2226.633333333333,28.601846686999004
results\cec2017_ablation6\ablation6_summary_results.csv,ARPSO-SRR,13,F13,1,105699.78893786398,1,105699.78893786398,105699.78893786398,86112.22734067634,1,86112.22734067634,86112.22734067634,84417.89830906261,1,84417.89830906261,84417.89830906261,710.4375359661196,1,710.4375359661196,710.4375359661196,341503.51956220414,1,341503.51956220414,341503.51956220414,1619.9333333333334,1,1619.9333333333334,1619.9333333333334,37.64510006109874,1,37.64510006109874,37.64510006109874,105699.78893786398,86112.22734067634,84417.89830906261,710.4375359661196,341503.51956220414,1619.9333333333334,37.64510006109874
results\cec2017_ablation6\ablation6_summary_results.csv,ARPSO-SRR,14,F14,1,110146.77625529912,1,110146.77625529912,110146.77625529912,88585.42078530247,1,88585.42078530247,88585.42078530247,94960.26063517232,1,94960.26063517232,94960.26063517232,20295.154568674025,1,20295.154568674025,20295.154568674025,497820.4595842692,1,497820.4595842692,497820.4595842692,2193.133333333333,1,2193.133333333333,2193.133333333333,28.92358543872833,1,28.92358543872833,28.92358543872833,110146.77625529912,88585.42078530247,94960.26063517232,20295.154568674025,497820.4595842692,2193.133333333333,28.92358543872833
results\cec2017_ablation6\ablation6_summary_results.csv,ARPSO-SRR,15,F15,1,3364.600634650197,1,3364.600634650197,3364.600634650197,3705.6992034036966,1,3705.6992034036966,3705.6992034036966,1933.1455704795708,1,1933.1455704795708,1933.1455704795708,0.0,1,0.0,0.0,12719.806434002783,1,12719.806434002783,12719.806434002783,1804.2666666666669,1,1804.2666666666669,1804.2666666666669,94.18162575562796,1,94.18162575562796,94.18162575562796,3364.600634650197,3705.6992034036966,1933.1455704795708,0.0,12719.806434002783,1804.2666666666669,94.18162575562796
results\cec2017_ablation6\ablation6_summary_results.csv,ARPSO-SRR,16,F16,1,1068.9581128678333,1,1068.9581128678333,1068.9581128678333,659.8492851005759,1,659.8492851005759,659.8492851005759,1071.6468246007923,1,1071.6468246007923,1071.6468246007923,0.0,1,0.0,0.0,3073.177134743238,1,3073.177134743238,3073.177134743238,1846.8,1,1846.8,1846.8,347.78566309611,1,347.78566309611,347.78566309611,1068.9581128678333,659.8492851005759,1071.6468246007923,0.0,3073.177134743238,1846.8,347.78566309611
results\cec2017_ablation6\ablation6_summary_results.csv,ARPSO-SRR,17,F17,1,54001.24051683864,1,54001.24051683864,54001.24051683864,27342.857584514048,1,27342.857584514048,27342.857584514048,45512.91904137049,1,45512.91904137049,45512.91904137049,11894.905212347472,1,11894.905212347472,11894.905212347472,108965.99078708788,1,108965.99078708788,108965.99078708788,1705.9,1,1705.9,1705.9,42.80118467013041,1,42.80118467013041,42.80118467013041,54001.24051683864,27342.857584514048,45512.91904137049,11894.905212347472,108965.99078708788,1705.9,42.80118467013041
results\cec2017_ablation6\ablation6_summary_results.csv,ARPSO-SRR,18,F18,1,82581.58791297112,1,82581.58791297112,82581.58791297112,52910.987835636646,1,52910.987835636646,52910.987835636646,69425.95824180049,1,69425.95824180049,69425.95824180049,155.05360238028834,1,155.05360238028834,155.05360238028834,212137.2273197008,1,212137.2273197008,212137.2273197008,1995.5333333333333,1,1995.5333333333333,1995.5333333333333,168.05941370328267,1,168.05941370328267,168.05941370328267,82581.58791297112,52910.987835636646,69425.95824180049,155.05360238028834,212137.2273197008,1995.5333333333333,168.05941370328267
results\cec2017_ablation6\ablation6_summary_results.csv,ARPSO-SRR,19,F19,1,71.58615410462389,1,71.58615410462389,71.58615410462389,160.51875367838713,1,160.51875367838713,160.51875367838713,0.0,1,0.0,0.0,0.0,1,0.0,0.0,753.9560934067663,1,753.9560934067663,753.9560934067663,1926.7333333333331,1,1926.7333333333331,1926.7333333333331,300.51278795401254,1,300.51278795401254,300.51278795401254,71.58615410462389,160.51875367838713,0.0,0.0,753.9560934067663,1926.7333333333331,300.51278795401254
results\cec2017_ablation6\ablation6_summary_results.csv,ARPSO-SRR,20,F20,1,350.6958226788277,1,350.6958226788277,350.6958226788277,298.1749250263499,1,298.1749250263499,298.1749250263499,331.35306690244033,1,331.35306690244033,331.35306690244033,100.000114586162,1,100.000114586162,100.000114586162,1172.7312149220202,1,1172.7312149220202,1172.7312149220202,2542.8,1,2542.8,2542.8,51.90848137537638,1,51.90848137537638,51.90848137537638,350.6958226788277,298.1749250263499,331.35306690244033,100.000114586162,1172.7312149220202,2542.8,51.90848137537638
results\cec2017_ablation6\ablation6_summary_results.csv,ARPSO-SRR,21,F21,1,0.0,1,0.0,0.0,0.0,1,0.0,0.0,0.0,1,0.0,0.0,0.0,1,0.0,0.0,0.0,1,0.0,0.0,2114.9,1,2114.9,2114.9,73.70951995849609,1,73.70951995849609,73.70951995849609,0.0,0.0,0.0,0.0,0.0,2114.9,73.70951995849609
results\cec2017_ablation6\ablation6_summary_results.csv,ARPSO-SRR,22,F22,1,259.4894955630991,1,259.4894955630991,259.4894955630991,171.16228550064668,1,171.16228550064668,171.16228550064668,200.00011804839755,1,200.00011804839755,200.00011804839755,100.00013801761588,1,100.00013801761588,100.00013801761588,921.0952805623948,1,921.0952805623948,921.0952805623948,2476.866666666667,1,2476.866666666667,2476.866666666667,82.81106933752696,1,82.81106933752696,82.81106933752696,259.4894955630991,171.16228550064668,200.00011804839755,100.00013801761588,921.0952805623948,2476.866666666667,82.81106933752696
results\cec2017_ablation6\ablation6_summary_results.csv,ARPSO-SRR,23,F23,1,210.2902666356271,1,210.2902666356271,210.2902666356271,71.08107968604924,1,71.08107968604924,71.08107968604924,200.00005508592903,1,200.00005508592903,200.00005508592903,100.00008829049692,1,100.00008829049692,100.00008829049692,466.7837883738839,1,466.7837883738839,466.7837883738839,2559.0666666666666,1,2559.0666666666666,2559.0666666666666,65.0264456987381,1,65.0264456987381,65.0264456987381,210.2902666356271,71.08107968604924,200.00005508592903,100.00008829049692,466.7837883738839,2559.0666666666666,65.0264456987381
results\cec2017_ablation6\ablation6_summary_results.csv,ARPSO-SRR,24,F24,1,432.1121168157139,1,432.1121168157139,432.1121168157139,30.862009007390363,1,30.862009007390363,30.862009007390363,424.3066580148948,1,424.3066580148948,424.3066580148948,421.2199958892861,1,421.2199958892861,421.2199958892861,553.6340468464455,1,553.6340468464455,553.6340468464455,2278.4666666666667,1,2278.4666666666667,2278.4666666666667,73.8383748849233,1,73.8383748849233,73.8383748849233,432.1121168157139,30.862009007390363,424.3066580148948,421.2199958892861,553.6340468464455,2278.4666666666667,73.8383748849233
results\cec2017_ablation6\ablation6_summary_results.csv,ARPSO-SRR,25,F25,1,840.3514545495594,1,840.3514545495594,840.3514545495594,18.5146586809379,1,18.5146586809379,18.5146586809379,829.8362157369816,1,829.8362157369816,829.8362157369816,826.7780840416453,1,826.7780840416453,826.7780840416453,875.0381063871873,1,875.0381063871873,875.0381063871873,2665.366666666667,1,2665.366666666667,2665.366666666667,304.7551090955734,1,304.7551090955734,304.7551090955734,840.3514545495594,18.5146586809379,829.8362157369816,826.7780840416453,875.0381063871873,2665.366666666667,304.7551090955734
results\cec2017_ablation6\ablation6_summary_results.csv,ARPSO-SRR,26,F26,1,535.8285639890536,1,535.8285639890536,535.8285639890536,34.52485314983866,1,34.52485314983866,34.52485314983866,531.8728336856504,1,531.8728336856504,531.8728336856504,476.5276440642492,1,476.5276440642492,476.5276440642492,642.3432456345486,1,642.3432456345486,642.3432456345486,2651.766666666667,1,2651.766666666667,2651.766666666667,320.3963785727819,1,320.3963785727819,320.3963785727819,535.8285639890536,34.52485314983866,531.8728336856504,476.5276440642492,642.3432456345486,2651.766666666667,320.3963785727819
results\cec2017_ablation6\ablation6_summary_results.csv,ARPSO-SRR,27,F27,1,211.31611898468452,1,211.31611898468452,211.31611898468452,210.54767346527987,1,210.54767346527987,210.54767346527987,53.79944990844501,1,53.79944990844501,53.79944990844501,15.656532361175325,1,15.656532361175325,15.656532361175325,515.396623984177,1,515.396623984177,515.396623984177,2309.6666666666665,1,2309.6666666666665,2309.6666666666665,297.2558903217316,1,297.2558903217316,297.2558903217316,211.31611898468452,210.54767346527987,53.79944990844501,15.656532361175325,515.396623984177,2309.6666666666665,297.2558903217316
results\cec2017_ablation6\ablation6_summary_results.csv,ARPSO-SRR,28,F28,1,24889.5598205128,1,24889.5598205128,24889.5598205128,27729.717732977224,1,27729.717732977224,27729.717732977224,10550.898303507274,1,10550.898303507274,10550.898303507274,2768.9814878819225,1,2768.9814878819225,2768.9814878819225,114832.57750476769,1,114832.57750476769,114832.57750476769,1960.2666666666669,1,1960.2666666666669,1960.2666666666669,449.7780667304993,1,449.7780667304993,449.7780667304993,24889.5598205128,27729.717732977224,10550.898303507274,2768.9814878819225,114832.57750476769,1960.2666666666669,449.7780667304993
results\cec2017_ablation6\ablation6_summary_results.csv,ARPSO-SRR,29,F29,1,559279.1466233494,1,559279.1466233494,559279.1466233494,1592232.5407822863,1,1592232.5407822863,1592232.5407822863,111052.40658711908,1,111052.40658711908,111052.40658711908,11554.973251004269,1,11554.973251004269,11554.973251004269,7320333.761771696,1,7320333.761771696,7320333.761771696,1997.3,1,1997.3,1997.3,253.84560174147288,1,253.84560174147288,253.84560174147288,559279.1466233494,1592232.5407822863,111052.40658711908,11554.973251004269,7320333.761771696,1997.3,253.84560174147288
results\cec2017_ablation6\ablation6_summary_results.csv,PSO-RS,1,F1,1,8069684.897158903,1,8069684.897158903,8069684.897158903,44153706.24837922,1,44153706.24837922,44153706.24837922,5535.438352817841,1,5535.438352817841,5535.438352817841,49.15099504164195,1,49.15099504164195,49.15099504164195,241848162.53513396,1,241848162.53513396,241848162.53513396,1653.5333333333333,1,1653.5333333333333,1653.5333333333333,6.808615247408549,1,6.808615247408549,6.808615247408549,8069684.897158903,44153706.24837922,5535.438352817841,49.15099504164195,241848162.53513396,1653.5333333333333,6.808615247408549
results\cec2017_ablation6\ablation6_summary_results.csv,PSO-RS,3,F3,1,59.73163613755878,1,59.73163613755878,59.73163613755878,42.924995131483726,1,42.924995131483726,42.924995131483726,36.42610411978831,1,36.42610411978831,36.42610411978831,32.41446206028303,1,32.41446206028303,32.41446206028303,204.43613574051412,1,204.43613574051412,204.43613574051412,1481.7,1,1481.7,1481.7,12.969829074541728,1,12.969829074541728,12.969829074541728,59.73163613755878,42.924995131483726,36.42610411978831,32.41446206028303,204.43613574051412,1481.7,12.969829074541728
results\cec2017_ablation6\ablation6_summary_results.csv,PSO-RS,4,F4,1,182.8569007916164,1,182.8569007916164,182.8569007916164,104.24625177520852,1,104.24625177520852,104.24625177520852,152.58707288546157,1,152.58707288546157,152.58707288546157,103.25254294518923,1,103.25254294518923,103.25254294518923,678.8225022751344,1,678.8225022751344,678.8225022751344,1601.6333333333334,1,1601.6333333333334,1601.6333333333334,9.756326444943744,1,9.756326444943744,9.756326444943744,182.8569007916164,104.24625177520852,152.58707288546157,103.25254294518923,678.8225022751344,1601.6333333333334,9.756326444943744
results\cec2017_ablation6\ablation6_summary_results.csv,PSO-RS,5,F5,1,3.6152997845798986e-05,1,3.6152997845798986e-05,3.6152997845798986e-05,4.774161754384894e-05,1,4.774161754384894e-05,4.774161754384894e-05,1.5579237754081987e-05,1,1.5579237754081987e-05,1.5579237754081987e-05,1.245163616658829e-07,1,1.245163616658829e-07,1.245163616658829e-07,0.0001665921260496,1,0.0001665921260496,0.0001665921260496,1038.7333333333331,1,1038.7333333333331,1038.7333333333331,57.255539115269976,1,57.255539115269976,57.255539115269976,3.6152997845798986e-05,4.774161754384894e-05,1.5579237754081987e-05,1.245163616658829e-07,0.0001665921260496,1038.7333333333331,57.255539115269976
results\cec2017_ablation6\ablation6_summary_results.csv,PSO-RS,6,F6,1,798.3618748938483,1,798.3618748938483,798.3618748938483,2905.736185024398,1,2905.736185024398,2905.736185024398,248.16375804946117,1,248.16375804946117,248.16375804946117,156.80181558732738,1,156.80181558732738,156.80181558732738,16169.181886081544,1,16169.181886081544,16169.181886081544,1548.6666666666667,1,1548.6666666666667,1548.6666666666667,22.303296438852943,1,22.303296438852943,22.303296438852943,798.3618748938483,2905.736185024398,248.16375804946117,156.80181558732738,16169.181886081544,1548.6666666666667,22.303296438852943
results\cec2017_ablation6\ablation6_summary_results.csv,PSO-RS,7,F7,1,183.31793586028695,1,183.31793586028695,183.31793586028695,50.28126253579015,1,50.28126253579015,50.28126253579015,179.0000000193712,1,179.0000000193712,179.0000000193712,96.0000000064415,1,96.0000000064415,96.0000000064415,302.00000002232264,1,302.00000002232264,302.00000002232264,965.1,1,965.1,965.1,43.428950786590576,1,43.428950786590576,43.428950786590576,183.31793586028695,50.28126253579015,179.0000000193712,96.0000000064415,302.00000002232264,965.1,43.428950786590576
results\cec2017_ablation6\ablation6_summary_results.csv,PSO-RS,8,F8,1,2.5684796108293275,1,2.5684796108293275,2.5684796108293275,2.530713676186728,1,2.530713676186728,2.530713676186728,1.402132949990687,1,1.402132949990687,1.402132949990687,4.234307311890007e-06,1,4.234307311890007e-06,4.234307311890007e-06,9.602349837955558,1,9.602349837955558,9.602349837955558,1547.7,1,1547.7,1547.7,19.21263936360677,1,19.21263936360677,19.21263936360677,2.5684796108293275,2.530713676186728,1.402132949990687,4.234307311890007e-06,9.602349837955558,1547.7,19.21263936360677
results\cec2017_ablation6\ablation6_summary_results.csv,PSO-RS,9,F9,1,0.0,1,0.0,0.0,0.0,1,0.0,0.0,0.0,1,0.0,0.0,0.0,1,0.0,0.0,0.0,1,0.0,0.0,308.7333333333333,1,308.7333333333333,308.7333333333333,42.36159648895264,1,42.36159648895264,42.36159648895264,0.0,0.0,0.0,0.0,0.0,308.7333333333333,42.36159648895264
results\cec2017_ablation6\ablation6_summary_results.csv,PSO-RS,10,F10,1,34428.967911459564,1,34428.967911459564,34428.967911459564,29903.35515527052,1,29903.35515527052,29903.35515527052,26189.4466368665,1,26189.4466368665,26189.4466368665,2153.9805116409207,1,2153.9805116409207,2153.9805116409207,93812.31939544776,1,93812.31939544776,93812.31939544776,1198.1333333333334,1,1198.1333333333334,1198.1333333333334,26.902172327041622,1,26.902172327041622,26.902172327041622,34428.967911459564,29903.35515527052,26189.4466368665,2153.9805116409207,93812.31939544776,1198.1333333333334,26.902172327041622
results\cec2017_ablation6\ablation6_summary_results.csv,PSO-RS,11,F11,1,3169093.3413447305,1,3169093.3413447305,3169093.3413447305,5075804.146802284,1,5075804.146802284,5075804.146802284,990495.9574726662,1,990495.9574726662,990495.9574726662,86119.27375877652,1,86119.27375877652,86119.27375877652,24865433.914585203,1,24865433.914585203,24865433.914585203,1398.3,1,1398.3,1398.3,46.770327576001485,1,46.770327576001485,46.770327576001485,3169093.3413447305,5075804.146802284,990495.9574726662,86119.27375877652,24865433.914585203,1398.3,46.770327576001485
results\cec2017_ablation6\ablation6_summary_results.csv,PSO-RS,12,F12,1,436255.36787682207,1,436255.36787682207,436255.36787682207,607259.650466714,1,607259.650466714,607259.650466714,319057.3198781293,1,319057.3198781293,319057.3198781293,49453.07299708576,1,49453.07299708576,49453.07299708576,2679301.1962289056,1,2679301.1962289056,2679301.1962289056,1424.9,1,1424.9,1424.9,29.621369528770447,1,29.621369528770447,29.621369528770447,436255.36787682207,607259.650466714,319057.3198781293,49453.07299708576,2679301.1962289056,1424.9,29.621369528770447
results\cec2017_ablation6\ablation6_summary_results.csv,PSO-RS,13,F13,1,86769.25160784372,1,86769.25160784372,86769.25160784372,65013.83817186341,1,65013.83817186341,65013.83817186341,77969.56025176757,1,77969.56025176757,77969.56025176757,2810.922064736279,1,2810.922064736279,2810.922064736279,241817.61527867,1,241817.61527867,241817.61527867,727.1333333333333,1,727.1333333333333,727.1333333333333,35.4641871213913,1,35.4641871213913,35.4641871213913,86769.25160784372,65013.83817186341,77969.56025176757,2810.922064736279,241817.61527867,727.1333333333333,35.4641871213913
results\cec2017_ablation6\ablation6_summary_results.csv,PSO-RS,14,F14,1,170702.88956591167,1,170702.88956591167,170702.88956591167,251890.49858515317,1,251890.49858515317,251890.49858515317,106424.6812902595,1,106424.6812902595,106424.6812902595,26903.79356183727,1,26903.79356183727,26903.79356183727,1396415.2768177288,1,1396415.2768177288,1396415.2768177288,1402.8333333333333,1,1402.8333333333333,1402.8333333333333,29.693550459543864,1,29.693550459543864,29.693550459543864,170702.88956591167,251890.49858515317,106424.6812902595,26903.79356183727,1396415.2768177288,1402.8333333333333,29.693550459543864
results\cec2017_ablation6\ablation6_summary_results.csv,PSO-RS,15,F15,1,11253.04400059741,1,11253.04400059741,11253.04400059741,22026.53874916154,1,22026.53874916154,22026.53874916154,1731.2365388070382,1,1731.2365388070382,1731.2365388070382,0.0,1,0.0,0.0,84143.33482196464,1,84143.33482196464,84143.33482196464,1157.9666666666667,1,1157.9666666666667,1157.9666666666667,96.4722220102946,1,96.4722220102946,96.4722220102946,11253.04400059741,22026.53874916154,1731.2365388070382,0.0,84143.33482196464,1157.9666666666667,96.4722220102946
results\cec2017_ablation6\ablation6_summary_results.csv,PSO-RS,16,F16,1,1283.9055215321025,1,1283.9055215321025,1283.9055215321025,697.1512484768293,1,697.1512484768293,697.1512484768293,1134.129141565807,1,1134.129141565807,1134.129141565807,91.58055137712722,1,91.58055137712722,91.58055137712722,2901.5402200064373,1,2901.5402200064373,2901.5402200064373,1207.4,1,1207.4,1207.4,300.6830192645391,1,300.6830192645391,300.6830192645391,1283.9055215321025,697.1512484768293,1134.129141565807,91.58055137712722,2901.5402200064373,1207.4,300.6830192645391
results\cec2017_ablation6\ablation6_summary_results.csv,PSO-RS,17,F17,1,44332.70062825054,1,44332.70062825054,44332.70062825054,21295.65431367174,1,21295.65431367174,21295.65431367174,42653.891885025136,1,42653.891885025136,42653.891885025136,17918.411098553104,1,17918.411098553104,17918.411098553104,114309.41441573876,1,114309.41441573876,114309.41441573876,836.8333333333334,1,836.8333333333334,836.8333333333334,42.3331882238388,1,42.3331882238388,42.3331882238388,44332.70062825054,21295.65431367174,42653.891885025136,17918.411098553104,114309.41441573876,836.8333333333334,42.3331882238388
results\cec2017_ablation6\ablation6_summary_results.csv,PSO-RS,18,F18,1,89235.42656795135,1,89235.42656795135,89235.42656795135,62062.53005144386,1,62062.53005144386,62062.53005144386,86155.38591847463,1,86155.38591847463,86155.38591847463,1371.850179694733,1,1371.850179694733,1371.850179694733,257115.8658407556,1,257115.8658407556,257115.8658407556,1326.6333333333334,1,1326.6333333333334,1326.6333333333334,167.85860702196757,1,167.85860702196757,167.85860702196757,89235.42656795135,62062.53005144386,86155.38591847463,1371.850179694733,257115.8658407556,1326.6333333333334,167.85860702196757
results\cec2017_ablation6\ablation6_summary_results.csv,PSO-RS,19,F19,1,172.16446546669084,1,172.16446546669084,172.16446546669084,271.05735441733384,1,271.05735441733384,271.05735441733384,52.71515162846151,1,52.71515162846151,52.71515162846151,0.0,1,0.0,0.0,1262.7940482797676,1,1262.7940482797676,1262.7940482797676,1118.1,1,1118.1,1118.1,305.5114947398504,1,305.5114947398504,305.5114947398504,172.16446546669084,271.05735441733384,52.71515162846151,0.0,1262.7940482797676,1118.1,305.5114947398504
results\cec2017_ablation6\ablation6_summary_results.csv,PSO-RS,20,F20,1,355.2471202341687,1,355.2471202341687,355.2471202341687,131.7384259630622,1,131.7384259630622,131.7384259630622,381.14382210580993,1,381.14382210580993,381.14382210580993,100.60111866923036,1,100.60111866923036,100.60111866923036,689.0464571390448,1,689.0464571390448,689.0464571390448,1652.7,1,1652.7,1652.7,50.21722125212352,1,50.21722125212352,50.21722125212352,355.2471202341687,131.7384259630622,381.14382210580993,100.60111866923036,689.0464571390448,1652.7,50.21722125212352
results\cec2017_ablation6\ablation6_summary_results.csv,PSO-RS,21,F21,1,0.0,1,0.0,0.0,0.0,1,0.0,0.0,0.0,1,0.0,0.0,0.0,1,0.0,0.0,0.0,1,0.0,0.0,1106.5666666666666,1,1106.5666666666666,1106.5666666666666,71.07428292433421,1,71.07428292433421,71.07428292433421,0.0,0.0,0.0,0.0,0.0,1106.5666666666666,71.07428292433421
results\cec2017_ablation6\ablation6_summary_results.csv,PSO-RS,22,F22,1,309.6300547373815,1,309.6300547373815,309.6300547373815,254.87445869432364,1,254.87445869432364,254.87445869432364,201.75444211504575,1,201.75444211504575,201.75444211504575,200.68622517168387,1,200.68622517168387,200.68622517168387,1161.272272524876,1,1161.272272524876,1161.272272524876,1633.1666666666667,1,1633.1666666666667,1633.1666666666667,86.60817721684774,1,86.60817721684774,86.60817721684774,309.6300547373815,254.87445869432364,201.75444211504575,200.68622517168387,1161.272272524876,1633.1666666666667,86.60817721684774
results\cec2017_ablation6\ablation6_summary_results.csv,PSO-RS,23,F23,1,269.0064465258413,1,269.0064465258413,269.0064465258413,126.84467493641746,1,126.84467493641746,126.84467493641746,200.7217280333737,1,200.7217280333737,200.7217280333737,200.2927529796675,1,200.2927529796675,200.2927529796675,553.3041876041198,1,553.3041876041198,553.3041876041198,1642.6666666666667,1,1642.6666666666667,1642.6666666666667,61.68869264920553,1,61.68869264920553,61.68869264920553,269.0064465258413,126.84467493641746,200.7217280333737,200.2927529796675,553.3041876041198,1642.6666666666667,61.68869264920553
results\cec2017_ablation6\ablation6_summary_results.csv,PSO-RS,24,F24,1,434.4338250050649,1,434.4338250050649,434.4338250050649,23.68471175107438,1,23.68471175107438,23.68471175107438,424.7711802265035,1,424.7711802265035,424.7711802265035,421.4078069800926,1,421.4078069800926,421.4078069800926,533.7263788918458,1,533.7263788918458,533.7263788918458,1450.8333333333333,1,1450.8333333333333,1450.8333333333333,75.40344300270081,1,75.40344300270081,75.40344300270081,434.4338250050649,23.68471175107438,424.7711802265035,421.4078069800926,533.7263788918458,1450.8333333333333,75.40344300270081
results\cec2017_ablation6\ablation6_summary_results.csv,PSO-RS,25,F25,1,844.3732633619329,1,844.3732633619329,844.3732633619329,25.643346912725956,1,25.643346912725956,25.643346912725956,837.3773501671303,1,837.3773501671303,837.3773501671303,750.2204602310835,1,750.2204602310835,750.2204602310835,875.9326475081025,1,875.9326475081025,875.9326475081025,1795.4,1,1795.4,1795.4,308.5182190259298,1,308.5182190259298,308.5182190259298,844.3732633619329,25.643346912725956,837.3773501671303,750.2204602310835,875.9326475081025,1795.4,308.5182190259298
results\cec2017_ablation6\ablation6_summary_results.csv,PSO-RS,26,F26,1,542.6975620771569,1,542.6975620771569,542.6975620771569,42.9105071206354,1,42.9105071206354,42.9105071206354,531.5210014092502,1,531.5210014092502,531.5210014092502,486.8784647391585,1,486.8784647391585,486.8784647391585,655.101852501326,1,655.101852501326,655.101852501326,1715.8666666666666,1,1715.8666666666666,1715.8666666666666,312.74698140621183,1,312.74698140621183,312.74698140621183,542.6975620771569,42.9105071206354,531.5210014092502,486.8784647391585,655.101852501326,1715.8666666666666,312.74698140621183
results\cec2017_ablation6\ablation6_summary_results.csv,PSO-RS,27,F27,1,390.9369000218672,1,390.9369000218672,390.9369000218672,171.96694480614477,1,171.96694480614477,171.96694480614477,459.0166800644258,1,459.0166800644258,459.0166800644258,0.0939086243683959,1,0.0939086243683959,0.0939086243683959,538.657692970834,1,538.657692970834,538.657692970834,1478.0333333333333,1,1478.0333333333333,1478.0333333333333,300.17871998151145,1,300.17871998151145,300.17871998151145,390.9369000218672,171.96694480614477,459.0166800644258,0.0939086243683959,538.657692970834,1478.0333333333333,300.17871998151145
results\cec2017_ablation6\ablation6_summary_results.csv,PSO-RS,28,F28,1,59068.094836126416,1,59068.094836126416,59068.094836126416,81650.47377483649,1,81650.47377483649,81650.47377483649,23639.89108122287,1,23639.89108122287,23639.89108122287,5638.665195914509,1,5638.665195914509,5638.665195914509,415970.0883109949,1,415970.0883109949,415970.0883109949,1324.3,1,1324.3,1324.3,441.9513390143712,1,441.9513390143712,441.9513390143712,59068.094836126416,81650.47377483649,23639.89108122287,5638.665195914509,415970.0883109949,1324.3,441.9513390143712
results\cec2017_ablation6\ablation6_summary_results.csv,PSO-RS,29,F29,1,849667.6424495388,1,849667.6424495388,849667.6424495388,2515470.489693169,1,2515470.489693169,2515470.489693169,167837.39472280408,1,167837.39472280408,167837.39472280408,7989.912694566803,1,7989.912694566803,7989.912694566803,13518245.737408206,1,13518245.737408206,13518245.737408206,1352.4333333333334,1,1352.4333333333334,1352.4333333333334,247.7901992956797,1,247.7901992956797,247.7901992956797,849667.6424495388,2515470.489693169,167837.39472280408,7989.912694566803,13518245.737408206,1352.4333333333334,247.7901992956797
