source_file,Algorithm,Function,__rows,BestValue__sum,BestValue__count,BestValue__min,BestValue__max,RestartCount__sum,RestartCount__count,RestartCount__min,RestartCount__max,RuntimeSeconds__sum,RuntimeSeconds__count,RuntimeSeconds__min,RuntimeSeconds__max,BestValue__mean,RestartCount__mean,RuntimeSeconds__mean
results\cec\cec2017_full_parallel_checkpoint_raw_results.csv,ARPSO-EIS,CEC2017-F1,30,338739.14111430355,30,279.98838722405145,20841.76710091616,2220,30,74,74,137.07024250000177,30,3.6196797999982655,5.3135404999993625,11291.304703810118,74.0,4.569008083333392
results\cec\cec2017_full_parallel_checkpoint_raw_results.csv,ARPSO-EIS,CEC2017-F10,30,-106169.82243977318,30,-6787.757928225863,-1521.531015122686,1143,30,1,68,724.8079935999922,30,23.35623900000064,25.036002900000312,-3538.9940813257726,38.1,24.160266453333072
results\cec\cec2017_full_parallel_checkpoint_raw_results.csv,ARPSO-EIS,CEC2017-F11,30,640277.658738368,30,900.7482688984488,131774.70934309546,1738,30,0,74,478.8966360999766,30,14.741537599998992,18.84130189999996,21342.588624612265,57.93333333333333,15.963221203332553
results\cec\cec2017_full_parallel_checkpoint_raw_results.csv,ARPSO-EIS,CEC2017-F12,30,46970078.679310456,30,14691.485822977049,11097473.826629834,2220,30,74,74,1023.2853699999978,30,31.48404489999666,35.54627050000272,1565669.2893103485,74.0,34.10951233333326
results\cec\cec2017_full_parallel_checkpoint_raw_results.csv,ARPSO-EIS,CEC2017-F13,30,5434210.417041722,30,25388.15974673898,377552.43450753775,2208,30,62,74,553.6697476000118,30,17.653015099996992,19.85255689999758,181140.34723472406,73.6,18.455658253333727
results\cec\cec2017_full_parallel_checkpoint_raw_results.csv,ARPSO-EIS,CEC2017-F14,30,2876914.6859164014,30,3007.879370458064,294757.5376818868,1250,30,9,74,718.0230767999892,30,22.62501459999476,24.89220639999985,95897.15619721338,41.666666666666664,23.93410255999964
results\cec\cec2017_full_parallel_checkpoint_raw_results.csv,ARPSO-EIS,CEC2017-F15,30,3419775.075208094,30,14966.213903677206,640521.415512833,2144,30,0,74,541.4542992000206,30,17.144593299999542,19.266722200001823,113992.50250693646,71.46666666666667,18.048476640000686
results\cec\cec2017_full_parallel_checkpoint_raw_results.csv,ARPSO-EIS,CEC2017-F16,30,29109.22583188159,30,-663.9075281084741,4704.663568418845,2027,30,0,74,2032.9881556999972,30,60.69991100000334,76.481234699997,970.3075277293864,67.56666666666666,67.76627185666658
results\cec\cec2017_full_parallel_checkpoint_raw_results.csv,ARPSO-EIS,CEC2017-F17,30,50601.55300530293,30,-124.5657337978446,33263.42853829269,1773,30,0,74,5013.406934999977,30,164.27442999999766,169.86006619999534,1686.7184335100976,59.1,167.11356449999923
results\cec\cec2017_full_parallel_checkpoint_raw_results.csv,ARPSO-EIS,CEC2017-F18,30,1060290.6042053164,30,5069.59768083325,109538.5516145076,887,30,2,57,580.7296185000087,30,18.51543469999888,20.493153499999607,35343.020140177214,29.566666666666666,19.357653950000287
results\cec\cec2017_full_parallel_checkpoint_raw_results.csv,ARPSO-EIS,CEC2017-F19,30,2382152.7295563743,30,100.7902735050102,182831.30181533148,2204,30,60,74,2795.3276230000192,30,91.6739801000076,95.1814272999909,79405.09098521248,73.46666666666667,93.17758743333397
results\cec\cec2017_full_parallel_checkpoint_raw_results.csv,ARPSO-EIS,CEC2017-F20,30,662.2798393544061,30,-321.0421563747145,443.8099487845893,2185,30,65,74,5569.536330899995,30,181.4679385999916,188.4918551999872,22.07599464514687,72.83333333333333,185.65121102999984
results\cec\cec2017_full_parallel_checkpoint_raw_results.csv,ARPSO-EIS,CEC2017-F21,30,7669.393629602119,30,100.00000000000092,411.2707373481694,2218,30,73,74,837.2581981000403,30,26.962600600003498,28.856365800005733,255.64645432007063,73.93333333333334,27.90860660333468
results\cec\cec2017_full_parallel_checkpoint_raw_results.csv,ARPSO-EIS,CEC2017-F22,30,-120519.85462848432,30,-8915.98105114548,-697.0779603838864,1874,30,41,74,1237.385605500036,30,39.665259100002,42.30774930000189,-4017.328487616144,62.46666666666667,41.2461868500012
results\cec\cec2017_full_parallel_checkpoint_raw_results.csv,ARPSO-EIS,CEC2017-F23,30,8375.531693696064,30,100.00000000000092,738.3422680088847,2216,30,73,74,1499.7327877000207,30,48.55610799998976,51.36281610000879,279.1843897898688,73.86666666666666,49.99109292333402
results\cec\cec2017_full_parallel_checkpoint_raw_results.csv,ARPSO-EIS,CEC2017-F24,30,7364.814377723769,30,200.00000000000043,491.6181508197869,2212,30,72,74,1482.6859643999487,30,46.10955130000366,55.77097830000275,245.49381259079232,73.73333333333333,49.42286547999829
results\cec\cec2017_full_parallel_checkpoint_raw_results.csv,ARPSO-EIS,CEC2017-F25,30,12765.5192879537,30,421.03142120231314,532.5575739899309,2219,30,73,74,1695.7298101000197,30,52.28815639999812,61.28030519999447,425.5173095984567,73.96666666666667,56.52432700333399
results\cec\cec2017_full_parallel_checkpoint_raw_results.csv,ARPSO-EIS,CEC2017-F26,30,25341.778225927734,30,825.7158784680364,875.0114967223581,2220,30,74,74,7156.027875700005,30,226.97529449999277,263.36680879999767,844.7259408642578,74.0,238.5342625233335
results\cec\cec2017_full_parallel_checkpoint_raw_results.csv,ARPSO-EIS,CEC2017-F27,30,15615.709475346639,30,466.3888365833645,623.2678575987388,2220,30,74,74,6565.360947399968,30,215.89392309999675,222.42272950000188,520.5236491782213,74.0,218.84536491333225
results\cec\cec2017_full_parallel_checkpoint_raw_results.csv,ARPSO-EIS,CEC2017-F28,30,3871.284330557472,30,1.3642420526593924e-12,466.2704604665733,2174,30,45,74,6512.763130399835,30,213.3818219999957,223.02455239999108,129.0428110185824,72.46666666666667,217.09210434666116
results\cec\cec2017_full_parallel_checkpoint_raw_results.csv,ARPSO-EIS,CEC2017-F29,30,875814.5017237804,30,2803.5668698045547,224278.9363953511,1605,30,0,74,7414.70181310011,30,240.8740286999964,250.9537977,29193.816724126013,53.5,247.15672710333698
results\cec\cec2017_full_parallel_checkpoint_raw_results.csv,ARPSO-EIS,CEC2017-F3,30,2.103206497849897e-12,30,5.684341886080803e-14,1.1368683772161605e-13,2220,30,74,74,180.88351340000008,30,5.6529336999992665,6.431909099999757,7.010688326166323e-14,74.0,6.02945044666667
results\cec\cec2017_full_parallel_checkpoint_raw_results.csv,ARPSO-EIS,CEC2017-F30,30,11391084.363605728,30,2910.6730754948985,6263687.276468348,2069,30,1,74,4941.363858400087,30,140.4021470999869,207.87966959999176,379702.81212019094,68.96666666666667,164.71212861333623
results\cec\cec2017_full_parallel_checkpoint_raw_results.csv,ARPSO-EIS,CEC2017-F4,30,1079.279907619628,30,2.79185535322722,88.28002363630213,2145,30,1,74,240.6013879999955,30,7.550296000001254,8.603160400001798,35.97599692065426,71.5,8.020046266666517
results\cec\cec2017_full_parallel_checkpoint_raw_results.csv,ARPSO-EIS,CEC2017-F5,30,3172.0532159785334,30,61.68733037473555,185.0611744993828,2220,30,74,74,183.18854919999285,30,5.8508767999992415,6.472843999999896,105.73510719928444,74.0,6.106284973333095
results\cec\cec2017_full_parallel_checkpoint_raw_results.csv,ARPSO-EIS,CEC2017-F6,30,0.0028715085068137395,30,4.3621639633784065e-10,0.0005158027997822,2062,30,31,74,1096.7641371999925,30,35.94929509999929,37.482386899999256,9.571695022712465e-05,68.73333333333333,36.558804573333084
results\cec\cec2017_full_parallel_checkpoint_raw_results.csv,ARPSO-EIS,CEC2017-F7,30,5097.268343877425,30,111.29282686680632,218.07035067218223,2220,30,74,74,356.1404031999955,30,11.46175040000162,12.339555099999416,169.90894479591415,74.0,11.871346773333183
results\cec\cec2017_full_parallel_checkpoint_raw_results.csv,ARPSO-EIS,CEC2017-F8,30,4582.500000006414,30,74.0,302.00000000641376,1789,30,42,73,759.8712674999988,30,23.812712500002817,29.27274469999975,152.7500000002138,59.63333333333333,25.32904224999996
results\cec\cec2017_full_parallel_checkpoint_raw_results.csv,ARPSO-EIS,CEC2017-F9,30,46.854081638986486,30,3.410605131648481e-13,5.633479293895562,2219,30,73,74,369.43239419999736,30,11.627785099997707,13.579666600002383,1.5618027212995496,73.96666666666667,12.314413139999912
results\cec\cec2017_full_parallel_checkpoint_raw_results.csv,ARPSO-v4,CEC2017-F1,30,193282.35658466333,30,41.41085539802228,20841.76710091616,2220,30,74,74,117.3165531000086,30,3.3789403999981005,4.9652986000000965,6442.745219488777,74.0,3.910551770000287
results\cec\cec2017_full_parallel_checkpoint_raw_results.csv,ARPSO-v4,CEC2017-F10,30,-103761.26149768812,30,-5376.912211477142,-970.5554115925806,922,30,1,55,738.8257521000123,30,23.356400299999223,27.65749080000387,-3458.7087165896037,30.733333333333334,24.62752507000041
results\cec\cec2017_full_parallel_checkpoint_raw_results.csv,ARPSO-v4,CEC2017-F11,30,503225.48744403,30,352.5295026247986,81251.52224964031,2102,30,38,74,540.3711194000061,30,17.34224570000515,18.98167299999477,16774.182914801,70.06666666666666,18.01237064666687
results\cec\cec2017_full_parallel_checkpoint_raw_results.csv,ARPSO-v4,CEC2017-F12,30,60943486.1222741,30,3060.3639627661905,10845363.083325395,2220,30,74,74,1050.6546731000053,30,33.14496910000162,37.32124920000206,2031449.5374091368,74.0,35.021822436666845
results\cec\cec2017_full_parallel_checkpoint_raw_results.csv,ARPSO-v4,CEC2017-F13,30,6609597.840988237,30,45880.187502295004,409082.6798782605,2220,30,74,74,550.2948657999805,30,17.650096599994868,19.688914500002284,220319.92803294124,74.0,18.34316219333268
results\cec\cec2017_full_parallel_checkpoint_raw_results.csv,ARPSO-v4,CEC2017-F14,30,2279419.522041741,30,3237.584051070251,339116.7755285278,1509,30,25,71,738.769889799958,30,23.19615049999993,29.83466190000036,75980.6507347247,50.3,24.625662993331936
results\cec\cec2017_full_parallel_checkpoint_raw_results.csv,ARPSO-v4,CEC2017-F15,30,2765525.7665372486,30,26270.35653329314,160258.62283443857,2192,30,57,74,543.4919288000092,30,17.07774220000283,19.49911340000108,92184.19221790829,73.06666666666666,18.116397626666974
results\cec\cec2017_full_parallel_checkpoint_raw_results.csv,ARPSO-v4,CEC2017-F16,30,45941.21559121671,30,-352.7254933140798,20592.968244505708,2141,30,52,74,2215.20239959997,30,62.67424709999614,77.30318039999838,1531.373853040557,71.36666666666666,73.84007998666566
results\cec\cec2017_full_parallel_checkpoint_raw_results.csv,ARPSO-v4,CEC2017-F17,30,13442.400816547179,30,-204.6045902141659,1734.3515931879306,1860,30,7,74,5004.44181199999,30,163.30431719999615,171.68324479999865,448.0800272182393,62.0,166.81472706666634
results\cec\cec2017_full_parallel_checkpoint_raw_results.csv,ARPSO-v4,CEC2017-F18,30,1012618.7083403642,30,9624.89075847706,97919.26692480136,886,30,3,59,585.2261717000074,30,18.58967670000129,20.528417000001355,33753.95694467881,29.533333333333335,19.507539056666914
results\cec\cec2017_full_parallel_checkpoint_raw_results.csv,ARPSO-v4,CEC2017-F19,30,2198363.0582402116,30,14575.753132992606,209899.5421051983,2209,30,72,74,2798.35149489998,30,91.65100589999928,94.76361069999984,73278.76860800706,73.63333333333334,93.27838316333266
results\cec\cec2017_full_parallel_checkpoint_raw_results.csv,ARPSO-v4,CEC2017-F20,30,1395.3422983123687,30,-429.4888697712481,899.3604468788812,2202,30,67,74,5570.15698020003,30,182.03672260000891,190.3125088000088,46.511409943745626,73.4,185.671899340001
results\cec\cec2017_full_parallel_checkpoint_raw_results.csv,ARPSO-v4,CEC2017-F21,30,8312.541022076839,30,100.00000000000092,387.3208641938022,2220,30,74,74,836.2184997999575,30,26.902871799989956,28.94351719999395,277.0847007358946,74.0,27.873949993331916
results\cec\cec2017_full_parallel_checkpoint_raw_results.csv,ARPSO-v4,CEC2017-F22,30,-125662.52475779172,30,-6857.666524371774,-272.34663437959966,1704,30,38,74,1237.009221299988,30,39.73025790000975,42.13447720000113,-4188.750825259724,56.8,41.2336407099996
results\cec\cec2017_full_parallel_checkpoint_raw_results.csv,ARPSO-v4,CEC2017-F23,30,8163.613153289993,30,100.00000000000227,794.3994494004774,2210,30,73,74,1503.599204000042,30,48.52855050000653,51.44270410000172,272.1204384429997,73.66666666666667,50.119973466668064
results\cec\cec2017_full_parallel_checkpoint_raw_results.csv,ARPSO-v4,CEC2017-F24,30,6846.320092104173,30,200.00000000000043,443.90213592651344,2208,30,72,74,1542.8080630999466,30,46.48003299999982,65.59708169999067,228.21066973680578,73.6,51.426935436664884
results\cec\cec2017_full_parallel_checkpoint_raw_results.csv,ARPSO-v4,CEC2017-F25,30,12719.859191015874,30,420.9947798452727,443.167120321355,2220,30,74,74,1703.7253912999877,30,52.939067900006194,60.81021359999431,423.9953063671958,74.0,56.79084637666626
results\cec\cec2017_full_parallel_checkpoint_raw_results.csv,ARPSO-v4,CEC2017-F26,30,25290.53946206998,30,825.7475889075617,875.4242660312575,2220,30,74,74,7104.316197599968,30,223.18562389998988,253.31386620001285,843.0179820689993,74.0,236.81053991999894
results\cec\cec2017_full_parallel_checkpoint_raw_results.csv,ARPSO-v4,CEC2017-F27,30,16163.691126051952,30,491.88255274733,635.4536876579009,2220,30,74,74,6570.328092099982,30,215.41367080000052,222.32060210000785,538.7897042017318,74.0,219.01093640333275
results\cec\cec2017_full_parallel_checkpoint_raw_results.csv,ARPSO-v4,CEC2017-F28,30,3973.5485193079135,30,1.3642420526593924e-12,486.6557125513691,2173,30,46,74,6512.217722600064,30,213.73409080001875,221.82417609999536,132.45161731026377,72.43333333333334,217.0739240866688
results\cec\cec2017_full_parallel_checkpoint_raw_results.csv,ARPSO-v4,CEC2017-F29,30,572926.8176733832,30,2257.9489370584342,114956.56122339168,1831,30,0,74,7632.177425200003,30,238.64460719999624,318.6104306000052,19097.56058911277,61.03333333333333,254.40591417333343
results\cec\cec2017_full_parallel_checkpoint_raw_results.csv,ARPSO-v4,CEC2017-F3,30,2.273736754432321e-12,30,5.684341886080803e-14,1.1368683772161605e-13,2220,30,74,74,172.99369379999916,30,5.3950965000003634,6.362030899999809,7.579122514774403e-14,74.0,5.766456459999972
results\cec\cec2017_full_parallel_checkpoint_raw_results.csv,ARPSO-v4,CEC2017-F30,30,8495433.644186988,30,16127.499751294876,2108848.669789309,2158,30,45,74,4233.787618700124,30,138.7576570000092,144.28501359999063,283181.1214728996,71.93333333333334,141.1262539566708
results\cec\cec2017_full_parallel_checkpoint_raw_results.csv,ARPSO-v4,CEC2017-F4,30,1286.6494885143698,30,28.99590322381556,108.99908284981352,2218,30,73,74,244.20905880000646,30,7.704567900000256,8.881617900002311,42.88831628381232,73.93333333333334,8.140301960000215
results\cec\cec2017_full_parallel_checkpoint_raw_results.csv,ARPSO-v4,CEC2017-F5,30,3600.7409874662967,30,75.6166964464395,196.00581091664367,2220,30,74,74,184.56706010000198,30,5.855152500000258,6.686619899999641,120.02469958220989,74.0,6.152235336666733
results\cec\cec2017_full_parallel_checkpoint_raw_results.csv,ARPSO-v4,CEC2017-F6,30,0.003021031551838252,30,6.924665285623631e-10,0.0008579990820862,2161,30,36,74,1089.5301312000047,30,35.72951969999849,37.34316160000162,0.00010070105172794174,72.03333333333333,36.31767104000016
results\cec\cec2017_full_parallel_checkpoint_raw_results.csv,ARPSO-v4,CEC2017-F7,30,4708.319637628722,30,105.31002558737303,254.42946620934504,2220,30,74,74,350.5340249000001,30,11.30597260000286,12.318826799997623,156.94398792095743,74.0,11.684467496666668
results\cec\cec2017_full_parallel_checkpoint_raw_results.csv,ARPSO-v4,CEC2017-F8,30,4828.0,30,86.0,252.0,1812,30,41,73,744.7181393999927,30,24.02951100000064,25.88512520000222,160.93333333333334,60.4,24.823937979999755
results\cec\cec2017_full_parallel_checkpoint_raw_results.csv,ARPSO-v4,CEC2017-F9,30,51.830968842237326,30,2.273736754432321e-13,8.363531843386568,2220,30,74,74,366.7764703000139,30,11.759596700001566,13.284956000003149,1.7276989614079108,74.0,12.225882343333797
results\cec\cec2017_full_parallel_checkpoint_raw_results.csv,CLPSO,CEC2017-F1,30,26714.322741926964,30,251.7529034247025,2252.855627987846,0,30,0,0,241.5800354000021,30,7.198989699998492,9.861761000000117,890.4774247308989,0.0,8.052667846666736
results\cec\cec2017_full_parallel_checkpoint_raw_results.csv,CLPSO,CEC2017-F10,30,-150164.42296848242,30,-6818.082307167297,-3907.726747281544,0,30,0,0,868.4126777999845,30,27.91163190000225,30.03400159999728,-5005.480765616081,0.0,28.947089259999483
results\cec\cec2017_full_parallel_checkpoint_raw_results.csv,CLPSO,CEC2017-F11,30,381242.8171469306,30,1918.463018534053,21185.77942139773,0,30,0,0,670.7749970999939,30,21.39849099999992,23.20426210000005,12708.093904897687,0.0,22.359166569999797
results\cec\cec2017_full_parallel_checkpoint_raw_results.csv,CLPSO,CEC2017-F12,30,7763786.321769221,30,84891.36693056293,432853.6351136681,0,30,0,0,1148.547886999957,30,36.699112099995546,40.69645879999735,258792.87739230736,0.0,38.284929566665234
results\cec\cec2017_full_parallel_checkpoint_raw_results.csv,CLPSO,CEC2017-F13,30,332287.1399010267,30,2675.393994976805,28132.593177822364,0,30,0,0,654.3194300000032,30,21.08219790000294,22.89938319999783,11076.23799670089,0.0,21.810647666666775
results\cec\cec2017_full_parallel_checkpoint_raw_results.csv,CLPSO,CEC2017-F14,30,3054192.920688637,30,6211.281215037693,404167.35082254,0,30,0,0,825.1892985000013,30,26.596672699997725,28.38678159999836,101806.43068962124,0.0,27.506309950000045
results\cec\cec2017_full_parallel_checkpoint_raw_results.csv,CLPSO,CEC2017-F15,30,542834.5894923977,30,9129.092103798976,38445.86311623306,0,30,0,0,784.6365404000171,30,24.815569700003834,27.495479800003523,18094.48631641326,0.0,26.154551346667237
results\cec\cec2017_full_parallel_checkpoint_raw_results.csv,CLPSO,CEC2017-F16,30,-1883.7297884652025,30,-800.0319082889639,1675.6776534477794,0,30,0,0,1919.7530493000304,30,63.6253749000025,64.47190270000283,-62.790992948840085,0.0,63.991768310001014
results\cec\cec2017_full_parallel_checkpoint_raw_results.csv,CLPSO,CEC2017-F17,30,19331.517219419173,30,158.6408624777573,1086.87832593271,0,30,0,0,5048.642787200006,30,165.7381047000017,171.92526580000413,644.3839073139724,0.0,168.28809290666686
results\cec\cec2017_full_parallel_checkpoint_raw_results.csv,CLPSO,CEC2017-F18,30,1115182.1925004579,30,19201.6884918694,67571.96163371253,0,30,0,0,680.2039316000228,30,21.57806410000194,23.419235900000785,37172.739750015266,0.0,22.673464386667426
results\cec\cec2017_full_parallel_checkpoint_raw_results.csv,CLPSO,CEC2017-F19,30,29568.90625979935,30,139.47723678388093,3126.080612617109,0,30,0,0,2858.587557499981,30,93.77424129999416,96.77206339999977,985.6302086599784,0.0,95.28625191666603
results\cec\cec2017_full_parallel_checkpoint_raw_results.csv,CLPSO,CEC2017-F20,30,-13032.443939180957,30,-572.6819855242597,-263.82367879645017,0,30,0,0,5972.693435100009,30,177.58665890000702,272.8595888999989,-434.4147979726986,0.0,199.0897811700003
results\cec\cec2017_full_parallel_checkpoint_raw_results.csv,CLPSO,CEC2017-F21,30,9165.885019607884,30,272.75304437163004,344.05103078274806,0,30,0,0,929.0761004000233,30,29.91162529999565,32.19701269999496,305.52950065359613,0.0,30.96920334666744
results\cec\cec2017_full_parallel_checkpoint_raw_results.csv,CLPSO,CEC2017-F22,30,-423602.9437767071,30,-14306.66465206715,-13814.25258672514,0,30,0,0,1313.466302699977,30,42.11924099999305,45.02944510000816,-14120.098125890237,0.0,43.78221008999923
results\cec\cec2017_full_parallel_checkpoint_raw_results.csv,CLPSO,CEC2017-F23,30,9506.87791251546,30,200.1334610569265,518.8799639045019,0,30,0,0,1593.8642354000185,30,51.13432300000568,55.11649640000542,316.895930417182,0.0,53.128807846667286
results\cec\cec2017_full_parallel_checkpoint_raw_results.csv,CLPSO,CEC2017-F24,30,6006.5804867921415,30,200.00391487536623,203.89346683508572,0,30,0,0,1501.378925499972,30,46.19034109999484,57.19287309999345,200.21934955973805,0.0,50.0459641833324
results\cec\cec2017_full_parallel_checkpoint_raw_results.csv,CLPSO,CEC2017-F25,30,12643.99721243077,30,421.1373943161507,422.1541972164305,0,30,0,0,1818.7282388000021,30,55.48944440000923,64.50728189999063,421.46657374769234,0.0,60.62427462666674
results\cec\cec2017_full_parallel_checkpoint_raw_results.csv,CLPSO,CEC2017-F26,30,25971.719267355915,30,842.0991493578717,880.9525013138414,0,30,0,0,7251.194146199952,30,231.85772239998917,250.68026449999888,865.7239755785305,0.0,241.7064715399984
results\cec\cec2017_full_parallel_checkpoint_raw_results.csv,CLPSO,CEC2017-F27,30,14726.82135824033,30,466.1348657603553,502.741774041996,0,30,0,0,6775.17876109996,30,222.34309680000297,229.54187440000533,490.89404527467764,0.0,225.83929203666534
results\cec\cec2017_full_parallel_checkpoint_raw_results.csv,CLPSO,CEC2017-F28,30,13402.453133616926,30,348.0893551241884,483.4080097472847,0,30,0,0,6484.691116300062,30,213.4003895000205,219.30379400000675,446.74843778723084,0.0,216.1563705433354
results\cec\cec2017_full_parallel_checkpoint_raw_results.csv,CLPSO,CEC2017-F29,30,2186060.9272143003,30,15084.38028985641,124496.80225540392,0,30,0,0,9857.265138100047,30,314.5821913999971,337.59548440002254,72868.69757381002,0.0,328.5755046033349
results\cec\cec2017_full_parallel_checkpoint_raw_results.csv,CLPSO,CEC2017-F3,30,3.4506656554756305,30,0.0263681117289706,0.288362101423445,0,30,0,0,227.8378896999784,30,7.136178200002178,9.135756099996795,0.11502218851585436,0.0,7.594596323332613
results\cec\cec2017_full_parallel_checkpoint_raw_results.csv,CLPSO,CEC2017-F30,30,1397422.3061087814,30,12626.840949363248,257452.8954034658,0,30,0,0,4263.9755527000525,30,140.11899740001536,145.05299149997882,46580.74353695938,0.0,142.13251842333509
results\cec\cec2017_full_parallel_checkpoint_raw_results.csv,CLPSO,CEC2017-F4,30,1007.3664795014179,30,31.829047452510054,64.79639621930949,0,30,0,0,333.7612806999932,30,10.766723099997762,11.510453399998369,33.57888265004726,0.0,11.125376023333107
results\cec\cec2017_full_parallel_checkpoint_raw_results.csv,CLPSO,CEC2017-F5,30,2023.5255103116551,30,55.46488147848811,82.43232224613985,0,30,0,0,296.60257010000714,30,9.333971399999427,10.880047200000265,67.45085034372184,0.0,9.886752336666905
results\cec\cec2017_full_parallel_checkpoint_raw_results.csv,CLPSO,CEC2017-F6,30,0.005154310116834965,30,4.26237546662378e-05,0.0003865250672561,0,30,0,0,1194.5963826999978,30,39.09554720000233,41.45666209999763,0.00017181033722783216,0.0,39.81987942333326
results\cec\cec2017_full_parallel_checkpoint_raw_results.csv,CLPSO,CEC2017-F7,30,3263.292282520719,30,87.93984111359873,138.9660850201335,0,30,0,0,465.33740439999747,30,14.549214700000448,16.439257500001986,108.7764094173573,0.0,15.51124681333325
results\cec\cec2017_full_parallel_checkpoint_raw_results.csv,CLPSO,CEC2017-F8,30,3986.547423168747,30,84.07827951684874,164.1134797732177,0,30,0,0,884.8791987999721,30,28.03589600000123,30.564130300001125,132.88491410562492,0.0,29.4959732933324
results\cec\cec2017_full_parallel_checkpoint_raw_results.csv,CLPSO,CEC2017-F9,30,8.351296103542154,30,0.0311273768679711,0.7530832863897103,0,30,0,0,471.8720570000005,30,15.20835149999766,16.934986799999024,0.27837653678473845,0.0,15.729068566666683
results\cec\cec2017_full_parallel_checkpoint_raw_results.csv,DE,CEC2017-F1,30,96305.57689044399,30,1.4210854715202004e-14,14127.219600029017,0,30,0,0,677.7183603999983,30,17.890480899997783,29.9782512999991,3210.185896348133,0.0,22.590612013333278
results\cec\cec2017_full_parallel_checkpoint_raw_results.csv,DE,CEC2017-F10,30,-48812.408934352265,30,-7863.286602025895,1985.6491102070904,0,30,0,0,1562.1033761000072,30,45.63831210000353,57.33698979999463,-1627.0802978117422,0.0,52.070112536666905
results\cec\cec2017_full_parallel_checkpoint_raw_results.csv,DE,CEC2017-F11,30,9935.103361062986,30,11.889733678112862,1886.758173187764,0,30,0,0,972.9652816000234,30,31.823270500004583,33.28177549999964,331.17011203543285,0.0,32.43217605333412
results\cec\cec2017_full_parallel_checkpoint_raw_results.csv,DE,CEC2017-F12,30,116666.90516157697,30,1260.735461614524,11079.684187709096,0,30,0,0,1710.393941000002,30,54.51523380000435,60.52277540000068,3888.896838719232,0.0,57.013131366666734
results\cec\cec2017_full_parallel_checkpoint_raw_results.csv,DE,CEC2017-F13,30,87157.17069721849,30,23.54720518775184,14420.301099010258,0,30,0,0,1096.4746175000037,30,34.761742499998945,38.38538839999819,2905.2390232406165,0.0,36.54915391666679
results\cec\cec2017_full_parallel_checkpoint_raw_results.csv,DE,CEC2017-F14,30,39650.93648085314,30,31.04627850307793,15095.629795947028,0,30,0,0,1266.9729945000217,30,41.003595200003474,43.01597200000106,1321.6978826951047,0.0,42.23243315000072
results\cec\cec2017_full_parallel_checkpoint_raw_results.csv,DE,CEC2017-F15,30,100276.93378760346,30,70.39104176372166,11200.160050763485,0,30,0,0,1047.5510252999957,30,34.25113550000242,35.829599900003814,3342.564459586782,0.0,34.918367509999854
results\cec\cec2017_full_parallel_checkpoint_raw_results.csv,DE,CEC2017-F16,30,-14124.461038456824,30,-879.6459081944337,304.9419732507704,0,30,0,0,2373.302720799984,30,77.28541829999449,80.19146280000132,-470.8153679485608,0.0,79.1100906933328
results\cec\cec2017_full_parallel_checkpoint_raw_results.csv,DE,CEC2017-F17,30,1060.4656297233585,30,-137.05903938459073,373.442958940233,0,30,0,0,5503.736071199979,30,179.92764710000483,187.36625799999456,35.34885432411195,0.0,183.4578690399993
results\cec\cec2017_full_parallel_checkpoint_raw_results.csv,DE,CEC2017-F18,30,12418.852582770289,30,31.0775719153753,2368.582068633962,0,30,0,0,1043.7699656999685,30,34.14193030000024,35.41388300000108,413.96175275900964,0.0,34.79233218999895
results\cec\cec2017_full_parallel_checkpoint_raw_results.csv,DE,CEC2017-F19,30,435.0010546318381,30,6.198943170666553,28.64327652918701,0,30,0,0,3261.254507700025,30,107.0903560000006,109.8948342000076,14.500035154394602,0.0,108.70848359000084
results\cec\cec2017_full_parallel_checkpoint_raw_results.csv,DE,CEC2017-F20,30,-7803.157877270912,30,-456.53592554127135,-22.4886559602744,0,30,0,0,6032.060091299965,30,191.78134780000252,208.12508149999485,-260.10526257569705,0.0,201.06866970999883
results\cec\cec2017_full_parallel_checkpoint_raw_results.csv,DE,CEC2017-F21,30,6667.040334078302,30,100.00000000000044,1039.277825753184,0,30,0,0,1344.888582200001,30,42.93746939999983,49.08876180001244,222.23467780261007,0.0,44.8296194066667
results\cec\cec2017_full_parallel_checkpoint_raw_results.csv,DE,CEC2017-F22,30,-30078.185734651535,30,-4269.33334837916,99.70021980688898,0,30,0,0,1827.1168009999965,30,56.94323180000356,67.8382746999996,-1002.6061911550512,0.0,60.90389336666655
results\cec\cec2017_full_parallel_checkpoint_raw_results.csv,DE,CEC2017-F23,30,6000.000000000065,30,200.0,200.0000000000064,0,30,0,0,2113.572746600039,30,66.44557850000274,84.76761729999271,200.00000000000216,0.0,70.45242488666797
results\cec\cec2017_full_parallel_checkpoint_raw_results.csv,DE,CEC2017-F24,30,6000.000000000022,30,200.0,200.00000000000276,0,30,0,0,2208.005219099985,30,63.87116700000479,85.57416720000037,200.00000000000074,0.0,73.6001739699995
results\cec\cec2017_full_parallel_checkpoint_raw_results.csv,DE,CEC2017-F25,30,12618.319856288328,30,420.4225576200388,421.09599335547,0,30,0,0,2296.6146339001134,30,71.12290940000094,83.04493550000188,420.6106618762776,0.0,76.55382113000378
results\cec\cec2017_full_parallel_checkpoint_raw_results.csv,DE,CEC2017-F26,30,25010.675981567863,30,825.3733197508645,873.0538823628904,0,30,0,0,7812.736569500004,30,248.60522680000577,270.4679344000033,833.6891993855954,0.0,260.4245523166668
results\cec\cec2017_full_parallel_checkpoint_raw_results.csv,DE,CEC2017-F27,30,14714.414613778505,30,461.9535674962008,538.1863681214427,0,30,0,0,7322.300546300001,30,238.68718349997653,252.76337240001885,490.48048712595016,0.0,244.0766848766667
results\cec\cec2017_full_parallel_checkpoint_raw_results.csv,DE,CEC2017-F28,30,161.80420249059944,30,4.547473508864641e-13,161.80420249058216,0,30,0,0,5782.256799099967,30,174.75677849998465,241.3260530999978,5.393473416353315,0.0,192.74189330333223
results\cec\cec2017_full_parallel_checkpoint_raw_results.csv,DE,CEC2017-F29,30,100400.52096690971,30,1494.09470206669,6858.069272531333,0,30,0,0,7893.102656900039,30,257.7919028000033,265.5160413999984,3346.6840322303237,0.0,263.10342189666795
results\cec\cec2017_full_parallel_checkpoint_raw_results.csv,DE,CEC2017-F3,30,1.1937117960769685e-12,30,0.0,5.684341886080803e-14,0,30,0,0,667.369214899998,30,19.85944649999874,23.289171100001116,3.9790393202565614e-14,0.0,22.245640496666603
results\cec\cec2017_full_parallel_checkpoint_raw_results.csv,DE,CEC2017-F4,30,1034.8046054232734,30,29.4597730085012,72.73645413575821,0,30,0,0,751.2119001000028,30,24.184155300001294,25.974190500000987,34.49348684744245,0.0,25.040396670000096
results\cec\cec2017_full_parallel_checkpoint_raw_results.csv,DE,CEC2017-F5,30,967.1057389656735,30,16.914298932766997,151.47553728406683,0,30,0,0,692.599291700004,30,22.273299000000407,24.11900760000208,32.23685796552245,0.0,23.086643056666798
results\cec\cec2017_full_parallel_checkpoint_raw_results.csv,DE,CEC2017-F6,30,2.7952887649007607e-07,30,4.547473508864641e-13,8.215465641114862e-08,0,30,0,0,1651.6287671000027,30,52.82211690000258,63.04373190000115,9.31762921633587e-09,0.0,55.05429223666676
results\cec\cec2017_full_parallel_checkpoint_raw_results.csv,DE,CEC2017-F7,30,3153.5535983529485,30,44.99414950266521,207.9897235819974,0,30,0,0,880.0045527999864,30,28.14995920000365,30.00898700000107,105.11845327843162,0.0,29.33348509333288
results\cec\cec2017_full_parallel_checkpoint_raw_results.csv,DE,CEC2017-F8,30,8079.895715368724,30,50.00001116454894,333.60416023035987,0,30,0,0,1324.7965710999924,30,42.6966287000032,45.74910929999896,269.32985717895747,0.0,44.15988570333308
results\cec\cec2017_full_parallel_checkpoint_raw_results.csv,DE,CEC2017-F9,30,2.354465576867596,30,0.0,0.4543240185910235,0,30,0,0,895.2608483000222,30,29.03738999999769,31.32782120000047,0.07848218589558655,0.0,29.842028276667406
results\cec\cec2017_full_parallel_checkpoint_raw_results.csv,GA,CEC2017-F1,30,819733752.3169992,30,13576369.985993316,41172523.90394583,0,30,0,0,480.94651919999524,30,13.863273700000718,17.49657119999756,27324458.41056664,0.0,16.031550639999843
results\cec\cec2017_full_parallel_checkpoint_raw_results.csv,GA,CEC2017-F10,30,-79917.24681658484,30,-5443.9746768129735,-1067.5300858469143,0,30,0,0,1124.996027600042,30,35.836513000002014,39.59713750000083,-2663.9082272194946,0.0,37.49986758666807
results\cec\cec2017_full_parallel_checkpoint_raw_results.csv,GA,CEC2017-F11,30,337655.986862067,30,2962.1688939882515,30756.09147583635,0,30,0,0,848.4436024000024,30,27.166466800001217,31.259219800005667,11255.199562068901,0.0,28.281453413333413
results\cec\cec2017_full_parallel_checkpoint_raw_results.csv,GA,CEC2017-F12,30,32479531.390393764,30,384727.4861125639,2339187.9636335056,0,30,0,0,1468.7443831999844,30,46.80304669999896,51.59021080000093,1082651.0463464588,0.0,48.95814610666615
results\cec\cec2017_full_parallel_checkpoint_raw_results.csv,GA,CEC2017-F13,30,975672.155264609,30,9123.890179134663,71718.2709832888,0,30,0,0,941.6354444000099,30,30.129381799997645,32.62314709999919,32522.40517548697,0.0,31.387848146666997
results\cec\cec2017_full_parallel_checkpoint_raw_results.csv,GA,CEC2017-F14,30,2283636.1751364954,30,10666.30749234728,199458.24815997333,0,30,0,0,1107.5805276000028,30,35.74049930000183,38.67527079999854,76121.20583788319,0.0,36.91935092000009
results\cec\cec2017_full_parallel_checkpoint_raw_results.csv,GA,CEC2017-F15,30,564749.4387284947,30,6472.793835995096,37351.94293133786,0,30,0,0,913.3544671999989,30,29.576615600002697,31.01614790000167,18824.98129094982,0.0,30.44514890666663
results\cec\cec2017_full_parallel_checkpoint_raw_results.csv,GA,CEC2017-F16,30,-8676.634644751202,30,-603.5914202359163,251.96696408002916,0,30,0,0,2219.720508899998,30,73.07315340000059,75.52685249999922,-289.22115482504006,0.0,73.99068362999994
results\cec\cec2017_full_parallel_checkpoint_raw_results.csv,GA,CEC2017-F17,30,34034.73025840561,30,426.6632670301019,2018.5050853108169,0,30,0,0,5328.123225699972,30,174.8541383000047,180.36648109999803,1134.4910086135203,0.0,177.6041075233324
results\cec\cec2017_full_parallel_checkpoint_raw_results.csv,GA,CEC2017-F18,30,717770.754213946,30,6174.048422547002,91968.51270052067,0,30,0,0,895.6380979999958,30,28.93968999999925,30.72984010000073,23925.691807131534,0.0,29.854603266666526
results\cec\cec2017_full_parallel_checkpoint_raw_results.csv,GA,CEC2017-F19,30,292392.6891742125,30,2648.0767145682203,24765.28232408453,0,30,0,0,3130.9676334000105,30,102.60694409999996,106.17447220000032,9746.42297247375,0.0,104.36558778000035
results\cec\cec2017_full_parallel_checkpoint_raw_results.csv,GA,CEC2017-F20,30,1011.705842968214,30,-369.27494628613226,489.77680247883154,0,30,0,0,5916.030943900012,30,194.3198093999963,199.96995470000547,33.72352809894047,0.0,197.20103146333375
results\cec\cec2017_full_parallel_checkpoint_raw_results.csv,GA,CEC2017-F21,30,11560.974567200152,30,224.37515859312495,504.2947154822528,0,30,0,0,1215.8161884999863,30,38.34260020000511,48.60498940000252,385.36581890667173,0.0,40.52720628333288
results\cec\cec2017_full_parallel_checkpoint_raw_results.csv,GA,CEC2017-F22,30,-284688.92761344294,30,-11133.506978228044,-7300.987121710164,0,30,0,0,1559.8889384999784,30,50.40058639999188,53.08620439999504,-9489.630920448099,0.0,51.99629794999928
results\cec\cec2017_full_parallel_checkpoint_raw_results.csv,GA,CEC2017-F23,30,23253.696663635357,30,564.9595000185609,994.3478752377004,0,30,0,0,1854.9657341999264,30,60.50598929999978,63.61813030000485,775.1232221211786,0.0,61.83219113999755
results\cec\cec2017_full_parallel_checkpoint_raw_results.csv,GA,CEC2017-F24,30,18359.201753786725,30,521.7080519153451,736.173799828653,0,30,0,0,1856.2872373999853,30,54.3090913999913,65.75876029999927,611.9733917928909,0.0,61.876241246666176
results\cec\cec2017_full_parallel_checkpoint_raw_results.csv,GA,CEC2017-F25,30,12745.844681229242,30,422.6828147030842,435.5721671628635,0,30,0,0,2147.063042499969,30,67.89389399999345,75.90745249998872,424.86148937430806,0.0,71.5687680833323
results\cec\cec2017_full_parallel_checkpoint_raw_results.csv,GA,CEC2017-F26,30,23571.863504839628,30,692.1320680436629,834.4718841295289,0,30,0,0,7444.026940499956,30,226.49062989999948,272.70692879999115,785.7287834946543,0.0,248.13423134999854
results\cec\cec2017_full_parallel_checkpoint_raw_results.csv,GA,CEC2017-F27,30,15259.855934688287,30,462.285094964921,549.9789652627474,0,30,0,0,7007.1986483999935,30,230.23874319999595,236.8769195000059,508.66186448960957,0.0,233.5732882799998
results\cec\cec2017_full_parallel_checkpoint_raw_results.csv,GA,CEC2017-F28,30,1761.2766580702778,30,49.960863621960925,69.30710615685075,0,30,0,0,6959.072875599959,30,227.9170408000064,234.6260945000104,58.70922193567593,0.0,231.96909585333196
results\cec\cec2017_full_parallel_checkpoint_raw_results.csv,GA,CEC2017-F29,30,547908.2942681147,30,5783.448356483743,68181.41366102401,0,30,0,0,7708.2927127000585,30,253.6330415000266,259.2482261999976,18263.60980893716,0.0,256.94309042333526
results\cec\cec2017_full_parallel_checkpoint_raw_results.csv,GA,CEC2017-F3,30,3741.2991656321337,30,59.56574130660192,269.48891356676813,0,30,0,0,507.9878682999988,30,14.564072799999847,20.435714399998687,124.70997218773779,0.0,16.932928943333295
results\cec\cec2017_full_parallel_checkpoint_raw_results.csv,GA,CEC2017-F30,30,1461981.13625395,30,22537.141898996048,350553.8062906682,0,30,0,0,6318.409504800045,30,197.06461840000705,219.46217720001005,48732.70454179833,0.0,210.61365016000153
results\cec\cec2017_full_parallel_checkpoint_raw_results.csv,GA,CEC2017-F4,30,1603.618818606123,30,31.26679866991276,148.98546218208685,0,30,0,0,632.6856573999903,30,20.283047900000383,21.964996900002006,53.45396062020411,0.0,21.08952191333301
results\cec\cec2017_full_parallel_checkpoint_raw_results.csv,GA,CEC2017-F5,30,7973.5233448887275,30,192.59646905934144,351.5687411285801,0,30,0,0,568.6633934999845,30,18.275556399999918,19.380657800000336,265.7841114962909,0.0,18.955446449999485
results\cec\cec2017_full_parallel_checkpoint_raw_results.csv,GA,CEC2017-F6,30,0.006573686815499291,30,1.364537865811144e-05,0.0009237548798637,0,30,0,0,1495.9304580999997,30,48.440135500000906,54.098546900000656,0.00021912289384997636,0.0,49.86434860333332
results\cec\cec2017_full_parallel_checkpoint_raw_results.csv,GA,CEC2017-F7,30,35788.96082343983,30,882.185899586867,1680.8655423803923,0,30,0,0,734.0495146999783,30,23.75176139999894,25.138065400002237,1192.9653607813277,0.0,24.468317156665943
results\cec\cec2017_full_parallel_checkpoint_raw_results.csv,GA,CEC2017-F8,30,4577.327895377428,30,87.65548711927352,260.150486325412,0,30,0,0,1162.1704733000224,30,37.35759849999886,41.03675420000218,152.57759651258093,0.0,38.739015776667415
results\cec\cec2017_full_parallel_checkpoint_raw_results.csv,GA,CEC2017-F9,30,39.651966845201514,30,0.0344974052417228,5.121743586152547,0,30,0,0,783.476761199985,30,24.15408159999788,28.28149549999944,1.3217322281733839,0.0,26.1158920399995
results\cec\cec2017_full_parallel_checkpoint_raw_results.csv,HPSO-TVAC,CEC2017-F1,30,13826283629.621246,30,40.91752459703525,3872190065.4342856,0,30,0,0,128.06290309999167,30,3.3306838999997126,4.978173700001207,460876120.9873749,0.0,4.268763436666389
results\cec\cec2017_full_parallel_checkpoint_raw_results.csv,HPSO-TVAC,CEC2017-F10,30,-112814.32537262165,30,-6784.281000380921,-1393.8799784617822,0,30,0,0,733.7241697000136,30,22.90423020000162,25.86971669999912,-3760.4775124207217,0.0,24.457472323333786
results\cec\cec2017_full_parallel_checkpoint_raw_results.csv,HPSO-TVAC,CEC2017-F11,30,986358.1440492896,30,650.1842645303816,99969.96847419965,0,30,0,0,544.1476258999828,30,17.30989949999639,18.963317699999607,32878.604801642985,0.0,18.138254196666093
results\cec\cec2017_full_parallel_checkpoint_raw_results.csv,HPSO-TVAC,CEC2017-F12,30,1317675688.3438678,30,2004.890356057901,1166282516.506976,0,30,0,0,1051.1763266000198,30,32.798726900000474,36.15481049999653,43922522.94479559,0.0,35.03921088666733
results\cec\cec2017_full_parallel_checkpoint_raw_results.csv,HPSO-TVAC,CEC2017-F13,30,63578086.50287781,30,4510.538324986692,59979034.74997565,0,30,0,0,553.532898700003,30,17.68622940000205,19.77354750000086,2119269.550095927,0.0,18.451096623333434
results\cec\cec2017_full_parallel_checkpoint_raw_results.csv,HPSO-TVAC,CEC2017-F14,30,654199.1815122939,30,515.4921572948933,86268.36109013064,0,30,0,0,718.8020130000004,30,22.49853340000118,27.41644730000553,21806.639383743128,0.0,23.960067100000014
results\cec\cec2017_full_parallel_checkpoint_raw_results.csv,HPSO-TVAC,CEC2017-F15,30,1990180.2215603546,30,6195.351066719872,183642.5795827568,0,30,0,0,622.1100165999887,30,17.1135837000038,23.37416729999677,66339.34071867849,0.0,20.737000553332958
results\cec\cec2017_full_parallel_checkpoint_raw_results.csv,HPSO-TVAC,CEC2017-F16,30,6574792.476832363,30,-804.2507809511591,6342929.4406524645,0,30,0,0,1825.8037379000089,30,59.45242380000127,61.78466269999626,219159.74922774543,0.0,60.860124596666964
results\cec\cec2017_full_parallel_checkpoint_raw_results.csv,HPSO-TVAC,CEC2017-F17,30,86111.45649134563,30,-218.78024089074663,50140.60129296459,0,30,0,0,5005.492887999993,30,163.1213143999994,170.89126730000137,2870.381883044854,0.0,166.84976293333312
results\cec\cec2017_full_parallel_checkpoint_raw_results.csv,HPSO-TVAC,CEC2017-F18,30,355280.44428158976,30,2626.9863026809817,59457.35872520538,0,30,0,0,584.9010426999812,30,18.99887309999758,20.064702199997555,11842.681476052992,0.0,19.496701423332706
results\cec\cec2017_full_parallel_checkpoint_raw_results.csv,HPSO-TVAC,CEC2017-F19,30,1083165.714795458,30,186.5084328694288,136831.80379838886,0,30,0,0,2775.6392972999893,30,91.10635750000074,94.13464449999448,36105.523826515266,0.0,92.52130990999964
results\cec\cec2017_full_parallel_checkpoint_raw_results.csv,HPSO-TVAC,CEC2017-F20,30,-2348.9420932785156,30,-439.0639010795403,227.6974752433725,0,30,0,0,5554.4705535999965,30,181.16281320000417,188.87947319999512,-78.29806977595052,0.0,185.1490184533332
results\cec\cec2017_full_parallel_checkpoint_raw_results.csv,HPSO-TVAC,CEC2017-F21,30,23326.691445987744,30,269.02558378795857,1733.7629101969687,0,30,0,0,833.4217245999898,30,26.95427699999709,28.546216799994,777.5563815329248,0.0,27.780724153332994
results\cec\cec2017_full_parallel_checkpoint_raw_results.csv,HPSO-TVAC,CEC2017-F22,30,-95970.26811860011,30,-7190.290041468415,-398.91121720891465,0,30,0,0,1309.0744505999755,30,39.72523979999824,49.261729500009096,-3199.0089372866705,0.0,43.635815019999185
results\cec\cec2017_full_parallel_checkpoint_raw_results.csv,HPSO-TVAC,CEC2017-F23,30,168874.89274498762,30,385.5510351139451,11945.35003864638,0,30,0,0,1489.0144679999794,30,48.27909060000093,51.40289280000434,5629.163091499588,0.0,49.633815599999316
results\cec\cec2017_full_parallel_checkpoint_raw_results.csv,HPSO-TVAC,CEC2017-F24,30,129972.70918413352,30,200.00000000000136,8820.699349672068,0,30,0,0,1358.2002361999912,30,43.44798470000387,48.31680290000804,4332.423639471117,0.0,45.27334120666637
results\cec\cec2017_full_parallel_checkpoint_raw_results.csv,HPSO-TVAC,CEC2017-F25,30,13106.267768165371,30,420.8809416893951,611.1926720339147,0,30,0,0,1702.3999999000662,30,53.74140480000642,62.21163809999416,436.87559227217906,0.0,56.74666666333554
results\cec\cec2017_full_parallel_checkpoint_raw_results.csv,HPSO-TVAC,CEC2017-F26,30,31545.55447313172,30,844.9277501139659,1796.1348321828757,0,30,0,0,6726.627376400007,30,216.8872438000108,239.3673783000122,1051.518482437724,0.0,224.2209125466669
results\cec\cec2017_full_parallel_checkpoint_raw_results.csv,HPSO-TVAC,CEC2017-F27,30,15933.290408311728,30,471.6077528429705,588.3377547626637,0,30,0,0,6581.138493199993,30,214.6324397999997,223.3414858999895,531.1096802770576,0.0,219.37128310666643
results\cec\cec2017_full_parallel_checkpoint_raw_results.csv,HPSO-TVAC,CEC2017-F28,30,14030.508461977912,30,198.97345765798943,746.3125627982636,0,30,0,0,6443.395753700024,30,211.1634043999948,218.94831930001965,467.6836153992637,0.0,214.77985845666748
results\cec\cec2017_full_parallel_checkpoint_raw_results.csv,HPSO-TVAC,CEC2017-F29,30,6836462.512585702,30,1859.1045447732804,3257339.4808543385,0,30,0,0,9493.789771199983,30,311.0195791999868,321.01143870002124,227882.08375285674,0.0,316.45965903999945
results\cec\cec2017_full_parallel_checkpoint_raw_results.csv,HPSO-TVAC,CEC2017-F3,30,2392.4431537044,30,5.684341886080803e-14,1822.178492439988,0,30,0,0,179.80675750001683,30,5.420890900000813,6.753918599999452,79.74810512348,0.0,5.993558583333894
results\cec\cec2017_full_parallel_checkpoint_raw_results.csv,HPSO-TVAC,CEC2017-F30,30,1339947.2404610272,30,5552.574500710594,136392.69506849375,0,30,0,0,4172.423756800039,30,137.32415760000004,141.46433779998915,44664.908015367575,0.0,139.08079189333463
results\cec\cec2017_full_parallel_checkpoint_raw_results.csv,HPSO-TVAC,CEC2017-F4,30,1597.8885467177092,30,31.810711664705536,177.62833180586665,0,30,0,0,237.10869370000364,30,7.621556199999759,8.306858200001443,53.262951557256976,0.0,7.903623123333455
results\cec\cec2017_full_parallel_checkpoint_raw_results.csv,HPSO-TVAC,CEC2017-F5,30,16933.52562786667,30,70.64199728962319,3646.547463868317,0,30,0,0,182.0884150999882,30,5.669565799998964,6.621818200001144,564.4508542622224,0.0,6.0696138366662735
results\cec\cec2017_full_parallel_checkpoint_raw_results.csv,HPSO-TVAC,CEC2017-F6,30,0.0018062865021873538,30,2.8524027584353457e-10,0.0009745231982378,0,30,0,0,1085.1731614000055,30,35.46338370000012,37.253038700000616,6.020955007291179e-05,0.0,36.17243871333351
results\cec\cec2017_full_parallel_checkpoint_raw_results.csv,HPSO-TVAC,CEC2017-F7,30,853720.7135506578,30,94.72844845119108,127267.20851750016,0,30,0,0,345.60835300001054,30,11.131573900001968,12.041095299999142,28457.357118355263,0.0,11.520278433333685
results\cec\cec2017_full_parallel_checkpoint_raw_results.csv,HPSO-TVAC,CEC2017-F8,30,3916.5,30,74.0,208.0,0,30,0,0,752.0949618000159,30,24.178863200002525,26.30696049999824,130.55,0.0,25.06983206000053
results\cec\cec2017_full_parallel_checkpoint_raw_results.csv,HPSO-TVAC,CEC2017-F9,30,13.215776605093993,30,1.1368683772161605e-13,2.1808854392548938,0,30,0,0,364.4335221999863,30,11.61169539999537,13.223789700001362,0.44052588683646643,0.0,12.147784073332877
results\cec\cec2017_full_parallel_checkpoint_raw_results.csv,PSO,CEC2017-F1,30,37440376355.81303,30,58.72509188516239,5581259059.961477,0,30,0,0,105.19262919999528,30,3.281392400000186,3.8156380000000354,1248012545.1937675,0.0,3.506420973333176
results\cec\cec2017_full_parallel_checkpoint_raw_results.csv,PSO,CEC2017-F10,30,-92368.07046057211,30,-5207.398074230492,-1457.764160866678,0,30,0,0,728.7250603000211,30,23.508091899995637,25.436808600003133,-3078.9356820190706,0.0,24.290835343334038
results\cec\cec2017_full_parallel_checkpoint_raw_results.csv,PSO,CEC2017-F11,30,1369785.3812121628,30,9044.335965326723,106057.04060106027,0,30,0,0,626.2922843999986,30,19.788942099999986,22.744297199998982,45659.51270707209,0.0,20.876409479999953
results\cec\cec2017_full_parallel_checkpoint_raw_results.csv,PSO,CEC2017-F12,30,1996067442.770359,30,6315.150474903435,1174491278.951887,0,30,0,0,1001.8725880999773,30,30.15526530000352,35.57359169999836,66535581.42567863,0.0,33.39575293666591
results\cec\cec2017_full_parallel_checkpoint_raw_results.csv,PSO,CEC2017-F13,30,868254849.771314,30,3486.9496554027346,354501856.5457009,0,30,0,0,674.4296630000026,30,21.47127989999717,23.512931699995534,28941828.325710468,0.0,22.480988766666755
results\cec\cec2017_full_parallel_checkpoint_raw_results.csv,PSO,CEC2017-F14,30,2733466.4192562737,30,7999.066424957742,343040.8059649715,0,30,0,0,697.6744133000029,30,22.416501699997752,24.600839600003383,91115.54730854246,0.0,23.255813776666763
results\cec\cec2017_full_parallel_checkpoint_raw_results.csv,PSO,CEC2017-F15,30,70198362.37463032,30,5334.444193003694,58630429.59046809,0,30,0,0,629.6380502000029,30,18.177720599996974,23.171034699997108,2339945.4124876773,0.0,20.987935006666763
results\cec\cec2017_full_parallel_checkpoint_raw_results.csv,PSO,CEC2017-F16,30,14112484.207568552,30,-339.92644664354725,6283772.3322878005,0,30,0,0,1810.5686873000159,30,59.27311460000056,61.1082791000008,470416.14025228505,0.0,60.3522895766672
results\cec\cec2017_full_parallel_checkpoint_raw_results.csv,PSO,CEC2017-F17,30,661419.2887410161,30,550.898673943755,101692.24288930352,0,30,0,0,5975.797252700002,30,196.04720799999632,201.54597289999947,22047.309624700534,0.0,199.19324175666674
results\cec\cec2017_full_parallel_checkpoint_raw_results.csv,PSO,CEC2017-F18,30,1272122.8134917996,30,8054.732908007656,249731.78323411927,0,30,0,0,589.2821667000026,30,19.04345309999917,20.287382200003776,42404.09378305999,0.0,19.642738890000086
results\cec\cec2017_full_parallel_checkpoint_raw_results.csv,PSO,CEC2017-F19,30,16109012079.203419,30,5997.779833632486,6113022064.604106,0,30,0,0,2749.901284399988,30,90.37241269999504,92.9268551999994,536967069.3067806,0.0,91.66337614666627
results\cec\cec2017_full_parallel_checkpoint_raw_results.csv,PSO,CEC2017-F20,30,1116.428735918871,30,-495.3761201124139,505.1080443331544,0,30,0,0,5261.887232899971,30,172.933600999997,180.93652070000823,37.2142911972957,0.0,175.3962410966657
results\cec\cec2017_full_parallel_checkpoint_raw_results.csv,PSO,CEC2017-F21,30,54594.00636627277,30,321.37841598412024,7448.199788317535,0,30,0,0,850.0568202000577,30,27.128081100003328,29.36406480000005,1819.8002122090923,0.0,28.335227340001925
results\cec\cec2017_full_parallel_checkpoint_raw_results.csv,PSO,CEC2017-F22,30,-179659.5541364688,30,-8426.30555051339,-3015.2985598521013,0,30,0,0,1256.8834292000538,30,39.8992247999995,45.4356778000074,-5988.65180454896,0.0,41.89611430666846
results\cec\cec2017_full_parallel_checkpoint_raw_results.csv,PSO,CEC2017-F23,30,178145.46988525396,30,459.4740596101183,14786.3944787699,0,30,0,0,1511.8809237000387,30,47.01276040000084,54.88120350000099,5938.182329508465,0.0,50.39603079000129
results\cec\cec2017_full_parallel_checkpoint_raw_results.csv,PSO,CEC2017-F24,30,157691.07866787206,30,200.0535770534466,9378.84935642346,0,30,0,0,1309.7497109999822,30,37.33388710000145,50.36142430000473,5256.369288929069,0.0,43.65832369999941
results\cec\cec2017_full_parallel_checkpoint_raw_results.csv,PSO,CEC2017-F25,30,13898.565498078251,30,421.2332957346689,874.0752049326788,0,30,0,0,1714.2889115000144,30,52.48329209999065,61.37438690000272,463.28551660260837,0.0,57.14296371666715
results\cec\cec2017_full_parallel_checkpoint_raw_results.csv,PSO,CEC2017-F26,30,28223.282796919077,30,849.6972295092928,1673.877251702832,0,30,0,0,7035.790148400032,30,183.09996080001287,254.49769099999685,940.7760932306359,0.0,234.52633828000108
results\cec\cec2017_full_parallel_checkpoint_raw_results.csv,PSO,CEC2017-F27,30,16280.623087110436,30,480.40403503882817,673.0919097545752,0,30,0,0,6873.613998999979,30,213.81704439999885,275.9302452999982,542.6874362370146,0.0,229.12046663333265
results\cec\cec2017_full_parallel_checkpoint_raw_results.csv,PSO,CEC2017-F28,30,15972.007602446645,30,247.3098659206571,901.853907405632,0,30,0,0,6412.019771500054,30,211.11722750001357,216.0478237000061,532.4002534148882,0.0,213.73399238333513
results\cec\cec2017_full_parallel_checkpoint_raw_results.csv,PSO,CEC2017-F29,30,247767465.99894708,30,5852.823095643831,139870228.14718714,0,30,0,0,9310.078235300083,30,239.57690400001596,344.3106060999853,8258915.533298236,0.0,310.33594117666945
results\cec\cec2017_full_parallel_checkpoint_raw_results.csv,PSO,CEC2017-F3,30,13003.890929000067,30,0.0005796788572638,2253.557853850406,0,30,0,0,206.9314534000041,30,5.979240799999388,8.503576400002203,433.4630309666689,0.0,6.89771511333347
results\cec\cec2017_full_parallel_checkpoint_raw_results.csv,PSO,CEC2017-F30,30,3430405153.543856,30,4913.419091121337,3408846131.165609,0,30,0,0,4144.086426499969,30,135.67923519999022,139.95184650001465,114346838.45146187,0.0,138.13621421666565
results\cec\cec2017_full_parallel_checkpoint_raw_results.csv,PSO,CEC2017-F4,30,5253.374158185013,30,32.414468129102545,1001.1638408377926,0,30,0,0,238.0487930000054,30,7.635290900001564,8.34054130000004,175.1124719395004,0.0,7.9349597666668465
results\cec\cec2017_full_parallel_checkpoint_raw_results.csv,PSO,CEC2017-F5,30,66324.3984304896,30,82.20481892231146,8674.677826686606,0,30,0,0,181.64830920000895,30,5.784367000000202,6.572369200002868,2210.81328101632,0.0,6.054943640000299
results\cec\cec2017_full_parallel_checkpoint_raw_results.csv,PSO,CEC2017-F6,30,0.002159791940811831,30,1.0294991170667345e-07,0.0004257302433643,0,30,0,0,1072.4713781000028,30,35.030989099999715,36.36152930000026,7.19930646937277e-05,0.0,35.74904593666676
results\cec\cec2017_full_parallel_checkpoint_raw_results.csv,PSO,CEC2017-F7,30,2791027.6375401514,30,14266.41556744088,390923.2432283527,0,30,0,0,358.3987521999952,30,11.447829500000807,13.026667100002667,93034.25458467171,0.0,11.946625073333173
results\cec\cec2017_full_parallel_checkpoint_raw_results.csv,PSO,CEC2017-F8,30,5892.534022703638,30,102.00078515388408,428.4323056012458,0,30,0,0,763.0996968999971,30,23.57952850000584,27.3611321999997,196.41780075678793,0.0,25.436656563333237
results\cec\cec2017_full_parallel_checkpoint_raw_results.csv,PSO,CEC2017-F9,30,120.51669783847046,30,6.559938697137113e-06,16.71664798355232,0,30,0,0,366.05572999999276,30,11.587309900001856,13.056344500000703,4.017223261282349,0.0,12.201857666666426
results\cec\cec2017_full_parallel_checkpoint_raw_results.csv,PSO-AW,CEC2017-F1,30,44642195443.45079,30,3.0170132893682933,7352156390.558496,0,30,0,0,133.997131300006,30,3.509115100001509,5.459427400001005,1488073181.4483597,0.0,4.466571043333533
results\cec\cec2017_full_parallel_checkpoint_raw_results.csv,PSO-AW,CEC2017-F10,30,-111204.72956931079,30,-6293.154079707245,-1507.0967700054844,0,30,0,0,736.338598400027,30,23.317899800000305,26.63871950000612,-3706.8243189770265,0.0,24.544619946667567
results\cec\cec2017_full_parallel_checkpoint_raw_results.csv,PSO-AW,CEC2017-F11,30,3067603.653090522,30,4265.656610672006,325526.8424347696,0,30,0,0,630.134733899984,30,19.58087649999652,22.35608890000003,102253.4551030174,0.0,21.004491129999465
results\cec\cec2017_full_parallel_checkpoint_raw_results.csv,PSO-AW,CEC2017-F12,30,3499260272.948278,30,9952.657954901648,1396792706.446625,0,30,0,0,1016.5404028000048,30,30.516352399994503,35.311125100000936,116642009.09827593,0.0,33.88468009333349
results\cec\cec2017_full_parallel_checkpoint_raw_results.csv,PSO-AW,CEC2017-F13,30,1805590362.5120177,30,18024.70632759741,1046041853.067402,0,30,0,0,570.6750792000093,30,17.86136190000252,22.95242080000025,60186345.41706726,0.0,19.02250264000031
results\cec\cec2017_full_parallel_checkpoint_raw_results.csv,PSO-AW,CEC2017-F14,30,2953292.3688248782,30,9623.337757688168,247175.72996501115,0,30,0,0,706.536500999995,30,22.574036000005435,24.972965799999656,98443.07896082927,0.0,23.551216699999834
results\cec\cec2017_full_parallel_checkpoint_raw_results.csv,PSO-AW,CEC2017-F15,30,14577839.381111234,30,33975.56076475389,11020957.456677442,0,30,0,0,622.5777933000209,30,17.468670200003544,23.747829799998726,485927.97937037447,0.0,20.752593110000696
results\cec\cec2017_full_parallel_checkpoint_raw_results.csv,PSO-AW,CEC2017-F16,30,34850214.19940476,30,-237.537271328345,21386741.87831333,0,30,0,0,1822.0122748999784,30,59.87458090000291,61.4760466000007,1161673.8066468253,0.0,60.73374249666595
results\cec\cec2017_full_parallel_checkpoint_raw_results.csv,PSO-AW,CEC2017-F17,30,786842.261808718,30,-187.20867682260476,150071.09747973137,0,30,0,0,6204.932849299999,30,197.84899989999397,240.3385436000026,26228.07539362393,0.0,206.83109497666663
results\cec\cec2017_full_parallel_checkpoint_raw_results.csv,PSO-AW,CEC2017-F18,30,1253096.981938579,30,8136.681291545667,144453.69483942434,0,30,0,0,581.1652609000084,30,18.61189469999954,20.640337299999373,41769.89939795263,0.0,19.372175363333614
results\cec\cec2017_full_parallel_checkpoint_raw_results.csv,PSO-AW,CEC2017-F19,30,22369662522.807533,30,10860.029820719868,8284861650.151701,0,30,0,0,2778.1606222000555,30,90.79474160000971,94.90662330000488,745655417.4269178,0.0,92.60535407333518
results\cec\cec2017_full_parallel_checkpoint_raw_results.csv,PSO-AW,CEC2017-F20,30,87.9168926570769,30,-250.94771298211413,1005.67409871376,0,30,0,0,5950.87274640004,30,171.6475538000086,230.58287050000217,2.93056308856923,0.0,198.36242488000136
results\cec\cec2017_full_parallel_checkpoint_raw_results.csv,PSO-AW,CEC2017-F21,30,66376.10603930251,30,300.85193062087546,5957.852780333529,0,30,0,0,842.7420293000177,30,27.180299400002696,29.11365919999662,2212.5368679767503,0.0,28.09140097666726
results\cec\cec2017_full_parallel_checkpoint_raw_results.csv,PSO-AW,CEC2017-F22,30,-85825.08894594209,30,-5923.46399673731,171.28517663717048,0,30,0,0,1225.5423331000202,30,39.21941000000516,42.14870789999259,-2860.8362981980695,0.0,40.85141110333401
results\cec\cec2017_full_parallel_checkpoint_raw_results.csv,PSO-AW,CEC2017-F23,30,302512.9375035182,30,1450.162297943306,17569.487770431417,0,30,0,0,1480.3747970999539,30,46.37949089999893,52.373099000004,10083.764583450606,0.0,49.345826569998465
results\cec\cec2017_full_parallel_checkpoint_raw_results.csv,PSO-AW,CEC2017-F24,30,173817.3728666897,30,407.11321103702176,10457.801029561397,0,30,0,0,1350.5178563999652,30,40.69237449999491,49.61642560000473,5793.912428889656,0.0,45.01726187999884
results\cec\cec2017_full_parallel_checkpoint_raw_results.csv,PSO-AW,CEC2017-F25,30,13888.761836406748,30,421.1589353201612,562.9045427752962,0,30,0,0,1620.562925399965,30,41.567618400004,60.11371879999933,462.9587278802249,0.0,54.01876417999883
results\cec\cec2017_full_parallel_checkpoint_raw_results.csv,PSO-AW,CEC2017-F26,30,30991.475588753805,30,852.5573842667395,1209.5909985313656,0,30,0,0,7223.776238500039,30,229.2654830000101,248.9146247000026,1033.0491862917936,0.0,240.79254128333463
results\cec\cec2017_full_parallel_checkpoint_raw_results.csv,PSO-AW,CEC2017-F27,30,16700.373684282724,30,480.1525951019848,672.1641816670308,0,30,0,0,6475.561278900001,30,211.01386450001155,221.38367370000924,556.6791228094241,0.0,215.85204263000003
results\cec\cec2017_full_parallel_checkpoint_raw_results.csv,PSO-AW,CEC2017-F28,30,17867.123501476453,30,303.84198758165803,990.3938265461752,0,30,0,0,6376.7428564998845,30,209.17585490000783,216.98209629999477,595.5707833825485,0.0,212.55809521666282
results\cec\cec2017_full_parallel_checkpoint_raw_results.csv,PSO-AW,CEC2017-F29,30,284734726.6834078,30,4527.592351080186,194317285.39178067,0,30,0,0,9924.759279499936,30,324.6587542000052,338.0831397000002,9491157.556113593,0.0,330.8253093166646
results\cec\cec2017_full_parallel_checkpoint_raw_results.csv,PSO-AW,CEC2017-F3,30,50724.35970764869,30,5.684341886080803e-14,10156.116093617537,0,30,0,0,188.49576149999848,30,5.384974800002965,8.274468499999784,1690.8119902549563,0.0,6.28319204999995
results\cec\cec2017_full_parallel_checkpoint_raw_results.csv,PSO-AW,CEC2017-F30,30,92763344.07201648,30,11754.994914051986,29963312.34289965,0,30,0,0,4135.348392200103,30,136.16182330000447,139.71243620000314,3092111.469067216,0.0,137.84494640667012
results\cec\cec2017_full_parallel_checkpoint_raw_results.csv,PSO-AW,CEC2017-F4,30,5675.104328967276,30,32.41442508094474,1521.3003851588987,0,30,0,0,243.30607060000693,30,7.430616700003156,8.684230399998341,189.1701442989092,0.0,8.110202353333564
results\cec\cec2017_full_parallel_checkpoint_raw_results.csv,PSO-AW,CEC2017-F5,30,119792.19492241253,30,92.5308942581753,13575.906795438788,0,30,0,0,183.0091883999885,30,5.807053199998336,6.403221900000062,3993.0731640804174,0.0,6.100306279999616
results\cec\cec2017_full_parallel_checkpoint_raw_results.csv,PSO-AW,CEC2017-F6,30,0.0013243354164841066,30,3.64717266165826e-07,0.0002200597090222,0,30,0,0,1083.8256359000043,30,35.15706599999976,38.09537090000231,4.4144513882803555e-05,0.0,36.12752119666681
results\cec\cec2017_full_parallel_checkpoint_raw_results.csv,PSO-AW,CEC2017-F7,30,3912151.871687003,30,109.44513264623674,365506.4430987296,0,30,0,0,353.5385858000045,30,11.32299570000032,12.611890700001824,130405.06238956677,0.0,11.784619526666818
results\cec\cec2017_full_parallel_checkpoint_raw_results.csv,PSO-AW,CEC2017-F8,30,4773.12877718904,30,80.0,240.0,0,30,0,0,744.5339046999943,30,23.82516129999567,26.12614780000149,159.104292572968,0.0,24.817796823333143
results\cec\cec2017_full_parallel_checkpoint_raw_results.csv,PSO-AW,CEC2017-F9,30,84.19469326099113,30,0.0895282504166061,12.923686102027888,0,30,0,0,362.6146122000282,30,11.730406200003928,12.87474839999777,2.806489775366371,0.0,12.08715374000094
results\cec\cec2017_full_parallel_checkpoint_raw_results.csv,PSO-RS,CEC2017-F1,30,169669413.72515008,30,11.483579276631588,166347305.51388976,113,30,1,8,126.6935608000058,30,3.3982591000021785,5.062383700002101,5655647.12417167,3.7666666666666666,4.223118693333527
results\cec\cec2017_full_parallel_checkpoint_raw_results.csv,PSO-RS,CEC2017-F10,30,-100527.46841153826,30,-6069.296302224007,565.9652482085385,265,30,2,20,738.481733899971,30,23.57491519999894,25.9877278999993,-3350.915613717942,8.833333333333334,24.6160577966657
results\cec\cec2017_full_parallel_checkpoint_raw_results.csv,PSO-RS,CEC2017-F11,30,1573360.5160716653,30,3732.878840302961,172065.14696092278,262,30,2,21,575.0712379000106,30,18.234569100000957,20.08604980000382,52445.35053572218,8.733333333333333,19.169041263333686
results\cec\cec2017_full_parallel_checkpoint_raw_results.csv,PSO-RS,CEC2017-F12,30,75562521.59804489,30,10934.424648491264,13766593.994589448,297,30,3,20,1009.101726199995,30,31.7884825000001,35.32487270000274,2518750.7199348295,9.9,33.6367242066665
results\cec\cec2017_full_parallel_checkpoint_raw_results.csv,PSO-RS,CEC2017-F13,30,12613281.796744095,30,8416.60032660867,6653833.337201964,191,30,1,25,553.0101787000167,30,17.569804500002647,19.87039840000216,420442.7265581365,6.366666666666666,18.43367262333389
results\cec\cec2017_full_parallel_checkpoint_raw_results.csv,PSO-RS,CEC2017-F14,30,2566462.1985583673,30,20458.237747530577,234648.7531915235,487,30,7,29,710.0839593000055,30,22.58844069999759,24.69656009999744,85548.73995194558,16.233333333333334,23.669465310000184
results\cec\cec2017_full_parallel_checkpoint_raw_results.csv,PSO-RS,CEC2017-F15,30,2229633.232551842,30,20217.25440078888,175835.77174876045,266,30,0,21,560.7391607000027,30,17.18270730000222,22.269554999998945,74321.10775172806,8.866666666666667,18.691305356666756
results\cec\cec2017_full_parallel_checkpoint_raw_results.csv,PSO-RS,CEC2017-F16,30,718027.8638055482,30,-101.10342502004778,111885.7813699807,249,30,0,31,1818.3736281999736,30,60.2083960999953,61.081264399996144,23934.262126851605,8.3,60.61245427333245
results\cec\cec2017_full_parallel_checkpoint_raw_results.csv,PSO-RS,CEC2017-F17,30,43039.696139147345,30,212.1184361916255,5300.093139001974,338,30,4,20,5937.138259699997,30,166.66663899999548,216.6185781000022,1434.6565379715782,11.266666666666667,197.90460865666657
results\cec\cec2017_full_parallel_checkpoint_raw_results.csv,PSO-RS,CEC2017-F18,30,1086731.4181296823,30,4460.263134790181,101357.38865904964,449,30,10,20,582.9507394999964,30,18.60806869999942,20.65108980000514,36224.380604322745,14.966666666666667,19.431691316666548
results\cec\cec2017_full_parallel_checkpoint_raw_results.csv,PSO-RS,CEC2017-F19,30,1434465.1431287448,30,1970.301767800349,139302.1744084464,377,30,0,34,2790.277031200021,30,91.16699470000458,95.07576659999904,47815.50477095816,12.566666666666666,93.00923437333404
results\cec\cec2017_full_parallel_checkpoint_raw_results.csv,PSO-RS,CEC2017-F20,30,2310.0750099000243,30,-329.1263476390677,504.6350054197537,600,30,6,31,6510.786813900064,30,167.54482379999536,264.6667094000004,77.00250033000081,20.0,217.02622713000213
results\cec\cec2017_full_parallel_checkpoint_raw_results.csv,PSO-RS,CEC2017-F21,30,19463.741208601677,30,128.1162957791753,1769.4653754623878,379,30,1,33,840.3702250000206,30,26.89441920000536,29.116946800000733,648.7913736200559,12.633333333333333,28.01234083333402
results\cec\cec2017_full_parallel_checkpoint_raw_results.csv,PSO-RS,CEC2017-F22,30,-166954.7102602326,30,-10107.185886504214,-1409.2206024517347,101,30,0,9,1231.7440130000323,30,39.63527759999852,42.03226720000384,-5565.15700867442,3.3666666666666667,41.058133766667744
results\cec\cec2017_full_parallel_checkpoint_raw_results.csv,PSO-RS,CEC2017-F23,30,39872.14916139152,30,138.94090744586038,6455.893735146168,159,30,1,24,1566.4527008000587,30,47.43557140001212,61.863948600002914,1329.0716387130508,5.3,52.21509002666862
results\cec\cec2017_full_parallel_checkpoint_raw_results.csv,PSO-RS,CEC2017-F24,30,15070.703506479738,30,200.23979343660267,2775.457212975547,113,30,1,32,1395.126464200046,30,41.94527389999712,49.89117930000066,502.35678354932463,3.7666666666666666,46.50421547333487
results\cec\cec2017_full_parallel_checkpoint_raw_results.csv,PSO-RS,CEC2017-F25,30,13035.348383138602,30,421.1674057123186,634.2684573345341,174,30,0,11,1545.9365966000332,30,41.29301150000538,60.96529829999781,434.5116127712867,5.8,51.53121988666778
results\cec\cec2017_full_parallel_checkpoint_raw_results.csv,PSO-RS,CEC2017-F26,30,25818.162964557385,30,826.0784997727151,902.0710404695868,255,30,2,26,7670.990775300015,30,233.2646966000029,324.0577038000047,860.6054321519129,8.5,255.69969251000052
results\cec\cec2017_full_parallel_checkpoint_raw_results.csv,PSO-RS,CEC2017-F27,30,16426.490335066843,30,490.0736750885453,637.4201117465018,254,30,1,28,6426.781839400006,30,206.70037030000825,223.86619220000284,547.5496778355614,8.466666666666667,214.22606131333353
results\cec\cec2017_full_parallel_checkpoint_raw_results.csv,PSO-RS,CEC2017-F28,30,12962.581867196219,30,28.58362409028814,618.9913627178312,74,30,1,7,6401.1590650000435,30,209.7985588000156,215.689801200002,432.08606223987397,2.466666666666667,213.3719688333348
results\cec\cec2017_full_parallel_checkpoint_raw_results.csv,PSO-RS,CEC2017-F29,30,6011995.87606517,30,4771.249144630489,2465597.188892573,150,30,1,15,9998.357809100096,30,329.14157129998785,336.53960829999414,200399.86253550567,5.0,333.2785936366699
results\cec\cec2017_full_parallel_checkpoint_raw_results.csv,PSO-RS,CEC2017-F3,30,2180.4857691026714,30,0.0019972262028318,1243.918903774089,172,30,0,10,155.15326950000235,30,4.687467499999912,6.213158900001872,72.68285897008904,5.733333333333333,5.171775650000078
results\cec\cec2017_full_parallel_checkpoint_raw_results.csv,PSO-RS,CEC2017-F30,30,21913798.58618555,30,4697.745831002574,8895982.13659247,167,30,0,32,4165.757403199939,30,136.93123459999333,140.7492057000054,730459.9528728516,5.566666666666666,138.85858010666465
results\cec\cec2017_full_parallel_checkpoint_raw_results.csv,PSO-RS,CEC2017-F4,30,1798.6785089022849,30,31.828752677466525,241.3387052117156,83,30,0,7,242.27290499999071,30,7.622721499999898,8.570336499997211,59.95595029674283,2.7666666666666666,8.07576349999969
results\cec\cec2017_full_parallel_checkpoint_raw_results.csv,PSO-RS,CEC2017-F5,30,6782.2104337079345,30,125.50203054376608,339.96279425308467,507,30,2,34,181.55730309999853,30,5.726674900000944,6.385537999998633,226.07368112359782,16.9,6.0519101033332845
results\cec\cec2017_full_parallel_checkpoint_raw_results.csv,PSO-RS,CEC2017-F6,30,0.004667606193378718,30,2.021661202888936e-07,0.0007700710391418,261,30,4,16,1081.0817158000027,30,35.19088940000074,37.13023130000147,0.00015558687311262393,8.7,36.03605719333343
results\cec\cec2017_full_parallel_checkpoint_raw_results.csv,PSO-RS,CEC2017-F7,30,29882.349752943348,30,208.2756136883803,14707.594770696043,265,30,1,25,356.82319389999975,30,11.327910500000144,12.820997499999066,996.0783250981116,8.833333333333334,11.894106463333324
results\cec\cec2017_full_parallel_checkpoint_raw_results.csv,PSO-RS,CEC2017-F8,30,5942.695115255248,30,94.10092816706695,350.0049545882566,574,30,8,26,755.7609623000099,30,24.26246469999751,26.34923449999769,198.08983717517495,19.133333333333333,25.192032076666994
results\cec\cec2017_full_parallel_checkpoint_raw_results.csv,PSO-RS,CEC2017-F9,30,132.47464490734149,30,0.0025967119142933,10.79989520626532,198,30,1,15,372.97604650002177,30,11.6348685999983,13.8105643999952,4.4158214969113825,6.6,12.432534883334059
