source_file,Algorithm,Function,__rows,AvgRestart__sum,AvgRestart__count,AvgRestart__min,AvgRestart__max,StdRestart__sum,StdRestart__count,StdRestart__min,StdRestart__max,MaxRestart__sum,MaxRestart__count,MaxRestart__min,MaxRestart__max,MinRestart__sum,MinRestart__count,MinRestart__min,MinRestart__max,AvgRestart__mean,StdRestart__mean,MaxRestart__mean,MinRestart__mean
results\cec\cec2017_restart_summary.csv,ARPSO-EIS,CEC2017-F1,1,74.0,1,74.0,74.0,0.0,1,0.0,0.0,74,1,74,74,74,1,74,74,74.0,0.0,74.0,74.0
results\cec\cec2017_restart_summary.csv,ARPSO-EIS,CEC2017-F10,1,38.1,1,38.1,38.1,19.575406808649927,1,19.575406808649927,19.575406808649927,68,1,68,68,1,1,1,1,38.1,19.575406808649927,68.0,1.0
results\cec\cec2017_restart_summary.csv,ARPSO-EIS,CEC2017-F11,1,57.93333333333333,1,57.93333333333333,57.93333333333333,27.00693823156705,1,27.00693823156705,27.00693823156705,74,1,74,74,0,1,0,0,57.93333333333333,27.00693823156705,74.0,0.0
results\cec\cec2017_restart_summary.csv,ARPSO-EIS,CEC2017-F12,1,74.0,1,74.0,74.0,0.0,1,0.0,0.0,74,1,74,74,74,1,74,74,74.0,0.0,74.0,74.0
results\cec\cec2017_restart_summary.csv,ARPSO-EIS,CEC2017-F13,1,73.6,1,73.6,73.6,2.1908902300206634,1,2.1908902300206634,2.1908902300206634,74,1,74,74,62,1,62,62,73.6,2.1908902300206634,74.0,62.0
results\cec\cec2017_restart_summary.csv,ARPSO-EIS,CEC2017-F14,1,41.66666666666666,1,41.66666666666666,41.66666666666666,17.572182823866882,1,17.572182823866882,17.572182823866882,74,1,74,74,9,1,9,9,41.66666666666666,17.572182823866882,74.0,9.0
results\cec\cec2017_restart_summary.csv,ARPSO-EIS,CEC2017-F15,1,71.46666666666667,1,71.46666666666667,71.46666666666667,13.500276710659223,1,13.500276710659223,13.500276710659223,74,1,74,74,0,1,0,0,71.46666666666667,13.500276710659223,74.0,0.0
results\cec\cec2017_restart_summary.csv,ARPSO-EIS,CEC2017-F16,1,67.56666666666666,1,67.56666666666666,67.56666666666666,15.575585079691637,1,15.575585079691637,15.575585079691637,74,1,74,74,0,1,0,0,67.56666666666666,15.575585079691637,74.0,0.0
results\cec\cec2017_restart_summary.csv,ARPSO-EIS,CEC2017-F17,1,59.1,1,59.1,59.1,21.462637945653533,1,21.462637945653533,21.462637945653533,74,1,74,74,0,1,0,0,59.1,21.462637945653533,74.0,0.0
results\cec\cec2017_restart_summary.csv,ARPSO-EIS,CEC2017-F18,1,29.566666666666663,1,29.566666666666663,29.566666666666663,16.236789502033133,1,16.236789502033133,16.236789502033133,57,1,57,57,2,1,2,2,29.566666666666663,16.236789502033133,57.0,2.0
results\cec\cec2017_restart_summary.csv,ARPSO-EIS,CEC2017-F19,1,73.46666666666667,1,73.46666666666667,73.46666666666667,2.556038601690773,1,2.556038601690773,2.556038601690773,74,1,74,74,60,1,60,60,73.46666666666667,2.556038601690773,74.0,60.0
results\cec\cec2017_restart_summary.csv,ARPSO-EIS,CEC2017-F20,1,72.83333333333333,1,72.83333333333333,72.83333333333333,2.7048275275926565,1,2.7048275275926565,2.7048275275926565,74,1,74,74,65,1,65,65,72.83333333333333,2.7048275275926565,74.0,65.0
results\cec\cec2017_restart_summary.csv,ARPSO-EIS,CEC2017-F21,1,73.93333333333334,1,73.93333333333334,73.93333333333334,0.2537081317024639,1,0.2537081317024639,0.2537081317024639,74,1,74,74,73,1,73,73,73.93333333333334,0.2537081317024639,74.0,73.0
results\cec\cec2017_restart_summary.csv,ARPSO-EIS,CEC2017-F22,1,62.46666666666667,1,62.46666666666667,62.46666666666667,10.234267432750498,1,10.234267432750498,10.234267432750498,74,1,74,74,41,1,41,41,62.46666666666667,10.234267432750498,74.0,41.0
results\cec\cec2017_restart_summary.csv,ARPSO-EIS,CEC2017-F23,1,73.86666666666666,1,73.86666666666666,73.86666666666666,0.345745903641759,1,0.345745903641759,0.345745903641759,74,1,74,74,73,1,73,73,73.86666666666666,0.345745903641759,74.0,73.0
results\cec\cec2017_restart_summary.csv,ARPSO-EIS,CEC2017-F24,1,73.73333333333333,1,73.73333333333333,73.73333333333333,0.5208304597621894,1,0.5208304597621894,0.5208304597621894,74,1,74,74,72,1,72,72,73.73333333333333,0.5208304597621894,74.0,72.0
results\cec\cec2017_restart_summary.csv,ARPSO-EIS,CEC2017-F25,1,73.96666666666667,1,73.96666666666667,73.96666666666667,0.182574185835055,1,0.182574185835055,0.182574185835055,74,1,74,74,73,1,73,73,73.96666666666667,0.182574185835055,74.0,73.0
results\cec\cec2017_restart_summary.csv,ARPSO-EIS,CEC2017-F26,1,74.0,1,74.0,74.0,0.0,1,0.0,0.0,74,1,74,74,74,1,74,74,74.0,0.0,74.0,74.0
results\cec\cec2017_restart_summary.csv,ARPSO-EIS,CEC2017-F27,1,74.0,1,74.0,74.0,0.0,1,0.0,0.0,74,1,74,74,74,1,74,74,74.0,0.0,74.0,74.0
results\cec\cec2017_restart_summary.csv,ARPSO-EIS,CEC2017-F28,1,72.46666666666667,1,72.46666666666667,72.46666666666667,5.250506270061395,1,5.250506270061395,5.250506270061395,74,1,74,74,45,1,45,45,72.46666666666667,5.250506270061395,74.0,45.0
results\cec\cec2017_restart_summary.csv,ARPSO-EIS,CEC2017-F29,1,53.5,1,53.5,53.5,29.869543939812903,1,29.869543939812903,29.869543939812903,74,1,74,74,0,1,0,0,53.5,29.869543939812903,74.0,0.0
results\cec\cec2017_restart_summary.csv,ARPSO-EIS,CEC2017-F3,1,74.0,1,74.0,74.0,0.0,1,0.0,0.0,74,1,74,74,74,1,74,74,74.0,0.0,74.0,74.0
results\cec\cec2017_restart_summary.csv,ARPSO-EIS,CEC2017-F30,1,68.96666666666667,1,68.96666666666667,68.96666666666667,17.45434109293461,1,17.45434109293461,17.45434109293461,74,1,74,74,1,1,1,1,68.96666666666667,17.45434109293461,74.0,1.0
results\cec\cec2017_restart_summary.csv,ARPSO-EIS,CEC2017-F4,1,71.5,1,71.5,71.5,13.31773512897434,1,13.31773512897434,13.31773512897434,74,1,74,74,1,1,1,1,71.5,13.31773512897434,74.0,1.0
results\cec\cec2017_restart_summary.csv,ARPSO-EIS,CEC2017-F5,1,74.0,1,74.0,74.0,0.0,1,0.0,0.0,74,1,74,74,74,1,74,74,74.0,0.0,74.0,74.0
results\cec\cec2017_restart_summary.csv,ARPSO-EIS,CEC2017-F6,1,68.73333333333333,1,68.73333333333333,68.73333333333333,11.383391814191516,1,11.383391814191516,11.383391814191516,74,1,74,74,31,1,31,31,68.73333333333333,11.383391814191516,74.0,31.0
results\cec\cec2017_restart_summary.csv,ARPSO-EIS,CEC2017-F7,1,74.0,1,74.0,74.0,0.0,1,0.0,0.0,74,1,74,74,74,1,74,74,74.0,0.0,74.0,74.0
results\cec\cec2017_restart_summary.csv,ARPSO-EIS,CEC2017-F8,1,59.63333333333333,1,59.63333333333333,59.63333333333333,7.355426490053089,1,7.355426490053089,7.355426490053089,73,1,73,73,42,1,42,42,59.63333333333333,7.355426490053089,73.0,42.0
results\cec\cec2017_restart_summary.csv,ARPSO-EIS,CEC2017-F9,1,73.96666666666667,1,73.96666666666667,73.96666666666667,0.182574185835056,1,0.182574185835056,0.182574185835056,74,1,74,74,73,1,73,73,73.96666666666667,0.182574185835056,74.0,73.0
results\cec\cec2017_restart_summary.csv,ARPSO-v4,CEC2017-F1,1,74.0,1,74.0,74.0,0.0,1,0.0,0.0,74,1,74,74,74,1,74,74,74.0,0.0,74.0,74.0
results\cec\cec2017_restart_summary.csv,ARPSO-v4,CEC2017-F10,1,30.73333333333333,1,30.73333333333333,30.73333333333333,14.887933863120285,1,14.887933863120285,14.887933863120285,55,1,55,55,1,1,1,1,30.73333333333333,14.887933863120285,55.0,1.0
results\cec\cec2017_restart_summary.csv,ARPSO-v4,CEC2017-F11,1,70.06666666666666,1,70.06666666666666,70.06666666666666,7.79890944336111,1,7.79890944336111,7.79890944336111,74,1,74,74,38,1,38,38,70.06666666666666,7.79890944336111,74.0,38.0
results\cec\cec2017_restart_summary.csv,ARPSO-v4,CEC2017-F12,1,74.0,1,74.0,74.0,0.0,1,0.0,0.0,74,1,74,74,74,1,74,74,74.0,0.0,74.0,74.0
results\cec\cec2017_restart_summary.csv,ARPSO-v4,CEC2017-F13,1,74.0,1,74.0,74.0,0.0,1,0.0,0.0,74,1,74,74,74,1,74,74,74.0,0.0,74.0,74.0
results\cec\cec2017_restart_summary.csv,ARPSO-v4,CEC2017-F14,1,50.3,1,50.3,50.3,11.256109452204168,1,11.256109452204168,11.256109452204168,71,1,71,71,25,1,25,25,50.3,11.256109452204168,71.0,25.0
results\cec\cec2017_restart_summary.csv,ARPSO-v4,CEC2017-F15,1,73.06666666666666,1,73.06666666666666,73.06666666666666,3.638238805960296,1,3.638238805960296,3.638238805960296,74,1,74,74,57,1,57,57,73.06666666666666,3.638238805960296,74.0,57.0
results\cec\cec2017_restart_summary.csv,ARPSO-v4,CEC2017-F16,1,71.36666666666666,1,71.36666666666666,71.36666666666666,5.79228579341901,1,5.79228579341901,5.79228579341901,74,1,74,74,52,1,52,52,71.36666666666666,5.79228579341901,74.0,52.0
results\cec\cec2017_restart_summary.csv,ARPSO-v4,CEC2017-F17,1,62.0,1,62.0,62.0,17.4928556845359,1,17.4928556845359,17.4928556845359,74,1,74,74,7,1,7,7,62.0,17.4928556845359,74.0,7.0
results\cec\cec2017_restart_summary.csv,ARPSO-v4,CEC2017-F18,1,29.53333333333333,1,29.53333333333333,29.53333333333333,15.44675690397744,1,15.44675690397744,15.44675690397744,59,1,59,59,3,1,3,3,29.53333333333333,15.44675690397744,59.0,3.0
results\cec\cec2017_restart_summary.csv,ARPSO-v4,CEC2017-F19,1,73.63333333333334,1,73.63333333333334,73.63333333333334,0.7648904962570566,1,0.7648904962570566,0.7648904962570566,74,1,74,74,72,1,72,72,73.63333333333334,0.7648904962570566,74.0,72.0
results\cec\cec2017_restart_summary.csv,ARPSO-v4,CEC2017-F20,1,73.4,1,73.4,73.4,1.5447352189134924,1,1.5447352189134924,1.5447352189134924,74,1,74,74,67,1,67,67,73.4,1.5447352189134924,74.0,67.0
results\cec\cec2017_restart_summary.csv,ARPSO-v4,CEC2017-F21,1,74.0,1,74.0,74.0,0.0,1,0.0,0.0,74,1,74,74,74,1,74,74,74.0,0.0,74.0,74.0
results\cec\cec2017_restart_summary.csv,ARPSO-v4,CEC2017-F22,1,56.8,1,56.8,56.8,11.45124597948881,1,11.45124597948881,11.45124597948881,74,1,74,74,38,1,38,38,56.8,11.45124597948881,74.0,38.0
results\cec\cec2017_restart_summary.csv,ARPSO-v4,CEC2017-F23,1,73.66666666666667,1,73.66666666666667,73.66666666666667,0.4794633014853841,1,0.4794633014853841,0.4794633014853841,74,1,74,74,73,1,73,73,73.66666666666667,0.4794633014853841,74.0,73.0
results\cec\cec2017_restart_summary.csv,ARPSO-v4,CEC2017-F24,1,73.6,1,73.6,73.6,0.6214554662658635,1,0.6214554662658635,0.6214554662658635,74,1,74,74,72,1,72,72,73.6,0.6214554662658635,74.0,72.0
results\cec\cec2017_restart_summary.csv,ARPSO-v4,CEC2017-F25,1,74.0,1,74.0,74.0,0.0,1,0.0,0.0,74,1,74,74,74,1,74,74,74.0,0.0,74.0,74.0
results\cec\cec2017_restart_summary.csv,ARPSO-v4,CEC2017-F26,1,74.0,1,74.0,74.0,0.0,1,0.0,0.0,74,1,74,74,74,1,74,74,74.0,0.0,74.0,74.0
results\cec\cec2017_restart_summary.csv,ARPSO-v4,CEC2017-F27,1,74.0,1,74.0,74.0,0.0,1,0.0,0.0,74,1,74,74,74,1,74,74,74.0,0.0,74.0,74.0
results\cec\cec2017_restart_summary.csv,ARPSO-v4,CEC2017-F28,1,72.43333333333334,1,72.43333333333334,72.43333333333334,5.184082623153124,1,5.184082623153124,5.184082623153124,74,1,74,74,46,1,46,46,72.43333333333334,5.184082623153124,74.0,46.0
results\cec\cec2017_restart_summary.csv,ARPSO-v4,CEC2017-F29,1,61.03333333333333,1,61.03333333333333,61.03333333333333,24.06096184813632,1,24.06096184813632,24.06096184813632,74,1,74,74,0,1,0,0,61.03333333333333,24.06096184813632,74.0,0.0
results\cec\cec2017_restart_summary.csv,ARPSO-v4,CEC2017-F3,1,74.0,1,74.0,74.0,0.0,1,0.0,0.0,74,1,74,74,74,1,74,74,74.0,0.0,74.0,74.0
results\cec\cec2017_restart_summary.csv,ARPSO-v4,CEC2017-F30,1,71.93333333333334,1,71.93333333333334,71.93333333333334,5.717084700375216,1,5.717084700375216,5.717084700375216,74,1,74,74,45,1,45,45,71.93333333333334,5.717084700375216,74.0,45.0
results\cec\cec2017_restart_summary.csv,ARPSO-v4,CEC2017-F4,1,73.93333333333334,1,73.93333333333334,73.93333333333334,0.2537081317024645,1,0.2537081317024645,0.2537081317024645,74,1,74,74,73,1,73,73,73.93333333333334,0.2537081317024645,74.0,73.0
results\cec\cec2017_restart_summary.csv,ARPSO-v4,CEC2017-F5,1,74.0,1,74.0,74.0,0.0,1,0.0,0.0,74,1,74,74,74,1,74,74,74.0,0.0,74.0,74.0
results\cec\cec2017_restart_summary.csv,ARPSO-v4,CEC2017-F6,1,72.03333333333333,1,72.03333333333333,72.03333333333333,7.43005700694394,1,7.43005700694394,7.43005700694394,74,1,74,74,36,1,36,36,72.03333333333333,7.43005700694394,74.0,36.0
results\cec\cec2017_restart_summary.csv,ARPSO-v4,CEC2017-F7,1,74.0,1,74.0,74.0,0.0,1,0.0,0.0,74,1,74,74,74,1,74,74,74.0,0.0,74.0,74.0
results\cec\cec2017_restart_summary.csv,ARPSO-v4,CEC2017-F8,1,60.4,1,60.4,60.4,7.981011948627688,1,7.981011948627688,7.981011948627688,73,1,73,73,41,1,41,41,60.4,7.981011948627688,73.0,41.0
results\cec\cec2017_restart_summary.csv,ARPSO-v4,CEC2017-F9,1,74.0,1,74.0,74.0,0.0,1,0.0,0.0,74,1,74,74,74,1,74,74,74.0,0.0,74.0,74.0
results\cec\cec2017_restart_summary.csv,CLPSO,CEC2017-F1,1,0.0,1,0.0,0.0,0.0,1,0.0,0.0,0,1,0,0,0,1,0,0,0.0,0.0,0.0,0.0
results\cec\cec2017_restart_summary.csv,CLPSO,CEC2017-F10,1,0.0,1,0.0,0.0,0.0,1,0.0,0.0,0,1,0,0,0,1,0,0,0.0,0.0,0.0,0.0
results\cec\cec2017_restart_summary.csv,CLPSO,CEC2017-F11,1,0.0,1,0.0,0.0,0.0,1,0.0,0.0,0,1,0,0,0,1,0,0,0.0,0.0,0.0,0.0
results\cec\cec2017_restart_summary.csv,CLPSO,CEC2017-F12,1,0.0,1,0.0,0.0,0.0,1,0.0,0.0,0,1,0,0,0,1,0,0,0.0,0.0,0.0,0.0
results\cec\cec2017_restart_summary.csv,CLPSO,CEC2017-F13,1,0.0,1,0.0,0.0,0.0,1,0.0,0.0,0,1,0,0,0,1,0,0,0.0,0.0,0.0,0.0
results\cec\cec2017_restart_summary.csv,CLPSO,CEC2017-F14,1,0.0,1,0.0,0.0,0.0,1,0.0,0.0,0,1,0,0,0,1,0,0,0.0,0.0,0.0,0.0
results\cec\cec2017_restart_summary.csv,CLPSO,CEC2017-F15,1,0.0,1,0.0,0.0,0.0,1,0.0,0.0,0,1,0,0,0,1,0,0,0.0,0.0,0.0,0.0
results\cec\cec2017_restart_summary.csv,CLPSO,CEC2017-F16,1,0.0,1,0.0,0.0,0.0,1,0.0,0.0,0,1,0,0,0,1,0,0,0.0,0.0,0.0,0.0
results\cec\cec2017_restart_summary.csv,CLPSO,CEC2017-F17,1,0.0,1,0.0,0.0,0.0,1,0.0,0.0,0,1,0,0,0,1,0,0,0.0,0.0,0.0,0.0
results\cec\cec2017_restart_summary.csv,CLPSO,CEC2017-F18,1,0.0,1,0.0,0.0,0.0,1,0.0,0.0,0,1,0,0,0,1,0,0,0.0,0.0,0.0,0.0
results\cec\cec2017_restart_summary.csv,CLPSO,CEC2017-F19,1,0.0,1,0.0,0.0,0.0,1,0.0,0.0,0,1,0,0,0,1,0,0,0.0,0.0,0.0,0.0
results\cec\cec2017_restart_summary.csv,CLPSO,CEC2017-F20,1,0.0,1,0.0,0.0,0.0,1,0.0,0.0,0,1,0,0,0,1,0,0,0.0,0.0,0.0,0.0
results\cec\cec2017_restart_summary.csv,CLPSO,CEC2017-F21,1,0.0,1,0.0,0.0,0.0,1,0.0,0.0,0,1,0,0,0,1,0,0,0.0,0.0,0.0,0.0
results\cec\cec2017_restart_summary.csv,CLPSO,CEC2017-F22,1,0.0,1,0.0,0.0,0.0,1,0.0,0.0,0,1,0,0,0,1,0,0,0.0,0.0,0.0,0.0
results\cec\cec2017_restart_summary.csv,CLPSO,CEC2017-F23,1,0.0,1,0.0,0.0,0.0,1,0.0,0.0,0,1,0,0,0,1,0,0,0.0,0.0,0.0,0.0
results\cec\cec2017_restart_summary.csv,CLPSO,CEC2017-F24,1,0.0,1,0.0,0.0,0.0,1,0.0,0.0,0,1,0,0,0,1,0,0,0.0,0.0,0.0,0.0
results\cec\cec2017_restart_summary.csv,CLPSO,CEC2017-F25,1,0.0,1,0.0,0.0,0.0,1,0.0,0.0,0,1,0,0,0,1,0,0,0.0,0.0,0.0,0.0
results\cec\cec2017_restart_summary.csv,CLPSO,CEC2017-F26,1,0.0,1,0.0,0.0,0.0,1,0.0,0.0,0,1,0,0,0,1,0,0,0.0,0.0,0.0,0.0
results\cec\cec2017_restart_summary.csv,CLPSO,CEC2017-F27,1,0.0,1,0.0,0.0,0.0,1,0.0,0.0,0,1,0,0,0,1,0,0,0.0,0.0,0.0,0.0
results\cec\cec2017_restart_summary.csv,CLPSO,CEC2017-F28,1,0.0,1,0.0,0.0,0.0,1,0.0,0.0,0,1,0,0,0,1,0,0,0.0,0.0,0.0,0.0
results\cec\cec2017_restart_summary.csv,CLPSO,CEC2017-F29,1,0.0,1,0.0,0.0,0.0,1,0.0,0.0,0,1,0,0,0,1,0,0,0.0,0.0,0.0,0.0
results\cec\cec2017_restart_summary.csv,CLPSO,CEC2017-F3,1,0.0,1,0.0,0.0,0.0,1,0.0,0.0,0,1,0,0,0,1,0,0,0.0,0.0,0.0,0.0
results\cec\cec2017_restart_summary.csv,CLPSO,CEC2017-F30,1,0.0,1,0.0,0.0,0.0,1,0.0,0.0,0,1,0,0,0,1,0,0,0.0,0.0,0.0,0.0
results\cec\cec2017_restart_summary.csv,CLPSO,CEC2017-F4,1,0.0,1,0.0,0.0,0.0,1,0.0,0.0,0,1,0,0,0,1,0,0,0.0,0.0,0.0,0.0
results\cec\cec2017_restart_summary.csv,CLPSO,CEC2017-F5,1,0.0,1,0.0,0.0,0.0,1,0.0,0.0,0,1,0,0,0,1,0,0,0.0,0.0,0.0,0.0
results\cec\cec2017_restart_summary.csv,CLPSO,CEC2017-F6,1,0.0,1,0.0,0.0,0.0,1,0.0,0.0,0,1,0,0,0,1,0,0,0.0,0.0,0.0,0.0
results\cec\cec2017_restart_summary.csv,CLPSO,CEC2017-F7,1,0.0,1,0.0,0.0,0.0,1,0.0,0.0,0,1,0,0,0,1,0,0,0.0,0.0,0.0,0.0
results\cec\cec2017_restart_summary.csv,CLPSO,CEC2017-F8,1,0.0,1,0.0,0.0,0.0,1,0.0,0.0,0,1,0,0,0,1,0,0,0.0,0.0,0.0,0.0
results\cec\cec2017_restart_summary.csv,CLPSO,CEC2017-F9,1,0.0,1,0.0,0.0,0.0,1,0.0,0.0,0,1,0,0,0,1,0,0,0.0,0.0,0.0,0.0
results\cec\cec2017_restart_summary.csv,DE,CEC2017-F1,1,0.0,1,0.0,0.0,0.0,1,0.0,0.0,0,1,0,0,0,1,0,0,0.0,0.0,0.0,0.0
results\cec\cec2017_restart_summary.csv,DE,CEC2017-F10,1,0.0,1,0.0,0.0,0.0,1,0.0,0.0,0,1,0,0,0,1,0,0,0.0,0.0,0.0,0.0
results\cec\cec2017_restart_summary.csv,DE,CEC2017-F11,1,0.0,1,0.0,0.0,0.0,1,0.0,0.0,0,1,0,0,0,1,0,0,0.0,0.0,0.0,0.0
results\cec\cec2017_restart_summary.csv,DE,CEC2017-F12,1,0.0,1,0.0,0.0,0.0,1,0.0,0.0,0,1,0,0,0,1,0,0,0.0,0.0,0.0,0.0
results\cec\cec2017_restart_summary.csv,DE,CEC2017-F13,1,0.0,1,0.0,0.0,0.0,1,0.0,0.0,0,1,0,0,0,1,0,0,0.0,0.0,0.0,0.0
results\cec\cec2017_restart_summary.csv,DE,CEC2017-F14,1,0.0,1,0.0,0.0,0.0,1,0.0,0.0,0,1,0,0,0,1,0,0,0.0,0.0,0.0,0.0
results\cec\cec2017_restart_summary.csv,DE,CEC2017-F15,1,0.0,1,0.0,0.0,0.0,1,0.0,0.0,0,1,0,0,0,1,0,0,0.0,0.0,0.0,0.0
results\cec\cec2017_restart_summary.csv,DE,CEC2017-F16,1,0.0,1,0.0,0.0,0.0,1,0.0,0.0,0,1,0,0,0,1,0,0,0.0,0.0,0.0,0.0
results\cec\cec2017_restart_summary.csv,DE,CEC2017-F17,1,0.0,1,0.0,0.0,0.0,1,0.0,0.0,0,1,0,0,0,1,0,0,0.0,0.0,0.0,0.0
results\cec\cec2017_restart_summary.csv,DE,CEC2017-F18,1,0.0,1,0.0,0.0,0.0,1,0.0,0.0,0,1,0,0,0,1,0,0,0.0,0.0,0.0,0.0
results\cec\cec2017_restart_summary.csv,DE,CEC2017-F19,1,0.0,1,0.0,0.0,0.0,1,0.0,0.0,0,1,0,0,0,1,0,0,0.0,0.0,0.0,0.0
results\cec\cec2017_restart_summary.csv,DE,CEC2017-F20,1,0.0,1,0.0,0.0,0.0,1,0.0,0.0,0,1,0,0,0,1,0,0,0.0,0.0,0.0,0.0
results\cec\cec2017_restart_summary.csv,DE,CEC2017-F21,1,0.0,1,0.0,0.0,0.0,1,0.0,0.0,0,1,0,0,0,1,0,0,0.0,0.0,0.0,0.0
results\cec\cec2017_restart_summary.csv,DE,CEC2017-F22,1,0.0,1,0.0,0.0,0.0,1,0.0,0.0,0,1,0,0,0,1,0,0,0.0,0.0,0.0,0.0
results\cec\cec2017_restart_summary.csv,DE,CEC2017-F23,1,0.0,1,0.0,0.0,0.0,1,0.0,0.0,0,1,0,0,0,1,0,0,0.0,0.0,0.0,0.0
results\cec\cec2017_restart_summary.csv,DE,CEC2017-F24,1,0.0,1,0.0,0.0,0.0,1,0.0,0.0,0,1,0,0,0,1,0,0,0.0,0.0,0.0,0.0
results\cec\cec2017_restart_summary.csv,DE,CEC2017-F25,1,0.0,1,0.0,0.0,0.0,1,0.0,0.0,0,1,0,0,0,1,0,0,0.0,0.0,0.0,0.0
results\cec\cec2017_restart_summary.csv,DE,CEC2017-F26,1,0.0,1,0.0,0.0,0.0,1,0.0,0.0,0,1,0,0,0,1,0,0,0.0,0.0,0.0,0.0
results\cec\cec2017_restart_summary.csv,DE,CEC2017-F27,1,0.0,1,0.0,0.0,0.0,1,0.0,0.0,0,1,0,0,0,1,0,0,0.0,0.0,0.0,0.0
results\cec\cec2017_restart_summary.csv,DE,CEC2017-F28,1,0.0,1,0.0,0.0,0.0,1,0.0,0.0,0,1,0,0,0,1,0,0,0.0,0.0,0.0,0.0
results\cec\cec2017_restart_summary.csv,DE,CEC2017-F29,1,0.0,1,0.0,0.0,0.0,1,0.0,0.0,0,1,0,0,0,1,0,0,0.0,0.0,0.0,0.0
results\cec\cec2017_restart_summary.csv,DE,CEC2017-F3,1,0.0,1,0.0,0.0,0.0,1,0.0,0.0,0,1,0,0,0,1,0,0,0.0,0.0,0.0,0.0
results\cec\cec2017_restart_summary.csv,DE,CEC2017-F30,1,0.0,1,0.0,0.0,0.0,1,0.0,0.0,0,1,0,0,0,1,0,0,0.0,0.0,0.0,0.0
results\cec\cec2017_restart_summary.csv,DE,CEC2017-F4,1,0.0,1,0.0,0.0,0.0,1,0.0,0.0,0,1,0,0,0,1,0,0,0.0,0.0,0.0,0.0
results\cec\cec2017_restart_summary.csv,DE,CEC2017-F5,1,0.0,1,0.0,0.0,0.0,1,0.0,0.0,0,1,0,0,0,1,0,0,0.0,0.0,0.0,0.0
results\cec\cec2017_restart_summary.csv,DE,CEC2017-F6,1,0.0,1,0.0,0.0,0.0,1,0.0,0.0,0,1,0,0,0,1,0,0,0.0,0.0,0.0,0.0
results\cec\cec2017_restart_summary.csv,DE,CEC2017-F7,1,0.0,1,0.0,0.0,0.0,1,0.0,0.0,0,1,0,0,0,1,0,0,0.0,0.0,0.0,0.0
results\cec\cec2017_restart_summary.csv,DE,CEC2017-F8,1,0.0,1,0.0,0.0,0.0,1,0.0,0.0,0,1,0,0,0,1,0,0,0.0,0.0,0.0,0.0
results\cec\cec2017_restart_summary.csv,DE,CEC2017-F9,1,0.0,1,0.0,0.0,0.0,1,0.0,0.0,0,1,0,0,0,1,0,0,0.0,0.0,0.0,0.0
results\cec\cec2017_restart_summary.csv,GA,CEC2017-F1,1,0.0,1,0.0,0.0,0.0,1,0.0,0.0,0,1,0,0,0,1,0,0,0.0,0.0,0.0,0.0
results\cec\cec2017_restart_summary.csv,GA,CEC2017-F10,1,0.0,1,0.0,0.0,0.0,1,0.0,0.0,0,1,0,0,0,1,0,0,0.0,0.0,0.0,0.0
results\cec\cec2017_restart_summary.csv,GA,CEC2017-F11,1,0.0,1,0.0,0.0,0.0,1,0.0,0.0,0,1,0,0,0,1,0,0,0.0,0.0,0.0,0.0
results\cec\cec2017_restart_summary.csv,GA,CEC2017-F12,1,0.0,1,0.0,0.0,0.0,1,0.0,0.0,0,1,0,0,0,1,0,0,0.0,0.0,0.0,0.0
results\cec\cec2017_restart_summary.csv,GA,CEC2017-F13,1,0.0,1,0.0,0.0,0.0,1,0.0,0.0,0,1,0,0,0,1,0,0,0.0,0.0,0.0,0.0
results\cec\cec2017_restart_summary.csv,GA,CEC2017-F14,1,0.0,1,0.0,0.0,0.0,1,0.0,0.0,0,1,0,0,0,1,0,0,0.0,0.0,0.0,0.0
results\cec\cec2017_restart_summary.csv,GA,CEC2017-F15,1,0.0,1,0.0,0.0,0.0,1,0.0,0.0,0,1,0,0,0,1,0,0,0.0,0.0,0.0,0.0
results\cec\cec2017_restart_summary.csv,GA,CEC2017-F16,1,0.0,1,0.0,0.0,0.0,1,0.0,0.0,0,1,0,0,0,1,0,0,0.0,0.0,0.0,0.0
results\cec\cec2017_restart_summary.csv,GA,CEC2017-F17,1,0.0,1,0.0,0.0,0.0,1,0.0,0.0,0,1,0,0,0,1,0,0,0.0,0.0,0.0,0.0
results\cec\cec2017_restart_summary.csv,GA,CEC2017-F18,1,0.0,1,0.0,0.0,0.0,1,0.0,0.0,0,1,0,0,0,1,0,0,0.0,0.0,0.0,0.0
results\cec\cec2017_restart_summary.csv,GA,CEC2017-F19,1,0.0,1,0.0,0.0,0.0,1,0.0,0.0,0,1,0,0,0,1,0,0,0.0,0.0,0.0,0.0
results\cec\cec2017_restart_summary.csv,GA,CEC2017-F20,1,0.0,1,0.0,0.0,0.0,1,0.0,0.0,0,1,0,0,0,1,0,0,0.0,0.0,0.0,0.0
results\cec\cec2017_restart_summary.csv,GA,CEC2017-F21,1,0.0,1,0.0,0.0,0.0,1,0.0,0.0,0,1,0,0,0,1,0,0,0.0,0.0,0.0,0.0
results\cec\cec2017_restart_summary.csv,GA,CEC2017-F22,1,0.0,1,0.0,0.0,0.0,1,0.0,0.0,0,1,0,0,0,1,0,0,0.0,0.0,0.0,0.0
results\cec\cec2017_restart_summary.csv,GA,CEC2017-F23,1,0.0,1,0.0,0.0,0.0,1,0.0,0.0,0,1,0,0,0,1,0,0,0.0,0.0,0.0,0.0
results\cec\cec2017_restart_summary.csv,GA,CEC2017-F24,1,0.0,1,0.0,0.0,0.0,1,0.0,0.0,0,1,0,0,0,1,0,0,0.0,0.0,0.0,0.0
results\cec\cec2017_restart_summary.csv,GA,CEC2017-F25,1,0.0,1,0.0,0.0,0.0,1,0.0,0.0,0,1,0,0,0,1,0,0,0.0,0.0,0.0,0.0
results\cec\cec2017_restart_summary.csv,GA,CEC2017-F26,1,0.0,1,0.0,0.0,0.0,1,0.0,0.0,0,1,0,0,0,1,0,0,0.0,0.0,0.0,0.0
results\cec\cec2017_restart_summary.csv,GA,CEC2017-F27,1,0.0,1,0.0,0.0,0.0,1,0.0,0.0,0,1,0,0,0,1,0,0,0.0,0.0,0.0,0.0
results\cec\cec2017_restart_summary.csv,GA,CEC2017-F28,1,0.0,1,0.0,0.0,0.0,1,0.0,0.0,0,1,0,0,0,1,0,0,0.0,0.0,0.0,0.0
results\cec\cec2017_restart_summary.csv,GA,CEC2017-F29,1,0.0,1,0.0,0.0,0.0,1,0.0,0.0,0,1,0,0,0,1,0,0,0.0,0.0,0.0,0.0
results\cec\cec2017_restart_summary.csv,GA,CEC2017-F3,1,0.0,1,0.0,0.0,0.0,1,0.0,0.0,0,1,0,0,0,1,0,0,0.0,0.0,0.0,0.0
results\cec\cec2017_restart_summary.csv,GA,CEC2017-F30,1,0.0,1,0.0,0.0,0.0,1,0.0,0.0,0,1,0,0,0,1,0,0,0.0,0.0,0.0,0.0
results\cec\cec2017_restart_summary.csv,GA,CEC2017-F4,1,0.0,1,0.0,0.0,0.0,1,0.0,0.0,0,1,0,0,0,1,0,0,0.0,0.0,0.0,0.0
results\cec\cec2017_restart_summary.csv,GA,CEC2017-F5,1,0.0,1,0.0,0.0,0.0,1,0.0,0.0,0,1,0,0,0,1,0,0,0.0,0.0,0.0,0.0
results\cec\cec2017_restart_summary.csv,GA,CEC2017-F6,1,0.0,1,0.0,0.0,0.0,1,0.0,0.0,0,1,0,0,0,1,0,0,0.0,0.0,0.0,0.0
results\cec\cec2017_restart_summary.csv,GA,CEC2017-F7,1,0.0,1,0.0,0.0,0.0,1,0.0,0.0,0,1,0,0,0,1,0,0,0.0,0.0,0.0,0.0
results\cec\cec2017_restart_summary.csv,GA,CEC2017-F8,1,0.0,1,0.0,0.0,0.0,1,0.0,0.0,0,1,0,0,0,1,0,0,0.0,0.0,0.0,0.0
results\cec\cec2017_restart_summary.csv,GA,CEC2017-F9,1,0.0,1,0.0,0.0,0.0,1,0.0,0.0,0,1,0,0,0,1,0,0,0.0,0.0,0.0,0.0
results\cec\cec2017_restart_summary.csv,HPSO-TVAC,CEC2017-F1,1,0.0,1,0.0,0.0,0.0,1,0.0,0.0,0,1,0,0,0,1,0,0,0.0,0.0,0.0,0.0
results\cec\cec2017_restart_summary.csv,HPSO-TVAC,CEC2017-F10,1,0.0,1,0.0,0.0,0.0,1,0.0,0.0,0,1,0,0,0,1,0,0,0.0,0.0,0.0,0.0
results\cec\cec2017_restart_summary.csv,HPSO-TVAC,CEC2017-F11,1,0.0,1,0.0,0.0,0.0,1,0.0,0.0,0,1,0,0,0,1,0,0,0.0,0.0,0.0,0.0
results\cec\cec2017_restart_summary.csv,HPSO-TVAC,CEC2017-F12,1,0.0,1,0.0,0.0,0.0,1,0.0,0.0,0,1,0,0,0,1,0,0,0.0,0.0,0.0,0.0
results\cec\cec2017_restart_summary.csv,HPSO-TVAC,CEC2017-F13,1,0.0,1,0.0,0.0,0.0,1,0.0,0.0,0,1,0,0,0,1,0,0,0.0,0.0,0.0,0.0
results\cec\cec2017_restart_summary.csv,HPSO-TVAC,CEC2017-F14,1,0.0,1,0.0,0.0,0.0,1,0.0,0.0,0,1,0,0,0,1,0,0,0.0,0.0,0.0,0.0
results\cec\cec2017_restart_summary.csv,HPSO-TVAC,CEC2017-F15,1,0.0,1,0.0,0.0,0.0,1,0.0,0.0,0,1,0,0,0,1,0,0,0.0,0.0,0.0,0.0
results\cec\cec2017_restart_summary.csv,HPSO-TVAC,CEC2017-F16,1,0.0,1,0.0,0.0,0.0,1,0.0,0.0,0,1,0,0,0,1,0,0,0.0,0.0,0.0,0.0
results\cec\cec2017_restart_summary.csv,HPSO-TVAC,CEC2017-F17,1,0.0,1,0.0,0.0,0.0,1,0.0,0.0,0,1,0,0,0,1,0,0,0.0,0.0,0.0,0.0
results\cec\cec2017_restart_summary.csv,HPSO-TVAC,CEC2017-F18,1,0.0,1,0.0,0.0,0.0,1,0.0,0.0,0,1,0,0,0,1,0,0,0.0,0.0,0.0,0.0
results\cec\cec2017_restart_summary.csv,HPSO-TVAC,CEC2017-F19,1,0.0,1,0.0,0.0,0.0,1,0.0,0.0,0,1,0,0,0,1,0,0,0.0,0.0,0.0,0.0
results\cec\cec2017_restart_summary.csv,HPSO-TVAC,CEC2017-F20,1,0.0,1,0.0,0.0,0.0,1,0.0,0.0,0,1,0,0,0,1,0,0,0.0,0.0,0.0,0.0
results\cec\cec2017_restart_summary.csv,HPSO-TVAC,CEC2017-F21,1,0.0,1,0.0,0.0,0.0,1,0.0,0.0,0,1,0,0,0,1,0,0,0.0,0.0,0.0,0.0
results\cec\cec2017_restart_summary.csv,HPSO-TVAC,CEC2017-F22,1,0.0,1,0.0,0.0,0.0,1,0.0,0.0,0,1,0,0,0,1,0,0,0.0,0.0,0.0,0.0
results\cec\cec2017_restart_summary.csv,HPSO-TVAC,CEC2017-F23,1,0.0,1,0.0,0.0,0.0,1,0.0,0.0,0,1,0,0,0,1,0,0,0.0,0.0,0.0,0.0
results\cec\cec2017_restart_summary.csv,HPSO-TVAC,CEC2017-F24,1,0.0,1,0.0,0.0,0.0,1,0.0,0.0,0,1,0,0,0,1,0,0,0.0,0.0,0.0,0.0
results\cec\cec2017_restart_summary.csv,HPSO-TVAC,CEC2017-F25,1,0.0,1,0.0,0.0,0.0,1,0.0,0.0,0,1,0,0,0,1,0,0,0.0,0.0,0.0,0.0
results\cec\cec2017_restart_summary.csv,HPSO-TVAC,CEC2017-F26,1,0.0,1,0.0,0.0,0.0,1,0.0,0.0,0,1,0,0,0,1,0,0,0.0,0.0,0.0,0.0
results\cec\cec2017_restart_summary.csv,HPSO-TVAC,CEC2017-F27,1,0.0,1,0.0,0.0,0.0,1,0.0,0.0,0,1,0,0,0,1,0,0,0.0,0.0,0.0,0.0
results\cec\cec2017_restart_summary.csv,HPSO-TVAC,CEC2017-F28,1,0.0,1,0.0,0.0,0.0,1,0.0,0.0,0,1,0,0,0,1,0,0,0.0,0.0,0.0,0.0
results\cec\cec2017_restart_summary.csv,HPSO-TVAC,CEC2017-F29,1,0.0,1,0.0,0.0,0.0,1,0.0,0.0,0,1,0,0,0,1,0,0,0.0,0.0,0.0,0.0
results\cec\cec2017_restart_summary.csv,HPSO-TVAC,CEC2017-F3,1,0.0,1,0.0,0.0,0.0,1,0.0,0.0,0,1,0,0,0,1,0,0,0.0,0.0,0.0,0.0
results\cec\cec2017_restart_summary.csv,HPSO-TVAC,CEC2017-F30,1,0.0,1,0.0,0.0,0.0,1,0.0,0.0,0,1,0,0,0,1,0,0,0.0,0.0,0.0,0.0
results\cec\cec2017_restart_summary.csv,HPSO-TVAC,CEC2017-F4,1,0.0,1,0.0,0.0,0.0,1,0.0,0.0,0,1,0,0,0,1,0,0,0.0,0.0,0.0,0.0
results\cec\cec2017_restart_summary.csv,HPSO-TVAC,CEC2017-F5,1,0.0,1,0.0,0.0,0.0,1,0.0,0.0,0,1,0,0,0,1,0,0,0.0,0.0,0.0,0.0
results\cec\cec2017_restart_summary.csv,HPSO-TVAC,CEC2017-F6,1,0.0,1,0.0,0.0,0.0,1,0.0,0.0,0,1,0,0,0,1,0,0,0.0,0.0,0.0,0.0
results\cec\cec2017_restart_summary.csv,HPSO-TVAC,CEC2017-F7,1,0.0,1,0.0,0.0,0.0,1,0.0,0.0,0,1,0,0,0,1,0,0,0.0,0.0,0.0,0.0
results\cec\cec2017_restart_summary.csv,HPSO-TVAC,CEC2017-F8,1,0.0,1,0.0,0.0,0.0,1,0.0,0.0,0,1,0,0,0,1,0,0,0.0,0.0,0.0,0.0
results\cec\cec2017_restart_summary.csv,HPSO-TVAC,CEC2017-F9,1,0.0,1,0.0,0.0,0.0,1,0.0,0.0,0,1,0,0,0,1,0,0,0.0,0.0,0.0,0.0
results\cec\cec2017_restart_summary.csv,PSO,CEC2017-F1,1,0.0,1,0.0,0.0,0.0,1,0.0,0.0,0,1,0,0,0,1,0,0,0.0,0.0,0.0,0.0
results\cec\cec2017_restart_summary.csv,PSO,CEC2017-F10,1,0.0,1,0.0,0.0,0.0,1,0.0,0.0,0,1,0,0,0,1,0,0,0.0,0.0,0.0,0.0
results\cec\cec2017_restart_summary.csv,PSO,CEC2017-F11,1,0.0,1,0.0,0.0,0.0,1,0.0,0.0,0,1,0,0,0,1,0,0,0.0,0.0,0.0,0.0
results\cec\cec2017_restart_summary.csv,PSO,CEC2017-F12,1,0.0,1,0.0,0.0,0.0,1,0.0,0.0,0,1,0,0,0,1,0,0,0.0,0.0,0.0,0.0
results\cec\cec2017_restart_summary.csv,PSO,CEC2017-F13,1,0.0,1,0.0,0.0,0.0,1,0.0,0.0,0,1,0,0,0,1,0,0,0.0,0.0,0.0,0.0
results\cec\cec2017_restart_summary.csv,PSO,CEC2017-F14,1,0.0,1,0.0,0.0,0.0,1,0.0,0.0,0,1,0,0,0,1,0,0,0.0,0.0,0.0,0.0
results\cec\cec2017_restart_summary.csv,PSO,CEC2017-F15,1,0.0,1,0.0,0.0,0.0,1,0.0,0.0,0,1,0,0,0,1,0,0,0.0,0.0,0.0,0.0
results\cec\cec2017_restart_summary.csv,PSO,CEC2017-F16,1,0.0,1,0.0,0.0,0.0,1,0.0,0.0,0,1,0,0,0,1,0,0,0.0,0.0,0.0,0.0
results\cec\cec2017_restart_summary.csv,PSO,CEC2017-F17,1,0.0,1,0.0,0.0,0.0,1,0.0,0.0,0,1,0,0,0,1,0,0,0.0,0.0,0.0,0.0
results\cec\cec2017_restart_summary.csv,PSO,CEC2017-F18,1,0.0,1,0.0,0.0,0.0,1,0.0,0.0,0,1,0,0,0,1,0,0,0.0,0.0,0.0,0.0
results\cec\cec2017_restart_summary.csv,PSO,CEC2017-F19,1,0.0,1,0.0,0.0,0.0,1,0.0,0.0,0,1,0,0,0,1,0,0,0.0,0.0,0.0,0.0
results\cec\cec2017_restart_summary.csv,PSO,CEC2017-F20,1,0.0,1,0.0,0.0,0.0,1,0.0,0.0,0,1,0,0,0,1,0,0,0.0,0.0,0.0,0.0
results\cec\cec2017_restart_summary.csv,PSO,CEC2017-F21,1,0.0,1,0.0,0.0,0.0,1,0.0,0.0,0,1,0,0,0,1,0,0,0.0,0.0,0.0,0.0
results\cec\cec2017_restart_summary.csv,PSO,CEC2017-F22,1,0.0,1,0.0,0.0,0.0,1,0.0,0.0,0,1,0,0,0,1,0,0,0.0,0.0,0.0,0.0
results\cec\cec2017_restart_summary.csv,PSO,CEC2017-F23,1,0.0,1,0.0,0.0,0.0,1,0.0,0.0,0,1,0,0,0,1,0,0,0.0,0.0,0.0,0.0
results\cec\cec2017_restart_summary.csv,PSO,CEC2017-F24,1,0.0,1,0.0,0.0,0.0,1,0.0,0.0,0,1,0,0,0,1,0,0,0.0,0.0,0.0,0.0
results\cec\cec2017_restart_summary.csv,PSO,CEC2017-F25,1,0.0,1,0.0,0.0,0.0,1,0.0,0.0,0,1,0,0,0,1,0,0,0.0,0.0,0.0,0.0
results\cec\cec2017_restart_summary.csv,PSO,CEC2017-F26,1,0.0,1,0.0,0.0,0.0,1,0.0,0.0,0,1,0,0,0,1,0,0,0.0,0.0,0.0,0.0
results\cec\cec2017_restart_summary.csv,PSO,CEC2017-F27,1,0.0,1,0.0,0.0,0.0,1,0.0,0.0,0,1,0,0,0,1,0,0,0.0,0.0,0.0,0.0
results\cec\cec2017_restart_summary.csv,PSO,CEC2017-F28,1,0.0,1,0.0,0.0,0.0,1,0.0,0.0,0,1,0,0,0,1,0,0,0.0,0.0,0.0,0.0
results\cec\cec2017_restart_summary.csv,PSO,CEC2017-F29,1,0.0,1,0.0,0.0,0.0,1,0.0,0.0,0,1,0,0,0,1,0,0,0.0,0.0,0.0,0.0
results\cec\cec2017_restart_summary.csv,PSO,CEC2017-F3,1,0.0,1,0.0,0.0,0.0,1,0.0,0.0,0,1,0,0,0,1,0,0,0.0,0.0,0.0,0.0
results\cec\cec2017_restart_summary.csv,PSO,CEC2017-F30,1,0.0,1,0.0,0.0,0.0,1,0.0,0.0,0,1,0,0,0,1,0,0,0.0,0.0,0.0,0.0
results\cec\cec2017_restart_summary.csv,PSO,CEC2017-F4,1,0.0,1,0.0,0.0,0.0,1,0.0,0.0,0,1,0,0,0,1,0,0,0.0,0.0,0.0,0.0
results\cec\cec2017_restart_summary.csv,PSO,CEC2017-F5,1,0.0,1,0.0,0.0,0.0,1,0.0,0.0,0,1,0,0,0,1,0,0,0.0,0.0,0.0,0.0
results\cec\cec2017_restart_summary.csv,PSO,CEC2017-F6,1,0.0,1,0.0,0.0,0.0,1,0.0,0.0,0,1,0,0,0,1,0,0,0.0,0.0,0.0,0.0
results\cec\cec2017_restart_summary.csv,PSO,CEC2017-F7,1,0.0,1,0.0,0.0,0.0,1,0.0,0.0,0,1,0,0,0,1,0,0,0.0,0.0,0.0,0.0
results\cec\cec2017_restart_summary.csv,PSO,CEC2017-F8,1,0.0,1,0.0,0.0,0.0,1,0.0,0.0,0,1,0,0,0,1,0,0,0.0,0.0,0.0,0.0
results\cec\cec2017_restart_summary.csv,PSO,CEC2017-F9,1,0.0,1,0.0,0.0,0.0,1,0.0,0.0,0,1,0,0,0,1,0,0,0.0,0.0,0.0,0.0
results\cec\cec2017_restart_summary.csv,PSO-AW,CEC2017-F1,1,0.0,1,0.0,0.0,0.0,1,0.0,0.0,0,1,0,0,0,1,0,0,0.0,0.0,0.0,0.0
results\cec\cec2017_restart_summary.csv,PSO-AW,CEC2017-F10,1,0.0,1,0.0,0.0,0.0,1,0.0,0.0,0,1,0,0,0,1,0,0,0.0,0.0,0.0,0.0
results\cec\cec2017_restart_summary.csv,PSO-AW,CEC2017-F11,1,0.0,1,0.0,0.0,0.0,1,0.0,0.0,0,1,0,0,0,1,0,0,0.0,0.0,0.0,0.0
results\cec\cec2017_restart_summary.csv,PSO-AW,CEC2017-F12,1,0.0,1,0.0,0.0,0.0,1,0.0,0.0,0,1,0,0,0,1,0,0,0.0,0.0,0.0,0.0
results\cec\cec2017_restart_summary.csv,PSO-AW,CEC2017-F13,1,0.0,1,0.0,0.0,0.0,1,0.0,0.0,0,1,0,0,0,1,0,0,0.0,0.0,0.0,0.0
results\cec\cec2017_restart_summary.csv,PSO-AW,CEC2017-F14,1,0.0,1,0.0,0.0,0.0,1,0.0,0.0,0,1,0,0,0,1,0,0,0.0,0.0,0.0,0.0
results\cec\cec2017_restart_summary.csv,PSO-AW,CEC2017-F15,1,0.0,1,0.0,0.0,0.0,1,0.0,0.0,0,1,0,0,0,1,0,0,0.0,0.0,0.0,0.0
results\cec\cec2017_restart_summary.csv,PSO-AW,CEC2017-F16,1,0.0,1,0.0,0.0,0.0,1,0.0,0.0,0,1,0,0,0,1,0,0,0.0,0.0,0.0,0.0
results\cec\cec2017_restart_summary.csv,PSO-AW,CEC2017-F17,1,0.0,1,0.0,0.0,0.0,1,0.0,0.0,0,1,0,0,0,1,0,0,0.0,0.0,0.0,0.0
results\cec\cec2017_restart_summary.csv,PSO-AW,CEC2017-F18,1,0.0,1,0.0,0.0,0.0,1,0.0,0.0,0,1,0,0,0,1,0,0,0.0,0.0,0.0,0.0
results\cec\cec2017_restart_summary.csv,PSO-AW,CEC2017-F19,1,0.0,1,0.0,0.0,0.0,1,0.0,0.0,0,1,0,0,0,1,0,0,0.0,0.0,0.0,0.0
results\cec\cec2017_restart_summary.csv,PSO-AW,CEC2017-F20,1,0.0,1,0.0,0.0,0.0,1,0.0,0.0,0,1,0,0,0,1,0,0,0.0,0.0,0.0,0.0
results\cec\cec2017_restart_summary.csv,PSO-AW,CEC2017-F21,1,0.0,1,0.0,0.0,0.0,1,0.0,0.0,0,1,0,0,0,1,0,0,0.0,0.0,0.0,0.0
results\cec\cec2017_restart_summary.csv,PSO-AW,CEC2017-F22,1,0.0,1,0.0,0.0,0.0,1,0.0,0.0,0,1,0,0,0,1,0,0,0.0,0.0,0.0,0.0
results\cec\cec2017_restart_summary.csv,PSO-AW,CEC2017-F23,1,0.0,1,0.0,0.0,0.0,1,0.0,0.0,0,1,0,0,0,1,0,0,0.0,0.0,0.0,0.0
results\cec\cec2017_restart_summary.csv,PSO-AW,CEC2017-F24,1,0.0,1,0.0,0.0,0.0,1,0.0,0.0,0,1,0,0,0,1,0,0,0.0,0.0,0.0,0.0
results\cec\cec2017_restart_summary.csv,PSO-AW,CEC2017-F25,1,0.0,1,0.0,0.0,0.0,1,0.0,0.0,0,1,0,0,0,1,0,0,0.0,0.0,0.0,0.0
results\cec\cec2017_restart_summary.csv,PSO-AW,CEC2017-F26,1,0.0,1,0.0,0.0,0.0,1,0.0,0.0,0,1,0,0,0,1,0,0,0.0,0.0,0.0,0.0
results\cec\cec2017_restart_summary.csv,PSO-AW,CEC2017-F27,1,0.0,1,0.0,0.0,0.0,1,0.0,0.0,0,1,0,0,0,1,0,0,0.0,0.0,0.0,0.0
results\cec\cec2017_restart_summary.csv,PSO-AW,CEC2017-F28,1,0.0,1,0.0,0.0,0.0,1,0.0,0.0,0,1,0,0,0,1,0,0,0.0,0.0,0.0,0.0
results\cec\cec2017_restart_summary.csv,PSO-AW,CEC2017-F29,1,0.0,1,0.0,0.0,0.0,1,0.0,0.0,0,1,0,0,0,1,0,0,0.0,0.0,0.0,0.0
results\cec\cec2017_restart_summary.csv,PSO-AW,CEC2017-F3,1,0.0,1,0.0,0.0,0.0,1,0.0,0.0,0,1,0,0,0,1,0,0,0.0,0.0,0.0,0.0
results\cec\cec2017_restart_summary.csv,PSO-AW,CEC2017-F30,1,0.0,1,0.0,0.0,0.0,1,0.0,0.0,0,1,0,0,0,1,0,0,0.0,0.0,0.0,0.0
results\cec\cec2017_restart_summary.csv,PSO-AW,CEC2017-F4,1,0.0,1,0.0,0.0,0.0,1,0.0,0.0,0,1,0,0,0,1,0,0,0.0,0.0,0.0,0.0
results\cec\cec2017_restart_summary.csv,PSO-AW,CEC2017-F5,1,0.0,1,0.0,0.0,0.0,1,0.0,0.0,0,1,0,0,0,1,0,0,0.0,0.0,0.0,0.0
results\cec\cec2017_restart_summary.csv,PSO-AW,CEC2017-F6,1,0.0,1,0.0,0.0,0.0,1,0.0,0.0,0,1,0,0,0,1,0,0,0.0,0.0,0.0,0.0
results\cec\cec2017_restart_summary.csv,PSO-AW,CEC2017-F7,1,0.0,1,0.0,0.0,0.0,1,0.0,0.0,0,1,0,0,0,1,0,0,0.0,0.0,0.0,0.0
results\cec\cec2017_restart_summary.csv,PSO-AW,CEC2017-F8,1,0.0,1,0.0,0.0,0.0,1,0.0,0.0,0,1,0,0,0,1,0,0,0.0,0.0,0.0,0.0
results\cec\cec2017_restart_summary.csv,PSO-AW,CEC2017-F9,1,0.0,1,0.0,0.0,0.0,1,0.0,0.0,0,1,0,0,0,1,0,0,0.0,0.0,0.0,0.0
results\cec\cec2017_restart_summary.csv,PSO-RS,CEC2017-F1,1,3.7666666666666666,1,3.7666666666666666,3.7666666666666666,1.9061304607327727,1,1.9061304607327727,1.9061304607327727,8,1,8,8,1,1,1,1,3.7666666666666666,1.9061304607327727,8.0,1.0
results\cec\cec2017_restart_summary.csv,PSO-RS,CEC2017-F10,1,8.833333333333334,1,8.833333333333334,8.833333333333334,4.235183775138383,1,4.235183775138383,4.235183775138383,20,1,20,20,2,1,2,2,8.833333333333334,4.235183775138383,20.0,2.0
results\cec\cec2017_restart_summary.csv,PSO-RS,CEC2017-F11,1,8.733333333333333,1,8.733333333333333,8.733333333333333,4.494696747342885,1,4.494696747342885,4.494696747342885,21,1,21,21,2,1,2,2,8.733333333333333,4.494696747342885,21.0,2.0
results\cec\cec2017_restart_summary.csv,PSO-RS,CEC2017-F12,1,9.9,1,9.9,9.9,4.428356899300937,1,4.428356899300937,4.428356899300937,20,1,20,20,3,1,3,3,9.9,4.428356899300937,20.0,3.0
results\cec\cec2017_restart_summary.csv,PSO-RS,CEC2017-F13,1,6.366666666666666,1,6.366666666666666,6.366666666666666,4.8243872816843965,1,4.8243872816843965,4.8243872816843965,25,1,25,25,1,1,1,1,6.366666666666666,4.8243872816843965,25.0,1.0
results\cec\cec2017_restart_summary.csv,PSO-RS,CEC2017-F14,1,16.233333333333334,1,16.233333333333334,16.233333333333334,5.424613975354301,1,5.424613975354301,5.424613975354301,29,1,29,29,7,1,7,7,16.233333333333334,5.424613975354301,29.0,7.0
results\cec\cec2017_restart_summary.csv,PSO-RS,CEC2017-F15,1,8.866666666666667,1,8.866666666666667,8.866666666666667,5.450297893366636,1,5.450297893366636,5.450297893366636,21,1,21,21,0,1,0,0,8.866666666666667,5.450297893366636,21.0,0.0
results\cec\cec2017_restart_summary.csv,PSO-RS,CEC2017-F16,1,8.3,1,8.3,8.3,8.906216348998738,1,8.906216348998738,8.906216348998738,31,1,31,31,0,1,0,0,8.3,8.906216348998738,31.0,0.0
results\cec\cec2017_restart_summary.csv,PSO-RS,CEC2017-F17,1,11.266666666666667,1,11.266666666666667,11.266666666666667,4.630731924968184,1,4.630731924968184,4.630731924968184,20,1,20,20,4,1,4,4,11.266666666666667,4.630731924968184,20.0,4.0
results\cec\cec2017_restart_summary.csv,PSO-RS,CEC2017-F18,1,14.966666666666669,1,14.966666666666669,14.966666666666669,2.809875851145488,1,2.809875851145488,2.809875851145488,20,1,20,20,10,1,10,10,14.966666666666669,2.809875851145488,20.0,10.0
results\cec\cec2017_restart_summary.csv,PSO-RS,CEC2017-F19,1,12.566666666666666,1,12.566666666666666,12.566666666666666,9.644306282888412,1,9.644306282888412,9.644306282888412,34,1,34,34,0,1,0,0,12.566666666666666,9.644306282888412,34.0,0.0
results\cec\cec2017_restart_summary.csv,PSO-RS,CEC2017-F20,1,20.0,1,20.0,20.0,6.802636405759572,1,6.802636405759572,6.802636405759572,31,1,31,31,6,1,6,6,20.0,6.802636405759572,31.0,6.0
results\cec\cec2017_restart_summary.csv,PSO-RS,CEC2017-F21,1,12.633333333333333,1,12.633333333333333,12.633333333333333,10.246894679595016,1,10.246894679595016,10.246894679595016,33,1,33,33,1,1,1,1,12.633333333333333,10.246894679595016,33.0,1.0
results\cec\cec2017_restart_summary.csv,PSO-RS,CEC2017-F22,1,3.3666666666666667,1,3.3666666666666667,3.3666666666666667,2.67147554905438,1,2.67147554905438,2.67147554905438,9,1,9,9,0,1,0,0,3.3666666666666667,2.67147554905438,9.0,0.0
results\cec\cec2017_restart_summary.csv,PSO-RS,CEC2017-F23,1,5.3,1,5.3,5.3,5.82592304363393,1,5.82592304363393,5.82592304363393,24,1,24,24,1,1,1,1,5.3,5.82592304363393,24.0,1.0
results\cec\cec2017_restart_summary.csv,PSO-RS,CEC2017-F24,1,3.7666666666666666,1,3.7666666666666666,3.7666666666666666,5.587444874885573,1,5.587444874885573,5.587444874885573,32,1,32,32,1,1,1,1,3.7666666666666666,5.587444874885573,32.0,1.0
results\cec\cec2017_restart_summary.csv,PSO-RS,CEC2017-F25,1,5.8,1,5.8,5.8,2.412610547761991,1,2.412610547761991,2.412610547761991,11,1,11,11,0,1,0,0,5.8,2.412610547761991,11.0,0.0
results\cec\cec2017_restart_summary.csv,PSO-RS,CEC2017-F26,1,8.5,1,8.5,8.5,6.996304443209213,1,6.996304443209213,6.996304443209213,26,1,26,26,2,1,2,2,8.5,6.996304443209213,26.0,2.0
results\cec\cec2017_restart_summary.csv,PSO-RS,CEC2017-F27,1,8.466666666666667,1,8.466666666666667,8.466666666666667,6.616246114200873,1,6.616246114200873,6.616246114200873,28,1,28,28,1,1,1,1,8.466666666666667,6.616246114200873,28.0,1.0
results\cec\cec2017_restart_summary.csv,PSO-RS,CEC2017-F28,1,2.466666666666667,1,2.466666666666667,2.466666666666667,1.5477087254553343,1,1.5477087254553343,1.5477087254553343,7,1,7,7,1,1,1,1,2.466666666666667,1.5477087254553343,7.0,1.0
results\cec\cec2017_restart_summary.csv,PSO-RS,CEC2017-F29,1,5.0,1,5.0,5.0,3.311422238461793,1,3.311422238461793,3.311422238461793,15,1,15,15,1,1,1,1,5.0,3.311422238461793,15.0,1.0
results\cec\cec2017_restart_summary.csv,PSO-RS,CEC2017-F3,1,5.733333333333333,1,5.733333333333333,5.733333333333333,2.5721765013355884,1,2.5721765013355884,2.5721765013355884,10,1,10,10,0,1,0,0,5.733333333333333,2.5721765013355884,10.0,0.0
results\cec\cec2017_restart_summary.csv,PSO-RS,CEC2017-F30,1,5.566666666666666,1,5.566666666666666,5.566666666666666,5.599774215481176,1,5.599774215481176,5.599774215481176,32,1,32,32,0,1,0,0,5.566666666666666,5.599774215481176,32.0,0.0
results\cec\cec2017_restart_summary.csv,PSO-RS,CEC2017-F4,1,2.7666666666666666,1,2.7666666666666666,2.7666666666666666,1.8323403789601471,1,1.8323403789601471,1.8323403789601471,7,1,7,7,0,1,0,0,2.7666666666666666,1.8323403789601471,7.0,0.0
results\cec\cec2017_restart_summary.csv,PSO-RS,CEC2017-F5,1,16.9,1,16.9,16.9,8.774374916335283,1,8.774374916335283,8.774374916335283,34,1,34,34,2,1,2,2,16.9,8.774374916335283,34.0,2.0
results\cec\cec2017_restart_summary.csv,PSO-RS,CEC2017-F6,1,8.7,1,8.7,8.7,3.1529952918367683,1,3.1529952918367683,3.1529952918367683,16,1,16,16,4,1,4,4,8.7,3.1529952918367683,16.0,4.0
results\cec\cec2017_restart_summary.csv,PSO-RS,CEC2017-F7,1,8.833333333333334,1,8.833333333333334,8.833333333333334,5.742060986076001,1,5.742060986076001,5.742060986076001,25,1,25,25,1,1,1,1,8.833333333333334,5.742060986076001,25.0,1.0
results\cec\cec2017_restart_summary.csv,PSO-RS,CEC2017-F8,1,19.133333333333333,1,19.133333333333333,19.133333333333333,5.076880207733699,1,5.076880207733699,5.076880207733699,26,1,26,26,8,1,8,8,19.133333333333333,5.076880207733699,26.0,8.0
results\cec\cec2017_restart_summary.csv,PSO-RS,CEC2017-F9,1,6.6,1,6.6,6.6,3.244092774726777,1,3.244092774726777,3.244092774726777,15,1,15,15,1,1,1,1,6.6,3.244092774726777,15.0,1.0
