source_file,Algorithm,FunctionID,Function,__rows,BestFitness__sum,BestFitness__count,BestFitness__min,BestFitness__max,BestError__sum,BestError__count,BestError__min,BestError__max,RestartCount__sum,RestartCount__count,RestartCount__min,RestartCount__max,RestartedParticlesTotal__sum,RestartedParticlesTotal__count,RestartedParticlesTotal__min,RestartedParticlesTotal__max,Runtime__sum,Runtime__count,Runtime__min,Runtime__max,FEs__sum,FEs__count,FEs__min,FEs__max,BestFitness__mean,BestError__mean,RestartCount__mean,RestartedParticlesTotal__mean,Runtime__mean,FEs__mean
results\cec2017_ablation6\ablation6_raw_results.csv,ARPSO-EIS,1,F1,30,2297970.3672032896,30,175.61243834689847,1380920.3896917887,2294970.3672032896,30,75.61243834689847,1380820.3896917887,72047,30,2326,2478,461698,30,14975,15865,271.53795051574707,30,8.120620965957642,10.33489227294922,9000000,30,300000,300000,76599.01224010966,76499.01224010966,2401.5666666666666,15389.933333333332,9.05126501719157,300000.0
results\cec2017_ablation6\ablation6_raw_results.csv,ARPSO-EIS,3,F3,30,10326.984166910974,30,331.81267378163903,406.69377965309377,1326.9841669109733,30,31.812673781639035,106.69377965309376,63058,30,2029,2176,411847,30,13314,14241,477.1946151256561,30,11.94772243499756,20.164860486984253,9000000,30,300000,300000,344.2328055636991,44.23280556369911,2101.9333333333334,13728.233333333334,15.906487170855204,300000.0
results\cec2017_ablation6\ablation6_raw_results.csv,ARPSO-EIS,4,F4,30,17162.96034717633,30,488.5512982436314,697.0588105078566,5162.960347176328,30,88.55129824363144,297.0588105078566,69013,30,2234,2366,442782,30,14383,15154,348.1169345378876,30,10.754900693893433,13.688933610916138,9000000,30,300000,300000,572.0986782392109,172.09867823921093,2300.4333333333334,14759.4,11.603897817929585,300000.0
results\cec2017_ablation6\ablation6_raw_results.csv,ARPSO-EIS,5,F5,30,15000.003006742993,30,500.0000001012833,500.0005798542544,0.003006742991714948,30,1.0128331950909343e-07,0.0005798542543971,75513,30,2034,2944,519387,30,13612,20280,1927.6576282978058,30,55.85509896278381,74.03892803192139,9000000,30,300000,300000,500.0001002247664,0.00010022476639049827,2517.1,17312.9,64.25525427659353,300000.0
results\cec2017_ablation6\ablation6_raw_results.csv,ARPSO-EIS,6,F6,30,27481.67322080029,30,701.4313950242652,1179.2290177623042,9481.67322080029,30,101.43139502426516,579.2290177623042,67887,30,2212,2347,439858,30,14306,15336,682.8721420764923,30,20.791961431503296,27.249945163726807,9000000,30,300000,300000,916.0557740266763,316.0557740266764,2262.9,14661.933333333332,22.762404735883077,300000.0
results\cec2017_ablation6\ablation6_raw_results.csv,ARPSO-EIS,7,F7,30,25870.513977158244,30,792.0,974.0,4870.5139771582435,30,92.0,274.0,61939,30,1797,2287,426709,30,12873,15596,1191.6981990337372,30,36.7444314956665,46.40849804878235,9000000,30,300000,300000,862.3504659052747,162.35046590527477,2064.633333333333,14223.633333333333,39.72327330112457,300000.0
results\cec2017_ablation6\ablation6_raw_results.csv,ARPSO-EIS,8,F8,30,24093.895020495092,30,800.1792084024084,815.4793563433602,93.89502049509326,30,0.1792084024084488,15.479356343360225,70542,30,2162,2636,461017,30,14400,17484,753.8252303600311,30,21.533997774124146,31.4423770904541,9000000,30,300000,300000,803.1298340165031,3.129834016503109,2351.4,15367.233333333334,25.127507678667705,300000.0
results\cec2017_ablation6\ablation6_raw_results.csv,ARPSO-EIS,9,F9,30,-93792.42737699243,30,-6118.82705377616,-136.07547233895457,0.0,30,0.0,0.0,37747,30,1053,1488,224024,30,6114,9150,1279.8044137954712,30,37.18469548225403,54.97126507759094,9000000,30,300000,300000,-3126.4142458997476,0.0,1258.2333333333333,7467.466666666666,42.6601471265157,300000.0
results\cec2017_ablation6\ablation6_raw_results.csv,ARPSO-EIS,10,F10,30,803942.3377746539,30,1765.6570430508075,147529.79624306242,773942.3377746539,30,765.6570430508077,146529.79624306242,50278,30,1220,1833,310862,30,7884,11226,843.4300272464752,30,25.05991578102112,34.17703604698181,9000000,30,300000,300000,26798.0779258218,25798.0779258218,1675.9333333333334,10362.066666666668,28.114334241549173,300000.0
results\cec2017_ablation6\ablation6_raw_results.csv,ARPSO-EIS,11,F11,30,118804036.67357495,30,18126.089957345088,22781091.36842298,118771036.67357495,30,17026.089957345088,22779991.36842298,63295,30,1975,2278,429073,30,13350,15428,1335.1974465847015,30,42.04233169555664,46.325664043426514,9000000,30,300000,300000,3960134.555785832,3959034.555785832,2109.8333333333335,14302.433333333332,44.506581552823384,300000.0
results\cec2017_ablation6\ablation6_raw_results.csv,ARPSO-EIS,12,F12,30,9481589.599839466,30,47888.886044588944,2617537.292868452,9445589.599839466,30,46688.886044588944,2616337.292868452,62822,30,1952,2243,417798,30,13020,15009,947.1476652622223,30,27.968448877334595,36.72241950035095,9000000,30,300000,300000,316052.98666131555,314852.98666131555,2094.0666666666666,13926.6,31.571588842074075,300000.0
results\cec2017_ablation6\ablation6_raw_results.csv,ARPSO-EIS,13,F13,30,2904506.547116619,30,12411.132229893194,181306.33497451936,2865506.547116619,30,11111.132229893194,180006.33497451938,43644,30,941,1636,256861,30,5396,9609,1116.388661146164,30,35.389975786209106,40.64066100120544,9000000,30,300000,300000,96816.8849038873,95516.8849038873,1454.8,8562.033333333333,37.2129553715388,300000.0
results\cec2017_ablation6\ablation6_raw_results.csv,ARPSO-EIS,14,F14,30,4703416.186318137,30,22757.21844100805,1288008.310220668,4661416.186318137,30,21357.21844100805,1286608.310220668,62293,30,1943,2243,406168,30,12818,14718,953.0313010215759,30,29.168053150177,36.58095598220825,9000000,30,300000,300000,156780.5395439379,155380.5395439379,2076.4333333333334,13538.933333333332,31.76771003405253,300000.0
results\cec2017_ablation6\ablation6_raw_results.csv,ARPSO-EIS,15,F15,30,144226.1584852453,30,939.3056879537586,35374.90915010461,100451.74608035941,30,0.0,33874.90915010461,49765,30,1107,1921,325862,30,7750,12249,2927.973259449005,30,92.75660705566406,110.58009028434752,9000000,30,300000,300000,4807.538616174844,3348.3915360119804,1658.8333333333333,10862.066666666668,97.59910864830017,300000.0
results\cec2017_ablation6\ablation6_raw_results.csv,ARPSO-EIS,16,F16,30,84400.63663484821,30,1839.8336476328109,3797.287049873171,36400.636634848204,30,239.83364763281065,2197.287049873171,48822,30,597,1932,309934,30,4208,12638,10367.762692213058,30,330.1616489887237,363.0063359737396,9000000,30,300000,300000,2813.35455449494,1213.3545544949402,1627.4,10331.133333333333,345.59208974043526,300000.0
results\cec2017_ablation6\ablation6_raw_results.csv,ARPSO-EIS,17,F17,30,1456650.858552998,30,13071.973480944136,94766.30388555964,1405650.858552998,30,11371.973480944136,93066.30388555964,44657,30,950,1705,263825,30,5871,10178,1232.6045365333557,30,36.0176055431366,47.36465930938721,9000000,30,300000,300000,48555.028618433265,46855.028618433265,1488.5666666666666,8794.166666666666,41.08681788444519,300000.0
results\cec2017_ablation6\ablation6_raw_results.csv,ARPSO-EIS,18,F18,30,2688524.65839824,30,12832.533859296736,220982.0885308491,2634524.65839824,30,11032.533859296736,219182.0885308491,55519,30,1642,2076,346748,30,10345,13435,5030.401813745499,30,164.34556341171265,178.4459490776062,9000000,30,300000,300000,89617.48861327466,87817.48861327466,1850.6333333333334,11558.266666666666,167.68006045818328,300000.0
results\cec2017_ablation6\ablation6_raw_results.csv,ARPSO-EIS,19,F19,30,55796.42082593129,30,1477.5505842299435,2272.4443059075893,1993.7730453836941,30,0.0,372.4443059075893,52554,30,1331,2032,326200,30,7984,13033,8953.629812955856,30,294.2142014503479,306.2690942287445,9000000,30,300000,300000,1859.8806941977095,66.4591015127898,1751.8,10873.333333333334,298.45432709852855,300000.0
results\cec2017_ablation6\ablation6_raw_results.csv,ARPSO-EIS,20,F20,30,69241.18964108278,30,2100.009544278468,2597.584382810963,9241.189641082774,30,100.00954427846771,597.5843828109628,71598,30,2290,2510,454495,30,14450,15741,1585.7477042675018,30,49.30540537834168,60.212029218673706,9000000,30,300000,300000,2308.039654702759,308.03965470275915,2386.6,15149.833333333334,52.85825680891673,300000.0
results\cec2017_ablation6\ablation6_raw_results.csv,ARPSO-EIS,21,F21,30,-58918.36007176432,30,-4484.380945763046,726.0463367433297,0.0,30,0.0,0.0,55445,30,1706,2032,363473,30,10996,13291,2154.775832414627,30,70.52897262573242,77.46431088447571,9000000,30,300000,300000,-1963.9453357254774,0.0,1848.1666666666667,12115.766666666666,71.82586108048757,300000.0
results\cec2017_ablation6\ablation6_raw_results.csv,ARPSO-EIS,22,F22,30,76123.68061791055,30,2400.000650072615,3371.596525472104,10123.680617910553,30,200.0006500726149,1171.596525472104,70416,30,2161,2585,459295,30,13810,17225,2668.304722547531,30,82.88290119171143,102.06894183158876,9000000,30,300000,300000,2537.4560205970183,337.45602059701844,2347.2,15309.833333333334,88.94349075158438,300000.0
results\cec2017_ablation6\ablation6_raw_results.csv,ARPSO-EIS,23,F23,30,77764.66797642612,30,2500.0041914808253,2914.316600105813,8764.667976426123,30,200.00419148082528,614.3166001058134,72982,30,2324,2556,472064,30,14736,16977,1917.9018392562866,30,61.71341943740845,74.18220472335815,9000000,30,300000,300000,2592.155599214204,292.1555992142041,2432.733333333333,15735.466666666667,63.93006130854289,300000.0
results\cec2017_ablation6\ablation6_raw_results.csv,ARPSO-EIS,24,F24,30,85125.64033994424,30,2820.984375494614,2913.6172758692583,13125.64033994424,30,420.9843754946141,513.6172758692583,64322,30,2079,2208,419269,30,13540,14650,2302.2766468524933,30,72.5688910484314,85.61375141143799,9000000,30,300000,300000,2837.5213446648077,437.521344664808,2144.0666666666666,13975.633333333333,76.7425548950831,300000.0
results\cec2017_ablation6\ablation6_raw_results.csv,ARPSO-EIS,25,F25,30,100258.06929822979,30,3326.898945895939,3375.070276913196,25258.06929822979,30,826.898945895939,875.0702769131958,77345,30,2409,2679,523832,30,15773,18531,9364.527603387833,30,303.79577803611755,333.57347345352173,9000000,30,300000,300000,3341.9356432743266,841.9356432743264,2578.1666666666665,17461.066666666666,312.15092011292774,300000.0
results\cec2017_ablation6\ablation6_raw_results.csv,ARPSO-EIS,26,F26,30,93882.90083909567,30,3087.1860382461846,3200.8031256709146,15882.900839095671,30,487.1860382461846,600.8031256709146,77113,30,2151,2704,526211,30,14448,18894,9523.918928861618,30,315.5755226612091,319.487051486969,9000000,30,300000,300000,3129.430027969856,529.4300279698557,2570.4333333333334,17540.366666666665,317.46396429538726,300000.0
results\cec2017_ablation6\ablation6_raw_results.csv,ARPSO-EIS,27,F27,30,83525.27531255157,30,2700.021560464282,3174.735057641355,2525.2753125515706,30,0.0215604642821745,474.7350576413551,67177,30,2063,2467,433698,30,13667,15550,9163.099957704544,30,297.0508279800415,329.0703082084656,9000000,30,300000,300000,2784.175843751719,84.17584375171901,2239.233333333333,14456.6,305.4366652568181,300000.0
results\cec2017_ablation6\ablation6_raw_results.csv,ARPSO-EIS,28,F28,30,531134.3622864144,30,6371.267180526523,60108.827909659485,447134.36228641437,30,3571.2671805265227,57308.827909659485,56437,30,1642,2274,358297,30,10492,14710,13518.216106176376,30,436.781905412674,485.8862237930298,9000000,30,300000,300000,17704.478742880478,14904.47874288048,1881.2333333333333,11943.233333333334,450.60720353921255,300000.0
results\cec2017_ablation6\ablation6_raw_results.csv,ARPSO-EIS,29,F29,30,130767201.75793202,30,33338.46431428744,71317147.33300662,130680201.75793202,30,30438.46431428744,71314247.33300662,56179,30,1701,2101,358431,30,10577,14009,7458.697393417358,30,222.4132227897644,256.4669427871704,9000000,30,300000,300000,4358906.725264401,4356006.725264401,1872.6333333333334,11947.7,248.6232464472453,300000.0
results\cec2017_ablation6\ablation6_raw_results.csv,ARPSO-Fixed,1,F1,30,277083.04037950916,30,103.42950965914268,20941.76721741244,274083.04037950916,30,3.429509659142681,20841.76721741244,52894,30,1734,1796,528940,30,17340,17960,211.47526955604553,30,6.4461829662323,7.720958471298218,9000000,30,300000,300000,9236.101345983638,9136.101345983638,1763.1333333333334,17631.333333333332,7.049175651868184,300000.0
results\cec2017_ablation6\ablation6_raw_results.csv,ARPSO-Fixed,3,F3,30,10309.716845217157,30,331.8136333640154,407.05877470677376,1309.7168452171566,30,31.8136333640154,107.05877470677376,50195,30,1629,1708,501950,30,16290,17080,393.67825269699097,30,12.07003402709961,14.441120386123655,9000000,30,300000,300000,343.65722817390525,43.65722817390522,1673.1666666666667,16731.666666666668,13.122608423233032,300000.0
results\cec2017_ablation6\ablation6_raw_results.csv,ARPSO-Fixed,4,F4,30,16702.863458269305,30,501.4852874128672,609.1487706980449,4702.863458269306,30,101.48528741286714,209.14877069804493,50827,30,1660,1725,508270,30,16600,17250,316.3402199745178,30,9.52087950706482,12.28003716468811,9000000,30,300000,300000,556.7621152756435,156.76211527564354,1694.2333333333333,16942.333333333332,10.544673999150595,300000.0
results\cec2017_ablation6\ablation6_raw_results.csv,ARPSO-Fixed,5,F5,30,15000.004338706578,30,500.00000000943743,500.0012817006714,0.004338706578152668,30,9.43742861636565e-09,0.0012817006714271,48524,30,1505,1685,485240,30,15050,16850,1825.1059424877167,30,55.15015006065369,66.65992879867554,9000000,30,300000,300000,500.0001446235526,0.0001446235526050889,1617.4666666666667,16174.666666666666,60.83686474959055,300000.0
results\cec2017_ablation6\ablation6_raw_results.csv,ARPSO-Fixed,6,F6,30,25090.534208866527,30,730.44944319567,990.9745049104262,7090.5342088665275,30,130.44944319567003,390.97450491042616,50215,30,1650,1695,502150,30,16500,16950,687.2822844982147,30,17.90560030937195,29.542861700057983,9000000,30,300000,300000,836.3511402955509,236.35114029555092,1673.8333333333333,16738.333333333332,22.909409483273823,300000.0
results\cec2017_ablation6\ablation6_raw_results.csv,ARPSO-Fixed,7,F7,30,26396.001766509926,30,804.0,1064.001766509925,5396.001766509925,30,104.0,364.0017665099247,57747,30,1614,2161,577470,30,16140,21610,1301.9601066112518,30,37.30720734596253,48.88514804840088,9000000,30,300000,300000,879.8667255503309,179.86672555033084,1924.9,19249.0,43.39867022037506,300000.0
results\cec2017_ablation6\ablation6_raw_results.csv,ARPSO-Fixed,8,F8,30,24063.798830861564,30,800.0000000016382,807.5065513871469,63.79883086156417,30,1.638227331568487e-09,7.506551387146942,51579,30,1660,1771,515790,30,16600,17710,592.4927949905396,30,17.730749368667603,23.331563711166385,9000000,30,300000,300000,802.1266276953854,2.1266276953854724,1719.3,17193.0,19.749759833017986,300000.0
results\cec2017_ablation6\ablation6_raw_results.csv,ARPSO-Fixed,9,F9,30,-79469.77275222362,30,-5391.626111602844,-999.7426388386612,0.0,30,0.0,0.0,51145,30,1430,2097,511450,30,14300,20970,1217.5060110092163,30,36.56910490989685,48.09915709495544,9000000,30,300000,300000,-2648.992425074121,0.0,1704.8333333333333,17048.333333333332,40.58353370030721,300000.0
results\cec2017_ablation6\ablation6_raw_results.csv,ARPSO-Fixed,10,F10,30,775704.5166937512,30,1777.0829850556893,75259.31305823359,745704.5166937512,30,777.0829850556893,74259.31305823359,40773,30,1228,1622,407730,30,12280,16220,794.1559145450592,30,23.945762634277344,32.46181321144104,9000000,30,300000,300000,25856.81722312504,24856.81722312504,1359.1,13591.0,26.47186381816864,300000.0
results\cec2017_ablation6\ablation6_raw_results.csv,ARPSO-Fixed,11,F11,30,167614917.430085,30,14878.357911881958,52804810.155879386,167581917.430085,30,13778.357911881958,52803710.155879386,51539,30,1651,1853,515390,30,16510,18530,1659.7914946079254,30,45.02992129325867,67.22786736488342,9000000,30,300000,300000,5587163.914336166,5586063.914336166,1717.9666666666667,17179.666666666668,55.32638315359751,300000.0
results\cec2017_ablation6\ablation6_raw_results.csv,ARPSO-Fixed,12,F12,30,6695187.483336166,30,12173.613001777408,636662.8139304927,6659187.483336166,30,10973.613001777408,635462.8139304927,51607,30,1610,1900,516070,30,16100,19000,853.7173757553101,30,27.165361881256104,33.51727080345154,9000000,30,300000,300000,223172.91611120553,221972.91611120553,1720.2333333333333,17202.333333333332,28.457245858510337,300000.0
results\cec2017_ablation6\ablation6_raw_results.csv,ARPSO-Fixed,13,F13,30,3083227.3584449044,30,10435.093228604914,246137.06544073025,3044227.3584449044,30,9135.093228604914,244837.06544073025,32234,30,863,1333,322340,30,8630,13330,1101.5509433746338,30,34.524131774902344,42.17475438117981,9000000,30,300000,300000,102774.24528149681,101474.24528149681,1074.4666666666667,10744.666666666666,36.71836477915446,300000.0
results\cec2017_ablation6\ablation6_raw_results.csv,ARPSO-Fixed,14,F14,30,6760421.8233992625,30,38071.13071230796,1712148.313394724,6718421.8233992625,30,36671.13071230796,1710748.313394724,50565,30,1578,1841,505650,30,15780,18410,892.67924451828,30,27.41930294036865,33.63722348213196,9000000,30,300000,300000,225347.39411330875,223947.39411330875,1685.5,16855.0,29.755974817276,300000.0
results\cec2017_ablation6\ablation6_raw_results.csv,ARPSO-Fixed,15,F15,30,187026.22676644314,30,1423.3268497109236,81610.15227657264,142102.89991673222,30,0.0,80110.15227657264,42652,30,981,1607,426520,30,9810,16070,2818.604527950287,30,91.4910032749176,95.63223671913148,9000000,30,300000,300000,6234.207558881438,4736.763330557741,1421.7333333333333,14217.333333333334,93.95348426500956,300000.0
results\cec2017_ablation6\ablation6_raw_results.csv,ARPSO-Fixed,16,F16,30,85667.28285700899,30,1643.663359249438,3989.5840288327936,37667.282857009,30,43.66335924943815,2389.5840288327936,42036,30,1098,1757,420360,30,10980,17570,9110.174877166748,30,296.7185971736908,318.53399991989136,9000000,30,300000,300000,2855.576095233633,1255.5760952336334,1401.2,14012.0,303.67249590555826,300000.0
results\cec2017_ablation6\ablation6_raw_results.csv,ARPSO-Fixed,17,F17,30,1808720.939917413,30,16604.066673881556,121694.03644785784,1757720.939917413,30,14904.066673881556,119994.03644785784,35928,30,1108,1298,359280,30,11080,12980,1166.7028563022614,30,36.09551692008972,50.105700731277466,9000000,30,300000,300000,60290.6979972471,58590.6979972471,1197.6,11976.0,38.89009521007538,300000.0
results\cec2017_ablation6\ablation6_raw_results.csv,ARPSO-Fixed,18,F18,30,2291008.0215010666,30,2094.0000346981,260441.07016555185,2237008.0215010666,30,294.0000346981001,258641.07016555185,44066,30,1304,1573,440660,30,13040,15730,5062.122922897339,30,164.88971424102783,184.9133701324463,9000000,30,300000,300000,76366.93405003556,74566.93405003556,1468.8666666666666,14688.666666666666,168.73743076324462,300000.0
results\cec2017_ablation6\ablation6_raw_results.csv,ARPSO-Fixed,19,F19,30,57777.202765597125,30,1527.3433014548505,2704.172694465201,3726.7581186748316,30,0.0,804.172694465201,40085,30,1096,1695,400850,30,10960,16950,9292.91710305214,30,302.26837706565857,326.9729549884796,9000000,30,300000,300000,1925.9067588532375,124.22527062249439,1336.1666666666667,13361.666666666666,309.7639034350713,300000.0
results\cec2017_ablation6\ablation6_raw_results.csv,ARPSO-Fixed,20,F20,30,69462.00514786456,30,2100.0011278940888,3097.0928881283407,9462.005147864558,30,100.00112789408875,1097.0928881283407,52492,30,1695,1803,524920,30,16950,18030,1505.5204882621765,30,48.05384349822998,56.96475148200989,9000000,30,300000,300000,2315.4001715954855,315.4001715954853,1749.7333333333333,17497.333333333332,50.18401627540588,300000.0
results\cec2017_ablation6\ablation6_raw_results.csv,ARPSO-Fixed,21,F21,30,-73540.87804534515,30,-7508.313110370747,2199.479339752216,99.47933975221576,30,0.0,99.47933975221576,48999,30,1554,1747,489990,30,15540,17470,2211.2816064357758,30,68.85455346107483,86.22025060653687,9000000,30,300000,300000,-2451.362601511505,3.3159779917405254,1633.3,16333.0,73.70938688119253,300000.0
results\cec2017_ablation6\ablation6_raw_results.csv,ARPSO-Fixed,22,F22,30,73232.23593450131,30,2300.000194732602,2746.063754878661,7232.235934501312,30,100.0001947326018,546.0637548786608,51785,30,1656,1766,517850,30,16560,17660,2529.918196439743,30,80.78896999359131,98.57444262504578,9000000,30,300000,300000,2441.0745311500436,241.07453115004373,1726.1666666666667,17261.666666666668,84.33060654799144,300000.0
results\cec2017_ablation6\ablation6_raw_results.csv,ARPSO-Fixed,23,F23,30,75678.96758244572,30,2500.0000051301595,2735.9290946369656,6678.96758244573,30,200.00000513015948,435.9290946369656,52847,30,1703,1786,528470,30,17030,17860,1910.19118475914,30,58.82736945152283,73.3527181148529,9000000,30,300000,300000,2522.6322527481907,222.632252748191,1761.5666666666666,17615.666666666668,63.67303949197133,300000.0
results\cec2017_ablation6\ablation6_raw_results.csv,ARPSO-Fixed,24,F24,30,84978.91990635892,30,2821.0602735266443,2932.368150255249,12978.919906358922,30,421.0602735266443,532.368150255249,50168,30,1640,1735,501680,30,16400,17350,2271.424571752548,30,71.30386447906494,86.38034677505493,9000000,30,300000,300000,2832.6306635452975,432.6306635452974,1672.2666666666667,16722.666666666668,75.71415239175161,300000.0
results\cec2017_ablation6\ablation6_raw_results.csv,ARPSO-Fixed,25,F25,30,100261.6826414256,30,3325.969723161994,3375.0706617579112,25261.682641425603,30,825.9697231619939,875.0706617579112,64237,30,1950,2220,642370,30,19500,22200,9118.49261188507,30,299.7512013912201,307.8209505081177,9000000,30,300000,300000,3342.05608804752,842.0560880475201,2141.233333333333,21412.333333333332,303.94975372950233,300000.0
results\cec2017_ablation6\ablation6_raw_results.csv,ARPSO-Fixed,26,F26,30,93627.88235717811,30,3054.9032587203646,3181.128518189886,15627.882357178112,30,454.9032587203647,581.1285181898861,62182,30,1910,2214,621820,30,19100,22140,9550.257011890411,30,311.15404534339905,340.45455265045166,9000000,30,300000,300000,3120.929411905937,520.9294119059371,2072.733333333333,20727.333333333332,318.34190039634706,300000.0
results\cec2017_ablation6\ablation6_raw_results.csv,ARPSO-Fixed,27,F27,30,87533.12700060291,30,2713.186580676126,3194.1470586941773,6533.127000602908,30,13.18658067612614,494.1470586941773,50850,30,1593,1905,508500,30,15930,19050,8977.631722450256,30,292.71734404563904,319.1026644706726,9000000,30,300000,300000,2917.770900020097,217.77090002009695,1695.0,16950.0,299.2543907483419,300000.0
results\cec2017_ablation6\ablation6_raw_results.csv,ARPSO-Fixed,28,F28,30,896697.1295088661,30,5769.351675829919,272222.9927079989,812697.1295088661,30,2969.3516758299197,269422.9927079989,43306,30,1296,1775,433060,30,12960,17750,13155.470699071884,30,433.5572941303253,453.745423078537,9000000,30,300000,300000,29889.904316962205,27089.904316962205,1443.5333333333333,14435.333333333334,438.5156899690628,300000.0
results\cec2017_ablation6\ablation6_raw_results.csv,ARPSO-Fixed,29,F29,30,22075894.220642515,30,19077.582422444444,8381424.070205879,21988894.220642515,30,16177.582422444444,8378524.070205879,44836,30,1401,1638,448360,30,14010,16380,7644.11675620079,30,245.3889489173889,281.14606738090515,9000000,30,300000,300000,735863.1406880838,732963.1406880838,1494.5333333333333,14945.333333333334,254.80389187335967,300000.0
results\cec2017_ablation6\ablation6_raw_results.csv,ARPSO-Global,1,F1,30,323239.1206874417,30,101.94223890125544,103017.47728477066,320239.1206874417,30,1.942238901255436,102917.47728477066,57597,30,1871,1944,401599,30,13056,13671,205.4814965724945,30,6.304215669631958,7.409281253814697,9000000,30,300000,300000,10774.637356248057,10674.637356248057,1919.9,13386.633333333333,6.84938321908315,300000.0
results\cec2017_ablation6\ablation6_raw_results.csv,ARPSO-Global,3,F3,30,11508.269997518537,30,333.32989860691777,880.1523838030728,2508.269997518537,30,33.329898606917766,580.1523838030728,47750,30,1482,1717,338760,30,10720,11595,438.30006861686707,30,12.416247606277466,18.31388282775879,9000000,30,300000,300000,383.60899991728456,83.60899991728456,1591.6666666666667,11292.0,14.610002287228902,300000.0
results\cec2017_ablation6\ablation6_raw_results.csv,ARPSO-Global,4,F4,30,19275.016656750508,30,448.75294312121787,1325.8785154792731,7275.0166567505075,30,48.75294312121787,925.8785154792732,56700,30,1845,1928,385329,30,12580,13110,327.84524488449097,30,9.68369746208191,12.6038920879364,9000000,30,300000,300000,642.5005552250169,242.5005552250169,1890.0,12844.3,10.928174829483032,300000.0
results\cec2017_ablation6\ablation6_raw_results.csv,ARPSO-Global,5,F5,30,15000.002759986166,30,500.000000102123,500.0012322277808,0.002759986165755967,30,1.0212301049250529e-07,0.001232227780747,47576,30,1470,1699,310952,30,9440,11717,1778.4208142757416,30,53.739707469940186,67.1723279953003,9000000,30,300000,300000,500.0000919995389,9.199953885853223e-05,1585.8666666666666,10365.066666666668,59.28069380919138,300000.0
results\cec2017_ablation6\ablation6_raw_results.csv,ARPSO-Global,6,F6,30,38069.774899523836,30,709.3893372006121,14841.268275906084,20069.774899523833,30,109.38933720061208,14241.268275906084,55461,30,1815,1888,383820,30,12634,12945,622.674230337143,30,18.0395781993866,23.5660343170166,9000000,30,300000,300000,1268.9924966507945,668.9924966507945,1848.7,12794.0,20.755807677904766,300000.0
results\cec2017_ablation6\ablation6_raw_results.csv,ARPSO-Global,7,F7,30,25979.22551884972,30,812.0,984.0,4979.225518849717,30,112.0,284.0,45937,30,1452,1613,334761,30,10179,12483,1226.0039722919464,30,36.228134870529175,47.35633230209351,9000000,30,300000,300000,865.9741839616573,165.97418396165725,1531.2333333333333,11158.7,40.866799076398216,300000.0
results\cec2017_ablation6\ablation6_raw_results.csv,ARPSO-Global,8,F8,30,24057.040070851574,30,800.0000001188849,805.6731338373404,57.04007085157207,30,1.1888494100276149e-07,5.673133837340401,55066,30,1720,1895,369006,30,11421,12849,576.2729082107544,30,17.49786877632141,22.899960041046143,9000000,30,300000,300000,801.9013356950525,1.9013356950524023,1835.5333333333333,12300.2,19.20909694035848,300000.0
results\cec2017_ablation6\ablation6_raw_results.csv,ARPSO-Global,9,F9,30,-97947.07476836994,30,-5982.348645206344,-1200.3050494402903,0.0,30,0.0,0.0,36946,30,959,1408,235583,30,5748,9419,1149.6559722423553,30,36.52055025100708,43.041847467422485,9000000,30,300000,300000,-3264.902492278998,0.0,1231.5333333333333,7852.766666666666,38.32186574141185,300000.0
results\cec2017_ablation6\ablation6_raw_results.csv,ARPSO-Global,10,F10,30,1211887.3736139478,30,2690.1983651621917,103174.07524994265,1181887.3736139478,30,1690.1983651621913,102174.07524994265,38089,30,356,1439,244435,30,2030,9479,838.8063814640045,30,24.21286654472351,31.99717378616333,9000000,30,300000,300000,40396.24578713159,39396.24578713159,1269.6333333333334,8147.833333333333,27.960212715466817,300000.0
results\cec2017_ablation6\ablation6_raw_results.csv,ARPSO-Global,11,F11,30,118457977.37514688,30,15938.398623121222,52801448.65780755,118424977.37514688,30,14838.398623121222,52800348.65780755,45693,30,1436,1663,343381,30,10899,12248,1431.9183959960938,30,43.80775666236877,57.501426458358765,9000000,30,300000,300000,3948599.2458382295,3947499.2458382295,1523.1,11446.033333333333,47.730613199869794,300000.0
results\cec2017_ablation6\ablation6_raw_results.csv,ARPSO-Global,12,F12,30,8625095.653916791,30,24254.384108146936,885369.7420427031,8589095.653916791,30,23054.384108146936,884169.7420427031,45166,30,1451,1572,332180,30,10604,11580,874.1573436260223,30,27.14323782920837,33.32298445701599,9000000,30,300000,300000,287503.188463893,286303.188463893,1505.5333333333333,11072.666666666666,29.13857812086741,300000.0
results\cec2017_ablation6\ablation6_raw_results.csv,ARPSO-Global,13,F13,30,3120105.1578097767,30,6574.402345176386,315180.7753142358,3081105.1578097767,30,5274.402345176386,313880.7753142358,27875,30,796,1058,164465,30,4638,6345,1098.4362814426422,30,33.989834785461426,42.2934832572937,9000000,30,300000,300000,104003.5052603259,102703.5052603259,929.1666666666666,5482.166666666667,36.61454271475474,300000.0
results\cec2017_ablation6\ablation6_raw_results.csv,ARPSO-Global,14,F14,30,8140618.140236735,30,49421.55385772449,2483570.282825764,8098618.140236735,30,48021.55385772449,2482170.282825764,44825,30,1417,1589,320035,30,10019,11406,870.026204586029,30,27.324678421020508,34.592063903808594,9000000,30,300000,300000,271353.9380078912,269953.9380078912,1494.1666666666667,10667.833333333334,29.00087348620097,300000.0
results\cec2017_ablation6\ablation6_raw_results.csv,ARPSO-Global,15,F15,30,298096.15668445005,30,925.7841432279656,61154.530570333896,254020.5059865334,30,0.0,59654.530570333896,39950,30,969,1577,281407,30,7284,11011,2888.9482095241547,30,91.29638528823853,108.98868060112,9000000,30,300000,300000,9936.538556148334,8467.350199551112,1331.6666666666667,9380.233333333334,96.29827365080516,300000.0
results\cec2017_ablation6\ablation6_raw_results.csv,ARPSO-Global,16,F16,30,88006.77799350527,30,1748.5080009434785,9231.770650823477,40006.77799350527,30,148.50800094347846,7631.770650823475,38416,30,1126,1430,261370,30,7593,9850,9209.991238832474,30,297.54813861846924,319.405618429184,9000000,30,300000,300000,2933.5592664501755,1333.5592664501755,1280.5333333333333,8712.333333333334,306.99970796108244,300000.0
results\cec2017_ablation6\ablation6_raw_results.csv,ARPSO-Global,17,F17,30,1193039.5718656667,30,11606.45446608525,88929.54145227562,1142039.5718656667,30,9906.45446608525,87229.54145227562,31864,30,901,1221,193700,30,5558,7457,1330.2598638534546,30,34.529381275177,62.51874041557312,9000000,30,300000,300000,39767.98572885556,38067.98572885556,1062.1333333333334,6456.666666666667,44.34199546178182,300000.0
results\cec2017_ablation6\ablation6_raw_results.csv,ARPSO-Global,18,F18,30,2538334.3698062785,30,14091.977081966828,255700.4736944756,2484334.3698062785,30,12291.977081966828,253900.4736944756,40777,30,1211,1447,273880,30,8336,9752,5123.973540306091,30,165.24528217315674,186.38046312332156,9000000,30,300000,300000,84611.14566020928,82811.14566020928,1359.2333333333333,9129.333333333334,170.79911801020305,300000.0
results\cec2017_ablation6\ablation6_raw_results.csv,ARPSO-Global,19,F19,30,56302.859194425255,30,1475.3249170011638,2523.5714136741635,2624.120353589436,30,0.0,623.5714136741635,38166,30,1032,1481,238330,30,6112,9664,9101.66587972641,30,294.90235447883606,307.75479435920715,9000000,30,300000,300000,1876.7619731475086,87.4706784529812,1272.2,7944.333333333333,303.388862657547,300000.0
results\cec2017_ablation6\ablation6_raw_results.csv,ARPSO-Global,20,F20,30,76192.76288123605,30,2105.615645903281,3173.5198566584586,16192.762881236047,30,105.61564590328088,1173.5198566584586,55796,30,1750,1945,379155,30,12023,13349,1589.6942520141602,30,47.98702764511109,61.73515605926514,9000000,30,300000,300000,2539.7587627078683,539.7587627078682,1859.8666666666666,12638.5,52.98980840047201,300000.0
results\cec2017_ablation6\ablation6_raw_results.csv,ARPSO-Global,21,F21,30,-85778.46018708168,30,-6495.812766079422,393.1953797829904,0.0,30,0.0,0.0,40607,30,1214,1437,274187,30,8363,9907,2145.1345732212067,30,68.60964751243591,79.82984042167664,9000000,30,300000,300000,-2859.282006236056,0.0,1353.5666666666666,9139.566666666668,71.50448577404022,300000.0
results\cec2017_ablation6\ablation6_raw_results.csv,ARPSO-Global,22,F22,30,86290.6129067766,30,2400.000044815219,6026.0065095114005,20290.6129067766,30,200.0000448152191,3826.006509511401,55904,30,1668,1956,390593,30,11956,13500,2563.156580209732,30,80.98885869979858,101.60868310928343,9000000,30,300000,300000,2876.35376355922,676.35376355922,1863.4666666666667,13019.766666666666,85.43855267365774,300000.0
results\cec2017_ablation6\ablation6_raw_results.csv,ARPSO-Global,23,F23,30,75783.65625480207,30,2400.031114018681,2869.9830178869006,6783.656254802075,30,100.03111401868092,569.9830178869006,57434,30,1857,1962,410098,30,13267,14093,1908.721093416214,30,59.8924126625061,74.05268573760986,9000000,30,300000,300000,2526.121875160069,226.12187516006915,1914.4666666666667,13669.933333333332,63.62403644720713,300000.0
results\cec2017_ablation6\ablation6_raw_results.csv,ARPSO-Global,24,F24,30,85187.9970892574,30,2821.3488094369905,2936.6288760662387,13187.9970892574,30,421.3488094369905,536.6288760662387,48551,30,1558,1701,335624,30,10908,11500,2182.832437515259,30,70.32526302337646,77.59329915046692,9000000,30,300000,300000,2839.599902975247,439.59990297524666,1618.3666666666666,11187.466666666667,72.76108125050862,300000.0
results\cec2017_ablation6\ablation6_raw_results.csv,ARPSO-Global,25,F25,30,100597.83563761486,30,3327.159242702276,3377.6737307819067,25597.835637614866,30,827.1592427022756,877.6737307819067,55865,30,1793,1909,415377,30,13044,14606,9264.067563772202,30,301.2342507839203,328.5735580921173,9000000,30,300000,300000,3353.261187920495,853.2611879204956,1862.1666666666667,13845.9,308.80225212574004,300000.0
results\cec2017_ablation6\ablation6_raw_results.csv,ARPSO-Global,26,F26,30,93816.44126055422,30,3091.17149130083,3159.1542031025665,15816.441260554211,30,491.17149130083,559.1542031025665,53966,30,1594,1875,396668,30,11552,14397,9505.019991159439,30,311.03328943252563,336.252014875412,9000000,30,300000,300000,3127.2147086851405,527.2147086851404,1798.8666666666666,13222.266666666666,316.8339997053146,300000.0
results\cec2017_ablation6\ablation6_raw_results.csv,ARPSO-Global,27,F27,30,92887.5343960386,30,2700.0016242539164,3284.323720426421,11887.534396038602,30,0.0016242539163613,584.323720426421,47481,30,1484,1747,340457,30,10790,12082,8898.076068878174,30,293.5339078903198,308.84062242507935,9000000,30,300000,300000,3096.2511465346197,396.25114653462003,1582.7,11348.566666666668,296.60253562927244,300000.0
results\cec2017_ablation6\ablation6_raw_results.csv,ARPSO-Global,28,F28,30,4455298.040964378,30,8422.658462518939,996393.6461871054,4371298.040964378,30,5622.658462518939,993593.6461871054,41689,30,1241,1656,280856,30,8279,11231,13365.371286153793,30,434.628805398941,472.1073009967804,9000000,30,300000,300000,148509.9346988126,145709.9346988126,1389.6333333333334,9361.866666666667,445.51237620512643,300000.0
results\cec2017_ablation6\ablation6_raw_results.csv,ARPSO-Global,29,F29,30,4910861.151443488,30,31518.266215553507,889493.4003852136,4823861.151443488,30,28618.266215553507,886593.4003852136,41111,30,1260,1547,278941,30,8578,10588,7453.2926778793335,30,245.6613111495972,251.624537229538,9000000,30,300000,300000,163695.37171478293,160795.37171478293,1370.3666666666666,9298.033333333333,248.44308926264446,300000.0
results\cec2017_ablation6\ablation6_raw_results.csv,ARPSO-Local,1,F1,30,241624.79528690223,30,312.9374383737739,20941.76710091617,238624.79528690223,30,212.9374383737739,20841.76710091617,103012,30,3320,3523,1067013,30,34654,36367,224.1303675174713,30,6.678268671035767,8.632350206375122,9000000,30,300000,300000,8054.159842896741,7954.159842896741,3433.733333333333,35567.1,7.471012250582377,300000.0
results\cec2017_ablation6\ablation6_raw_results.csv,ARPSO-Local,3,F3,30,10213.342765897967,30,331.81209621592114,412.5422205077315,1213.3427658979674,30,31.812096215921144,112.54222050773149,109368,30,3510,3726,989625,30,31665,33998,442.6641526222229,30,12.395852088928224,22.88826036453247,9000000,30,300000,300000,340.4447588632656,40.444758863265584,3645.6,32987.5,14.755471754074097,300000.0
results\cec2017_ablation6\ablation6_raw_results.csv,ARPSO-Local,4,F4,30,16472.475499565753,30,469.6469623005943,610.9299111054524,4472.475499565754,30,69.64696230059428,210.92991110545245,103751,30,3397,3531,1045769,30,34327,35801,401.48899245262146,30,9.545531272888184,21.591867208480835,9000000,30,300000,300000,549.0825166521918,149.0825166521918,3458.366666666667,34858.96666666667,13.382966415087383,300000.0
results\cec2017_ablation6\ablation6_raw_results.csv,ARPSO-Local,5,F5,30,15000.002380788641,30,500.0000000130373,500.0006268620791,0.002380788640777703,30,1.3037322332820622e-08,0.0006268620790592,103826,30,3293,3710,939063,30,28625,34373,1771.7980382442474,30,54.43423962593079,63.79687690734863,9000000,30,300000,300000,500.00007935962134,7.935962135925677e-05,3460.866666666667,31302.1,59.05993460814158,300000.0
results\cec2017_ablation6\ablation6_raw_results.csv,ARPSO-Local,6,F6,30,23819.178456697042,30,707.8564159632415,959.3857948877,5819.178456697041,30,107.85641596324147,359.38579488770006,103086,30,3360,3547,1054679,30,34700,35787,562.780431509018,30,17.449831008911133,21.687695026397705,9000000,30,300000,300000,793.9726152232347,193.9726152232347,3436.2,35155.96666666667,18.759347716967266,300000.0
results\cec2017_ablation6\ablation6_raw_results.csv,ARPSO-Local,7,F7,30,26446.000000000007,30,782.0,1058.0,5446.000000000006,30,82.0,358.0,89607,30,2775,3250,971698,30,29708,36250,1145.690268754959,30,35.01907134056091,46.31082844734192,9000000,30,300000,300000,881.5333333333335,181.53333333333356,2986.9,32389.933333333334,38.1896756251653,300000.0
results\cec2017_ablation6\ablation6_raw_results.csv,ARPSO-Local,8,F8,30,24066.691246087947,30,800.0895282504255,806.5520395188738,66.69124608794698,30,0.0895282504254737,6.552039518873812,104801,30,3358,3685,896803,30,26441,32691,580.0833098888397,30,17.779337882995605,21.95881819725037,9000000,30,300000,300000,802.2230415362649,2.2230415362648994,3493.366666666667,29893.433333333334,19.336110329627992,300000.0
results\cec2017_ablation6\ablation6_raw_results.csv,ARPSO-Local,9,F9,30,-83295.24129295786,30,-5014.848952180422,-636.6269803317882,0.0,30,0.0,0.0,91977,30,2876,3489,1027183,30,31334,39750,1251.5544238090515,30,36.87027597427368,49.19655132293701,9000000,30,300000,300000,-2776.5080430985954,0.0,3065.9,34239.433333333334,41.71848079363505,300000.0
results\cec2017_ablation6\ablation6_raw_results.csv,ARPSO-Local,10,F10,30,594056.5289520009,30,2491.394984378844,92204.44310534302,564056.5289520009,30,1491.394984378844,91204.44310534302,98774,30,2806,3997,759375,30,22556,28565,790.1717984676361,30,24.696127891540527,29.27006864547729,9000000,30,300000,300000,19801.88429840003,18801.88429840003,3292.4666666666667,25312.5,26.339059948921204,300000.0
results\cec2017_ablation6\ablation6_raw_results.csv,ARPSO-Local,11,F11,30,43388452.52237054,30,16583.204286176646,8705328.143496891,43355452.52237054,30,15483.204286176646,8704228.143496891,110205,30,3450,3972,1124079,30,33699,41512,1354.382862329483,30,40.058457374572754,53.16445708274841,9000000,30,300000,300000,1446281.7507456846,1445181.7507456846,3673.5,37469.3,45.14609541098277,300000.0
results\cec2017_ablation6\ablation6_raw_results.csv,ARPSO-Local,12,F12,30,5535236.812066906,30,27715.9537464238,438495.6331008167,5499236.812066906,30,26515.9537464238,437295.6331008167,112639,30,3534,4241,1122701,30,34250,44200,886.5863025188446,30,27.367790699005127,35.24627733230591,9000000,30,300000,300000,184507.89373556353,183307.89373556353,3754.633333333333,37423.36666666667,29.552876750628155,300000.0
results\cec2017_ablation6\ablation6_raw_results.csv,ARPSO-Local,13,F13,30,3229519.3203972527,30,19315.16306118168,215670.42318176653,3190519.3203972527,30,18015.16306118168,214370.42318176653,97697,30,2675,3801,793682,30,22988,32132,1078.2078852653503,30,34.788414478302,40.21034812927246,9000000,30,300000,300000,107650.64401324176,106350.64401324176,3256.5666666666666,26456.066666666666,35.94026284217834,300000.0
results\cec2017_ablation6\ablation6_raw_results.csv,ARPSO-Local,14,F14,30,5164255.903321633,30,31011.34562917448,839829.5732424895,5122255.903321633,30,29611.34562917448,838429.5732424895,112732,30,3482,4126,1073762,30,32059,40549,928.9561593532562,30,27.793448448181152,34.78321933746338,9000000,30,300000,300000,172141.86344405444,170741.86344405444,3757.733333333333,35792.066666666666,30.965205311775208,300000.0
results\cec2017_ablation6\ablation6_raw_results.csv,ARPSO-Local,15,F15,30,151746.11925920044,30,1079.6713937048771,35238.02946395493,107226.68633023894,30,0.0,33738.02946395493,97829,30,1821,3941,888362,30,20150,34721,2906.440413713455,30,92.86635613441469,112.09836554527284,9000000,30,300000,300000,5058.203975306681,3574.2228776746315,3260.9666666666667,29612.066666666666,96.88134712378184,300000.0
results\cec2017_ablation6\ablation6_raw_results.csv,ARPSO-Local,16,F16,30,81527.36702663636,30,1650.9925508008075,3856.4301238762223,33527.367026636355,30,50.99255080080775,2256.4301238762223,104797,30,2736,4335,855277,30,22438,35475,10367.666144132614,30,302.37689542770386,390.87649297714233,9000000,30,300000,300000,2717.5789008878787,1117.5789008878785,3493.233333333333,28509.233333333334,345.58887147108715,300000.0
results\cec2017_ablation6\ablation6_raw_results.csv,ARPSO-Local,17,F17,30,1860117.4137584625,30,30755.88157791672,98816.5749493794,1809117.4137584625,30,29055.88157791672,97116.5749493794,100287,30,2611,3810,812352,30,22024,31644,1266.3850739002228,30,35.28881597518921,50.13375687599182,9000000,30,300000,300000,62003.91379194875,60303.91379194875,3342.9,27078.4,42.21283579667409,300000.0
results\cec2017_ablation6\ablation6_raw_results.csv,ARPSO-Local,18,F18,30,2950155.674837576,30,6802.789471589432,262827.6898025087,2896155.674837576,30,5002.789471589432,261027.68980250868,110685,30,3375,4058,896786,30,24963,34525,4972.390778303146,30,164.30256938934326,167.53607153892517,9000000,30,300000,300000,98338.52249458588,96538.52249458588,3689.5,29892.866666666665,165.74635927677156,300000.0
results\cec2017_ablation6\ablation6_raw_results.csv,ARPSO-Local,19,F19,30,58850.73764298542,30,1523.3365998831214,2839.957795690204,4145.770151963497,30,0.0,939.957795690204,98263,30,2734,3716,789059,30,20265,34086,9063.867054700851,30,295.29450368881226,320.19163393974304,9000000,30,300000,300000,1961.6912547661807,138.19233839878322,3275.4333333333334,26301.966666666667,302.12890182336173,300000.0
results\cec2017_ablation6\ablation6_raw_results.csv,ARPSO-Local,20,F20,30,68983.50030559195,30,2100.0000000000296,2450.99456912335,8983.500305591951,30,100.00000000002956,450.9945691233506,103224,30,3317,3588,1050935,30,34030,36817,1511.263842344284,30,47.568784952163696,53.88872528076172,9000000,30,300000,300000,2299.4500101863982,299.4500101863984,3440.8,35031.166666666664,50.37546141147614,300000.0
results\cec2017_ablation6\ablation6_raw_results.csv,ARPSO-Local,21,F21,30,-68746.26564722213,30,-5483.451339681928,384.2188295846036,0.0,30,0.0,0.0,105523,30,3169,3990,1174274,30,36800,42754,2178.171884536743,30,68.62922358512878,84.0851571559906,9000000,30,300000,300000,-2291.5421882407377,0.0,3517.4333333333334,39142.46666666667,72.60572948455811,300000.0
results\cec2017_ablation6\ablation6_raw_results.csv,ARPSO-Local,22,F22,30,75545.7539316791,30,2400.0000000000023,3376.471015202957,9545.753931679097,30,200.00000000000227,1176.4710152029566,100167,30,3239,3561,1127288,30,34386,39324,2616.1757683753967,30,81.88699316978455,106.02172875404358,9000000,30,300000,300000,2518.1917977226362,318.1917977226366,3338.9,37576.26666666667,87.20585894584656,300000.0
results\cec2017_ablation6\ablation6_raw_results.csv,ARPSO-Local,23,F23,30,75676.96680283763,30,2500.0000000000014,2741.917827989044,6676.966802837628,30,200.00000000000136,441.9178279890439,99285,30,3204,3484,1164327,30,36554,39952,1852.2299304008484,30,59.48207378387451,68.94623279571533,9000000,30,300000,300000,2522.565560094588,222.5655600945876,3309.5,38810.9,61.74099768002828,300000.0
results\cec2017_ablation6\ablation6_raw_results.csv,ARPSO-Local,24,F24,30,84748.77329772974,30,2821.0760927781066,2838.023396731138,12748.773297729742,30,421.0760927781066,438.0233967311378,109183,30,3564,3756,907569,30,29677,31009,2305.9862852096558,30,71.73072600364685,88.89863085746765,9000000,30,300000,300000,2824.959109924325,424.9591099243247,3639.4333333333334,30252.3,76.86620950698853,300000.0
results\cec2017_ablation6\ablation6_raw_results.csv,ARPSO-Local,25,F25,30,100075.17260495611,30,3326.1924144985587,3375.021435933304,25075.172604956104,30,826.1924144985587,875.0214359333036,146022,30,4630,4967,1509590,30,46367,53195,9305.12696814537,30,300.53055930137634,341.9278280735016,9000000,30,300000,300000,3335.83908683187,835.8390868318701,4867.4,50319.666666666664,310.170898938179,300000.0
results\cec2017_ablation6\ablation6_raw_results.csv,ARPSO-Local,26,F26,30,93359.6903353544,30,3070.3245132219245,3196.950964470323,15359.690335354397,30,470.32451322192446,596.950964470323,140298,30,4267,4888,1499268,30,42489,58170,9473.330909013748,30,312.2080602645874,334.72652792930603,9000000,30,300000,300000,3111.9896778451466,511.98967784514656,4676.6,49975.6,315.77769696712494,300000.0
results\cec2017_ablation6\ablation6_raw_results.csv,ARPSO-Local,27,F27,30,84279.01185487138,30,2700.0894296282568,3178.475265751195,3279.011854871378,30,0.0894296282567665,478.4752657511949,111295,30,3253,4022,1013464,30,31508,35700,9205.428015947342,30,296.0371153354645,327.3337173461914,9000000,30,300000,300000,2809.300395162379,109.30039516237927,3709.8333333333335,33782.13333333333,306.84760053157805,300000.0
results\cec2017_ablation6\ablation6_raw_results.csv,ARPSO-Local,28,F28,30,788751.4760909203,30,8081.0120578990545,94342.98358300068,704751.4760909203,30,5281.012057899055,91542.98358300068,112469,30,3260,4912,924664,30,25550,41480,13234.803581476212,30,437.7551560401917,445.6811509132385,9000000,30,300000,300000,26291.715869697342,23491.715869697342,3748.9666666666667,30822.133333333335,441.16011938254036,300000.0
results\cec2017_ablation6\ablation6_raw_results.csv,ARPSO-Local,29,F29,30,50528137.40852431,30,27919.475876897952,37533565.12625086,50441137.40852431,30,25019.475876897952,37530665.12625086,111011,30,3471,4202,923560,30,26340,38387,7643.082656383514,30,245.12384676933289,284.58701610565186,9000000,30,300000,300000,1684271.2469508103,1681371.2469508103,3700.366666666667,30785.333333333332,254.76942187945048,300000.0
results\cec2017_ablation6\ablation6_raw_results.csv,ARPSO-SRR,1,F1,30,273055.2740097683,30,159.9841622499082,20941.767374929917,270055.2740097683,30,59.9841622499082,20841.767374929917,77457,30,2519,2647,509195,30,16677,17257,215.33954071998596,30,6.601433992385864,7.889719724655151,9000000,30,300000,300000,9101.842466992277,9001.842466992277,2581.9,16973.166666666668,7.177984690666198,300000.0
results\cec2017_ablation6\ablation6_raw_results.csv,ARPSO-SRR,3,F3,30,10141.650136694196,30,331.81565565306875,400.08936157214737,1141.650136694196,30,31.815655653068745,100.08936157214735,67833,30,2184,2342,455290,30,14751,15452,512.4852979183197,30,12.809646844863892,28.01128911972046,9000000,30,300000,300000,338.0550045564732,38.0550045564732,2261.1,15176.333333333334,17.08284326394399,300000.0
results\cec2017_ablation6\ablation6_raw_results.csv,ARPSO-SRR,4,F4,30,16077.525626063776,30,472.6316848536899,609.9345055031013,4077.5256260637766,30,72.63168485368988,209.9345055031013,73302,30,2367,2502,483273,30,15804,16523,305.50164222717285,30,9.37885594367981,11.899562120437622,9000000,30,300000,300000,535.9175208687925,135.91752086879256,2443.4,16109.1,10.183388074239096,300000.0
results\cec2017_ablation6\ablation6_raw_results.csv,ARPSO-SRR,5,F5,30,15000.003239978185,30,500.00000001028303,500.0009690275045,0.0032399781846373897,30,1.028303131533903e-08,0.0009690275045386,72920,30,2208,2786,487862,30,14654,18406,1907.1253130435944,30,56.88592576980591,71.15535521507263,9000000,30,300000,300000,500.0001079992728,0.00010799927282124633,2430.6666666666665,16262.066666666668,63.570843768119815,300000.0
results\cec2017_ablation6\ablation6_raw_results.csv,ARPSO-SRR,6,F6,30,24724.89712408443,30,718.6319065429504,972.1427726181566,6724.89712408443,30,118.63190654295045,372.14277261815664,71159,30,2325,2432,473465,30,15575,16058,649.1493365764618,30,19.345893383026123,24.211530685424805,9000000,30,300000,300000,824.163237469481,224.163237469481,2371.9666666666667,15782.166666666666,21.638311219215392,300000.0
results\cec2017_ablation6\ablation6_raw_results.csv,ARPSO-SRR,7,F7,30,26212.0,30,820.0,984.0,5212.0,30,120.0,284.0,72617,30,2127,2633,533045,30,15470,19513,1101.3926775455475,30,34.93742513656616,38.284244775772095,9000000,30,300000,300000,873.7333333333333,173.73333333333332,2420.5666666666666,17768.166666666668,36.71308925151825,300000.0
results\cec2017_ablation6\ablation6_raw_results.csv,ARPSO-SRR,8,F8,30,24076.49839962752,30,800.0895282510189,806.100287224757,76.49839962751776,30,0.089528251018919,6.100287224757039,75985,30,2379,2689,499245,30,15823,17373,628.8899900913239,30,18.357553958892822,24.88550448417664,9000000,30,300000,300000,802.5499466542507,2.5499466542505917,2532.8333333333335,16641.5,20.962999669710793,300000.0
results\cec2017_ablation6\ablation6_raw_results.csv,ARPSO-SRR,9,F9,30,-86990.41678230933,30,-4865.285337289424,1195.1433414232945,295.14334142329426,30,0.0,295.14334142329426,72065,30,2108,2636,505546,30,14291,19141,1342.252412557602,30,36.58299541473389,54.139556646347046,9000000,30,300000,300000,-2899.680559410311,9.838111380776475,2402.1666666666665,16851.533333333333,44.7417470852534,300000.0
results\cec2017_ablation6\ablation6_raw_results.csv,ARPSO-SRR,10,F10,30,770546.5761684643,30,3377.251372826342,94279.6107027847,740546.5761684643,30,2377.251372826342,93279.6107027847,56498,30,1684,2155,358234,30,10847,13958,804.8165769577026,30,24.670327186584476,32.04781794548035,9000000,30,300000,300000,25684.885872282142,24684.885872282142,1883.2666666666667,11941.133333333333,26.827219231923422,300000.0
results\cec2017_ablation6\ablation6_raw_results.csv,ARPSO-SRR,11,F11,30,111392697.62846619,30,35746.38511374403,19732674.68251668,111359697.62846619,30,34646.38511374403,19731574.68251668,66970,30,2099,2356,460324,30,14550,16200,1354.8362181186676,30,41.654200077056885,50.71843528747559,9000000,30,300000,300000,3713089.920948873,3711989.920948873,2232.3333333333335,15344.133333333333,45.161207270622256,300000.0
results\cec2017_ablation6\ablation6_raw_results.csv,ARPSO-SRR,12,F12,30,7055440.562544952,30,8700.216300142176,627387.9091140908,7019440.562544952,30,7500.216300142176,626187.9091140908,66799,30,2082,2384,457105,30,14470,16393,858.0554006099701,30,26.914750814437863,32.40525150299072,9000000,30,300000,300000,235181.35208483174,233981.35208483174,2226.633333333333,15236.833333333334,28.601846686999004,300000.0
results\cec2017_ablation6\ablation6_raw_results.csv,ARPSO-SRR,13,F13,30,3209993.668135919,30,2010.43753596612,342803.51956220414,3170993.6681359196,30,710.4375359661196,341503.51956220414,48598,30,1343,1810,290898,30,8177,10801,1129.353001832962,30,34.550575733184814,43.741814613342285,9000000,30,300000,300000,106999.78893786397,105699.78893786398,1619.9333333333334,9696.6,37.64510006109874,300000.0
results\cec2017_ablation6\ablation6_raw_results.csv,ARPSO-SRR,14,F14,30,3346403.2876589736,30,21695.154568674025,499220.4595842692,3304403.2876589736,30,20295.154568674025,497820.4595842692,65794,30,2113,2333,442113,30,14050,15931,867.70756316185,30,27.5526180267334,32.22898840904236,9000000,30,300000,300000,111546.77625529912,110146.77625529912,2193.133333333333,14737.1,28.92358543872833,300000.0
results\cec2017_ablation6\ablation6_raw_results.csv,ARPSO-SRR,15,F15,30,145623.9044510151,30,1253.5477081452354,14219.806434002783,100938.01903950592,30,0.0,12719.806434002783,54128,30,1160,2163,364714,30,8294,14250,2825.4487726688385,30,92.5517783164978,98.64192366600037,9000000,30,300000,300000,4854.1301483671705,3364.600634650197,1804.2666666666667,12157.133333333333,94.18162575562795,300000.0
results\cec2017_ablation6\ablation6_raw_results.csv,ARPSO-SRR,16,F16,30,80044.12616640066,30,1575.3827803656711,4673.177134743239,32068.743386034996,30,0.0,3073.177134743238,55404,30,1536,2290,362062,30,10222,15150,10433.5698928833,30,318.2906291484833,369.6164333820343,9000000,30,300000,300000,2668.137538880022,1068.9581128678333,1846.8,12068.733333333334,347.78566309611,300000.0
results\cec2017_ablation6\ablation6_raw_results.csv,ARPSO-SRR,17,F17,30,1671037.2155051592,30,13594.905212347472,110665.99078708788,1620037.2155051592,30,11894.905212347472,108965.99078708788,51177,30,1289,1917,312957,30,8123,11710,1284.0355401039124,30,35.69491791725159,50.22334718704224,9000000,30,300000,300000,55701.24051683864,54001.24051683864,1705.9,10431.9,42.80118467013041,300000.0
results\cec2017_ablation6\ablation6_raw_results.csv,ARPSO-SRR,18,F18,30,2531447.6373891337,30,1955.0536023802883,213937.2273197008,2477447.6373891337,30,155.05360238028834,212137.2273197008,59866,30,1791,2213,386809,30,11712,14200,5041.78241109848,30,163.51112985610962,185.2372395992279,9000000,30,300000,300000,84381.58791297112,82581.58791297112,1995.5333333333333,12893.633333333333,168.05941370328267,300000.0
results\cec2017_ablation6\ablation6_raw_results.csv,ARPSO-SRR,19,F19,30,56029.69594119229,30,1461.7013802533577,2653.9560934067663,2147.584623138717,30,0.0,753.9560934067663,57802,30,1652,2365,361820,30,10114,15097,9015.383638620377,30,292.597264289856,314.1703131198883,9000000,30,300000,300000,1867.6565313730762,71.58615410462389,1926.7333333333333,12060.666666666666,300.51278795401254,300000.0
results\cec2017_ablation6\ablation6_raw_results.csv,ARPSO-SRR,20,F20,30,70520.87468036484,30,2100.000114586162,3172.73121492202,10520.874680364832,30,100.000114586162,1172.7312149220202,76284,30,2477,2626,499231,30,16310,17047,1557.2544412612915,30,47.79755926132202,60.79280090332031,9000000,30,300000,300000,2350.695822678828,350.6958226788277,2542.8,16641.033333333333,51.90848137537638,300000.0
results\cec2017_ablation6\ablation6_raw_results.csv,ARPSO-SRR,21,F21,30,-72804.81536737682,30,-5924.288156592345,1618.3471073360936,0.0,30,0.0,0.0,63447,30,1970,2405,436683,30,13441,16848,2211.285598754883,30,69.30416917800903,86.62687397003174,9000000,30,300000,300000,-2426.8271789125606,0.0,2114.9,14556.1,73.70951995849609,300000.0
results\cec2017_ablation6\ablation6_raw_results.csv,ARPSO-SRR,22,F22,30,73784.68486689297,30,2300.000138017616,3121.0952805623947,7784.684866892974,30,100.00013801761588,921.0952805623948,74306,30,2282,2566,492535,30,15389,16862,2484.3320801258087,30,80.85705852508545,86.63470697402954,9000000,30,300000,300000,2459.4894955630994,259.4894955630991,2476.866666666667,16417.833333333332,82.81106933752696,300000.0
results\cec2017_ablation6\ablation6_raw_results.csv,ARPSO-SRR,23,F23,30,75308.7079990688,30,2400.000088290497,2766.783788373884,6308.707999068813,30,100.00008829049692,466.7837883738839,76772,30,2471,2622,506906,30,16438,17216,1950.793370962143,30,60.264479875564575,74.78287601470947,9000000,30,300000,300000,2510.2902666356267,210.2902666356271,2559.0666666666666,16896.866666666665,65.0264456987381,300000.0
results\cec2017_ablation6\ablation6_raw_results.csv,ARPSO-SRR,24,F24,30,84963.36350447142,30,2821.219995889286,2953.634046846445,12963.363504471416,30,421.2199958892861,553.6340468464455,68354,30,2197,2349,456525,30,14723,15515,2215.151246547699,30,70.96007752418518,80.46588158607483,9000000,30,300000,300000,2832.1121168157138,432.1121168157139,2278.4666666666667,15217.5,73.8383748849233,300000.0
results\cec2017_ablation6\ablation6_raw_results.csv,ARPSO-SRR,25,F25,30,100210.54363648678,30,3326.7780840416453,3375.038106387188,25210.543636486782,30,826.7780840416453,875.0381063871873,79961,30,2520,2777,553463,30,17250,19674,9142.653272867203,30,302.2580707073212,308.8931005001068,9000000,30,300000,300000,3340.351454549559,840.3514545495594,2665.366666666667,18448.766666666666,304.7551090955734,300000.0
results\cec2017_ablation6\ablation6_raw_results.csv,ARPSO-SRR,26,F26,30,94074.85691967161,30,3076.527644064249,3242.343245634549,16074.856919671609,30,476.5276440642492,642.3432456345486,79553,30,2462,2791,556042,30,17034,19989,9611.891357183456,30,312.1192407608032,349.2828423976898,9000000,30,300000,300000,3135.8285639890537,535.8285639890536,2651.766666666667,18534.733333333334,320.3963785727819,300000.0
results\cec2017_ablation6\ablation6_raw_results.csv,ARPSO-SRR,27,F27,30,87339.48356954053,30,2715.656532361176,3215.396623984177,6339.483569540536,30,15.656532361175325,515.396623984177,69290,30,2156,2510,458853,30,14388,16227,8917.676709651947,30,295.13292813301086,299.58706188201904,9000000,30,300000,300000,2911.3161189846846,211.31611898468455,2309.6666666666665,15295.1,297.25589032173156,300000.0
results\cec2017_ablation6\ablation6_raw_results.csv,ARPSO-SRR,28,F28,30,830686.794615384,30,5568.9814878819225,117632.57750476769,746686.794615384,30,2768.9814878819225,114832.57750476769,58808,30,1731,2386,377337,30,11180,15482,13493.342001914978,30,440.52172684669495,476.0009903907776,9000000,30,300000,300000,27689.559820512797,24889.559820512797,1960.2666666666667,12577.9,449.7780667304993,300000.0
results\cec2017_ablation6\ablation6_raw_results.csv,ARPSO-SRR,29,F29,30,16865374.398700483,30,14454.973251004269,7323233.761771696,16778374.398700483,30,11554.973251004269,7320333.761771696,59919,30,1845,2156,390278,30,12098,14551,7615.368052244186,30,245.9736409187317,273.7874855995178,9000000,30,300000,300000,562179.1466233494,559279.1466233494,1997.3,13009.266666666666,253.84560174147288,300000.0
results\cec2017_ablation6\ablation6_raw_results.csv,PSO-RS,1,F1,30,242093546.91476712,30,149.15099504164195,241848262.53513396,242090546.91476712,30,49.15099504164195,241848162.53513396,49606,30,1618,1690,310969,30,10200,10577,204.25845742225647,30,5.886143445968628,8.270376920700073,9000000,30,300000,300000,8069784.897158904,8069684.897158904,1653.5333333333333,10365.633333333333,6.808615247408549,300000.0
results\cec2017_ablation6\ablation6_raw_results.csv,PSO-RS,3,F3,30,10791.949084126763,30,332.41446206028303,504.43613574051415,1791.9490841267634,30,32.41446206028303,204.43613574051412,44451,30,1434,1573,302908,30,9795,10343,389.09487223625183,30,11.697059154510498,15.350366592407228,9000000,30,300000,300000,359.7316361375588,59.73163613755878,1481.7,10096.933333333332,12.969829074541728,300000.0
results\cec2017_ablation6\ablation6_raw_results.csv,PSO-RS,4,F4,30,17485.70702374849,30,503.2525429451893,1078.8225022751344,5485.707023748492,30,103.25254294518923,678.8225022751344,48049,30,1565,1643,302751,30,9918,10299,292.6897933483124,30,9.14986801147461,11.201281070709229,9000000,30,300000,300000,582.8569007916163,182.8569007916164,1601.6333333333334,10091.7,9.756326444943745,300000.0
results\cec2017_ablation6\ablation6_raw_results.csv,PSO-RS,5,F5,30,15000.001084589936,30,500.0000001245164,500.0001665921261,0.0010845899353737255,30,1.245163616658829e-07,0.0001665921260496,31162,30,684,1262,182835,30,3751,7612,1717.6661734580994,30,52.22163391113281,65.33157086372375,9000000,30,300000,300000,500.0000361529979,3.615299784579085e-05,1038.7333333333333,6094.5,57.255539115269976,300000.0
results\cec2017_ablation6\ablation6_raw_results.csv,PSO-RS,6,F6,30,41950.85624681545,30,756.8018155873274,16769.181886081544,23950.85624681545,30,156.80181558732738,16169.181886081544,46460,30,1496,1618,301742,30,9837,10262,669.0988931655884,30,17.070996522903442,31.946508407592773,9000000,30,300000,300000,1398.3618748938484,798.3618748938483,1548.6666666666667,10058.066666666668,22.303296438852946,300000.0
results\cec2017_ablation6\ablation6_raw_results.csv,PSO-RS,7,F7,30,26499.53807580861,30,796.0000000064415,1002.0000000223226,5499.538075808609,30,96.0000000064415,302.00000002232264,28953,30,882,1056,169026,30,5107,6081,1302.8685235977173,30,39.57165026664734,48.810038805007935,9000000,30,300000,300000,883.317935860287,183.31793586028698,965.1,5634.2,43.428950786590576,300000.0
results\cec2017_ablation6\ablation6_raw_results.csv,PSO-RS,8,F8,30,24077.05438832488,30,800.0000042343073,809.6023498379556,77.05438832487982,30,4.234307311890007e-06,9.602349837955558,46431,30,1273,1655,287539,30,8012,10231,576.3791809082031,30,17.68050456047058,22.919055461883545,9000000,30,300000,300000,802.5684796108293,2.5684796108293275,1547.7,9584.633333333333,19.212639363606772,300000.0
results\cec2017_ablation6\ablation6_raw_results.csv,PSO-RS,9,F9,30,-86579.85706885076,30,-5494.56316033686,-1178.6323431669953,0.0,30,0.0,0.0,9262,30,198,399,53803,30,1184,2259,1270.847894668579,30,37.75446820259094,49.59160923957825,9000000,30,300000,300000,-2885.995235628359,0.0,308.73333333333335,1793.4333333333334,42.361596488952635,300000.0
results\cec2017_ablation6\ablation6_raw_results.csv,PSO-RS,10,F10,30,1062869.037343787,30,3153.9805116409207,94812.31939544776,1032869.0373437869,30,2153.9805116409207,93812.31939544776,35944,30,986,1369,227964,30,6512,8972,807.0651698112488,30,24.60998272895813,32.35528755187988,9000000,30,300000,300000,35428.96791145957,34428.967911459564,1198.1333333333334,7598.8,26.902172327041626,300000.0
results\cec2017_ablation6\ablation6_raw_results.csv,PSO-RS,11,F11,30,95105800.24034192,30,87219.27375877652,24866533.914585203,95072800.24034192,30,86119.27375877652,24865433.914585203,41949,30,1344,1473,294513,30,9413,10426,1403.1098272800446,30,44.90898895263672,51.69756460189819,9000000,30,300000,300000,3170193.3413447305,3169093.3413447305,1398.3,9817.1,46.770327576001485,300000.0
results\cec2017_ablation6\ablation6_raw_results.csv,PSO-RS,12,F12,30,13123661.036304662,30,50653.07299708576,2680501.1962289056,13087661.036304662,30,49453.07299708576,2679301.1962289056,42747,30,1360,1495,296643,30,9350,10378,888.6410858631134,30,26.95856809616089,34.10323429107666,9000000,30,300000,300000,437455.36787682207,436255.36787682207,1424.9,9888.1,29.621369528770447,300000.0
results\cec2017_ablation6\ablation6_raw_results.csv,PSO-RS,13,F13,30,2642077.5482353116,30,4110.922064736279,243117.61527867,2603077.5482353116,30,2810.922064736279,241817.61527867,21814,30,631,864,122934,30,3537,4924,1063.925613641739,30,33.986520767211914,40.718810081481934,9000000,30,300000,300000,88069.25160784372,86769.25160784372,727.1333333333333,4097.8,35.4641871213913,300000.0
results\cec2017_ablation6\ablation6_raw_results.csv,PSO-RS,14,F14,30,5163086.686977351,30,28303.79356183727,1397815.2768177288,5121086.686977351,30,26903.79356183727,1396415.2768177288,42085,30,1320,1501,284139,30,8929,10276,890.8065137863159,30,27.362067461013797,34.11613631248474,9000000,30,300000,300000,172102.8895659117,170702.8895659117,1402.8333333333333,9471.3,29.693550459543864,300000.0
results\cec2017_ablation6\ablation6_raw_results.csv,PSO-RS,15,F15,30,382013.45378841535,30,1136.9445442163342,85643.33482196464,337591.3200179224,30,0.0,84143.33482196464,34739,30,751,1524,239436,30,5341,10432,2894.166660308838,30,92.33730340003969,109.83326077461244,9000000,30,300000,300000,12733.781792947178,11253.044000597412,1157.9666666666667,7981.2,96.4722220102946,300000.0
results\cec2017_ablation6\ablation6_raw_results.csv,PSO-RS,16,F16,30,86517.16564596306,30,1691.5805513771272,4501.540220006437,38517.16564596307,30,91.58055137712722,2901.5402200064373,36222,30,292,1582,247396,30,2252,10986,9020.490577936172,30,295.4216470718384,305.34976172447205,9000000,30,300000,300000,2883.905521532102,1283.9055215321023,1207.4,8246.533333333333,300.6830192645391,300000.0
results\cec2017_ablation6\ablation6_raw_results.csv,PSO-RS,17,F17,30,1380981.0188475163,30,19618.411098553104,116009.41441573876,1329981.0188475163,30,17918.411098553104,114309.41441573876,25105,30,703,1011,146619,30,4072,5842,1269.9956467151642,30,36.316150188446045,53.15043497085571,9000000,30,300000,300000,46032.70062825054,44332.70062825054,836.8333333333334,4887.3,42.3331882238388,300000.0
results\cec2017_ablation6\ablation6_raw_results.csv,PSO-RS,18,F18,30,2731062.7970385402,30,3171.850179694733,258915.8658407556,2677062.7970385402,30,1371.850179694733,257115.8658407556,39799,30,1215,1442,262405,30,8125,9459,5035.758210659027,30,162.46693563461304,187.07787823677063,9000000,30,300000,300000,91035.42656795135,89235.42656795135,1326.6333333333334,8746.833333333334,167.85860702196757,300000.0
results\cec2017_ablation6\ablation6_raw_results.csv,PSO-RS,19,F19,30,60442.74014901886,30,1527.9156976758663,3162.794048279768,5164.933964000726,30,0.0,1262.7940482797676,33543,30,753,1336,197986,30,4093,8096,9165.34484219551,30,301.7724759578705,315.5809087753296,9000000,30,300000,300000,2014.7580049672952,172.16446546669084,1118.1,6599.533333333334,305.5114947398504,300000.0
results\cec2017_ablation6\ablation6_raw_results.csv,PSO-RS,20,F20,30,70657.41360702507,30,2100.6011186692303,2689.046457139045,10657.41360702506,30,100.60111866923036,689.0464571390448,49581,30,1581,1720,310293,30,9988,11032,1506.5166375637054,30,46.041834592819214,59.47905516624451,9000000,30,300000,300000,2355.247120234169,355.2471202341687,1652.7,10343.1,50.217221252123515,300000.0
results\cec2017_ablation6\ablation6_raw_results.csv,PSO-RS,21,F21,30,-78006.1093229902,30,-5777.696818263051,1109.1755844116003,0.0,30,0.0,0.0,33197,30,421,1323,198988,30,2510,8462,2132.2284877300262,30,69.06320929527283,77.16786599159241,9000000,30,300000,300000,-2600.2036440996735,0.0,1106.5666666666666,6632.933333333333,71.07428292433421,300000.0
results\cec2017_ablation6\ablation6_raw_results.csv,PSO-RS,22,F22,30,75288.90164212145,30,2400.686225171684,3361.272272524876,9288.901642121446,30,200.68622517168387,1161.272272524876,48995,30,1432,1732,313338,30,9724,10970,2598.245316505432,30,81.25320291519165,100.7241702079773,9000000,30,300000,300000,2509.6300547373817,309.6300547373815,1633.1666666666667,10444.6,86.60817721684774,300000.0
results\cec2017_ablation6\ablation6_raw_results.csv,PSO-RS,23,F23,30,77070.19339577523,30,2500.2927529796675,2853.30418760412,8070.19339577524,30,200.2927529796675,553.3041876041198,49280,30,1603,1689,310347,30,10098,10599,1850.6607794761658,30,59.65234422683716,69.00956654548645,9000000,30,300000,300000,2569.006446525841,269.00644652584134,1642.6666666666667,10344.9,61.68869264920553,300000.0
results\cec2017_ablation6\ablation6_raw_results.csv,PSO-RS,24,F24,30,85033.01475015195,30,2821.4078069800926,2933.726378891846,13033.014750151948,30,421.4078069800926,533.7263788918458,43525,30,1416,1517,290843,30,9498,10000,2262.103290081024,30,70.7876365184784,85.6097960472107,9000000,30,300000,300000,2834.433825005065,434.43382500506493,1450.8333333333333,9694.766666666666,75.40344300270081,300000.0
results\cec2017_ablation6\ablation6_raw_results.csv,PSO-RS,25,F25,30,100331.197900858,30,3250.2204602310835,3375.9326475081025,25331.197900857987,30,750.2204602310835,875.9326475081025,53862,30,1433,1871,389145,30,9925,14106,9255.546570777893,30,300.9201467037201,330.6677825450897,9000000,30,300000,300000,3344.3732633619334,844.3732633619329,1795.4,12971.5,308.5182190259298,300000.0
results\cec2017_ablation6\ablation6_raw_results.csv,PSO-RS,26,F26,30,94280.9268623147,30,3086.8784647391585,3255.101852501326,16280.926862314709,30,486.8784647391585,655.101852501326,51476,30,1498,1801,366601,30,10246,13491,9382.409442186356,30,309.9511501789093,317.7147696018219,9000000,30,300000,300000,3142.697562077157,542.6975620771569,1715.8666666666666,12220.033333333333,312.74698140621183,300000.0
results\cec2017_ablation6\ablation6_raw_results.csv,PSO-RS,27,F27,30,92728.10700065602,30,2700.0939086243684,3238.657692970834,11728.107000656015,30,0.0939086243683959,538.657692970834,44341,30,1395,1605,304581,30,9762,11025,9005.361599445343,30,291.9258596897125,324.63331270217896,9000000,30,300000,300000,3090.936900021867,390.9369000218672,1478.0333333333333,10152.7,300.17871998151145,300000.0
results\cec2017_ablation6\ablation6_raw_results.csv,PSO-RS,28,F28,30,1856042.8450837927,30,8438.66519591451,418770.0883109949,1772042.8450837927,30,5638.665195914509,415970.0883109949,39729,30,1087,1566,263756,30,7159,10760,13258.540170431137,30,433.0058002471924,475.82332611083984,9000000,30,300000,300000,61868.09483612642,59068.09483612642,1324.3,8791.866666666667,441.95133901437123,300000.0
results\cec2017_ablation6\ablation6_raw_results.csv,PSO-RS,29,F29,30,25577029.273486163,30,10889.912694566803,13521145.737408206,25490029.273486163,30,7989.912694566803,13518245.737408206,40573,30,1218,1482,272706,30,8042,10303,7433.705978870392,30,244.4959077835083,251.48426032066345,9000000,30,300000,300000,852567.6424495388,849667.6424495388,1352.4333333333334,9090.2,247.79019929567974,300000.0
